Probe Name,sample01,sample02,sample03,sample04,sample05,sample06,sample07,sample08,sample09,sample10,sample11,sample12,sample13,sample14,sample15,sample16,sample17,sample18,sample19,sample20,sample21,sample22,sample23,sample24,sample25,sample26,sample27,sample28,sample29
ABCB1,20,20,20,20,20,20,20,20,20,20,20,20,20,20,20,20,20,20,20,20,20,20,20,20,20,20,20,20,20
ABL1,20,20,20,20,20,20,20,20,20,20,20,20,20,20,20,20,20,20,20,20,20,20,20,20,20,20,20,20,20
ADA,20,20,20,20,20,20,20,20,20,20,20,20,20,20,20,20,20,20,20,20,20,20,20,20,20,27.32,25.81,20,48.85
AGER,20,20,20,20,20,20,20,20,20,20,20,20,20,20,20,20,20,20,20,20,20,20,20,20,20,28.17,20,20,20
AHR,41.01,20,20,20,47.26,20,20,33.88,20,20,30.27,20,20,20,30.33,20,20,30.45,20,20.47,20,20,26.91,27.27,20,117.81,41.29,20,39.74
AICDA,20,20,20,20,20,20,20,20,20,20,20,20,20,20,20,20,20,20,20,20,20,20,20,20,20,20,20,20,20
AIRE,20,20,20,20,20,20,20,20,20,20,20,20,20,20,20,20,20,20,20,20,20,20,20,20,20,20,20,20,20
AKT3,784.83,666.59,418.29,446.97,511.15,642.6,761.1,717.99,732.88,510.01,847.52,731.77,551.27,675.33,833.77,844,844.49,413.33,635.76,465.61,658.7,589.95,593.44,515.73,601.62,3834.72,3370.37,2721.62,2036.82
ALOX12,20,20,20,20,20,20,37.7,20,20,20,20,20,20,20,20,20,20,20,20,20,20,20,20,20,20,20,20.65,20,20
ALOX15,27.96,20,57.64,64.01,20,20,20,57.01,45.9,40.48,26.91,20,20,30.47,66.23,20,34.99,55.36,87.1,33.26,49.64,20,25.49,28.45,34.44,34.15,36.13,20,27.32
ALOX5,20,20,20,24.54,34.14,20,20,27.97,20,39.32,20,20,20,20,20,20,20,23.07,20,20,20,20,20,20,20,46.95,25.81,20,23.18
ANP32B,104.4,113.66,97.16,99.21,113.78,101.9,96.93,98.42,72.81,76.33,98.65,68.37,106.27,122.51,92.85,95.73,81.11,107.02,74.09,113.2,107.77,20,101.97,109.07,95.29,189.52,253.77,181.06,314.63
APOE,20,32.25,20,20,20,20,20,20,20,20,20,20,24.35,20,20,20,20,20,20,20,20,20,20,20,20,21.34,20.65,100.59,22.36
APP,65.25,90.62,90.58,73.61,100.66,133.1,129.24,89.82,101.3,145.72,66.14,53.17,87.45,67.04,56.33,42.98,85.88,69.2,77.09,97.22,69.02,20,82.85,110.26,78.07,254.4,200.43,137.95,186.29
AREG,20,20,20,20,20,20,20,20,20,20,20,20,20,20,20,20,20,20,20,20,20,20,20,20,20,20,20,20,20
ARG1,20,20,20,20,20,20,20,20,20,20,20,20,20,20,20,20,20,20,20,20,20,20,20,20,20,20,20,20,20
ARG2,151,173.56,133.39,108.81,473.52,486.63,470.3,280.2,240.6,316.88,142.37,44.31,45.39,27.43,116.99,113.31,201.98,246.34,106.13,134.31,36.93,20,56.65,279.8,58.55,549.77,84.3,146.57,117.57
ARHGDIB,878.04,720.34,867.88,826.74,1194.74,935.83,1229.6,800.28,683.81,814.17,535.87,546.93,781.51,793.57,544.7,367.3,607.53,783.29,492.59,823.77,739.23,771.47,655.75,763.52,667.06,1413.69,1589.7,1126.58,1877.02
ATF2,74.57,59.9,55.99,50.14,56.89,81.11,53.85,65.08,52.24,43.95,52.69,46.84,46.49,51.2,48.9,44.94,74.75,56.28,35.04,53.72,43.59,20,54.53,43.87,62,159.64,142.8,126.45,130.82
ATG10,24.23,20,20,20,34.14,20,20,34.96,20,27.76,23.54,20,24.35,21.94,20,20,20,24.91,20,20,20,20,20,20,20,67.44,43.87,60.35,60.44
ATG12,58.72,101.37,62.58,61.87,37.64,72.79,73.6,41.41,56.98,61.29,39.24,49.38,54.24,54.25,44.57,42.98,55.66,43.36,47.06,53.72,52.07,20,72.23,81.81,44.78,134.03,176.35,189.68,185.47
ATG16L1,20,20,20,20,20,20,20,20,20,20,20,20,20,20,20,20,20,20,20,20,20,20,20,20,20,20,20,20,22.36
ATG5,56.86,84.48,74.11,61.87,54.27,74.87,80.78,53.78,68.06,47.42,56.05,72.16,48.71,41.45,59.42,52.75,65.21,32.29,59.07,53.72,38.75,20,59.49,68.76,51.67,104.15,112.69,129.33,115.92
ATG7,24.23,20,20,20,21.01,60.31,77.19,21.51,36.41,31.23,20,20,20,20,20,20,36.58,20,20.02,23.02,20,20,25.49,48.61,20,105.86,73.12,20,45.54
ATM,96.01,61.44,46.11,53.34,119.04,58.23,46.67,97.35,55.4,28.91,82.96,63.3,84.13,82.28,72.42,41.03,50.89,100.56,50.06,58.84,110.19,20,64.44,41.5,67.74,121.22,152.26,106.34,133.3
B2M,12253.42,24155.26,18325.91,12145.02,17970.93,33708.55,52264.5,10797.28,24433.45,26651.41,7757.71,11050.01,12349.24,7776,11717.9,18378.46,23488.35,10749.28,17744.2,16007.87,8217.46,7934.05,13539.25,25472.41,10301.02,37089.74,26545.75,35662.66,28822.61
B3GAT1,20,20,20,20,20,20,20,20,20,20,20,20,20,20,20,20,20,20,20,20,20,20,20,20,20,20,20,20,20
BAD,20,20,20,20,20,20,20,20,20,20,20,20,20,20,20,20,20,20,20,20,20,20,20,20,20,20,20,20,28.15
BATF,20,20,20,20,28.01,41.59,80.78,20,20,41.63,20,20,20,20,20,20,57.25,20,20,20.47,20,20,20,29.64,20,58.05,62.8,83.34,55.47
BATF3,20,20,20,20,20,43.67,46.67,20,34.82,20,20,20,20,20,20,20,20,20,20,20,20,20,20,20,20,20,20,20,20
BAX,109.06,122.87,125.16,114.14,236.32,216.28,224.38,190.93,148.79,253.27,95.29,67.1,90.77,78.63,86.66,74.24,119.28,121.78,87.1,141.99,95.05,20,129.59,182.58,99.89,232.2,192.69,209.8,263.3
BCAP31,42.88,50.69,49.4,44.8,87.53,93.58,68.21,69.38,64.9,67.08,40.36,34.18,39.85,43.27,34.04,20,50.89,82.11,47.06,39.01,39.96,20,36.82,47.42,48.22,116.95,134.2,120.71,129.99
BCL10,107.19,105.98,62.58,61.87,20,20,20,20,20,20,20,20,20,20,20,20,20,20,20,20,20,20,20,20,20,64.03,40.43,60.35,61.27
BCL2,44.74,49.15,55.99,29.87,33.26,54.07,48.47,40.87,34.82,37.01,41.48,43.05,66.42,43.88,48.28,44.94,47.71,59.97,45.05,53.72,53.88,20,51.7,42.68,42.48,100.73,146.24,117.83,85.28
BCL2L1,1373.92,652.76,734.49,1104.09,2803.47,671.72,556.46,4415.51,761.37,448.72,1903.55,1211.6,606.61,1262.27,2776.74,2475.34,957.41,3401.65,1694.02,335.14,1478.45,1308.48,759.14,418.51,1055.13,3701.55,4566.95,2212.93,3292.85
BCL2L11,38.22,39.93,39.52,50.14,65.64,66.55,20,43.03,45.9,61.29,36.99,25.32,75.27,50.59,29.71,20,38.17,37.83,30.04,60.76,39.96,20,44.61,81.81,39.04,113.54,91.18,126.45,101.84
BCL3,44.74,69.12,75.75,34.14,174.18,172.61,122.06,86.59,58.57,97.15,65.02,20,37.64,20,61.9,60.56,58.84,75.65,43.05,26.22,20,20,40.36,69.95,40.18,327.81,62.8,106.34,90.25
BCL6,86.69,62.97,74.11,52.27,364.11,195.48,262.08,202.22,144.04,102.93,78.47,30.38,29.89,20,76.13,58.61,63.62,112.56,56.07,63.32,20,20,41.78,126.86,35.59,467.82,71.4,114.96,87.77
BID,84.82,116.73,98.81,78.94,152.3,131.02,174.12,86.05,110.8,168.85,63.9,54.44,76.38,58.51,47.66,48.84,101.78,84.88,81.1,94.66,58.12,20,84.27,91.29,66.59,180.13,144.52,189.68,152.35
BIRC2,88.55,53.76,88.93,62.94,110.28,85.26,152.58,81.21,102.89,60.14,56.05,59.5,56.45,46.93,63.75,44.94,60.43,84.88,78.09,58.2,42.38,20,50.99,58.09,57.41,148.54,137.64,129.33,131.65
BLK,20,20,20,20,20,20,20,20,20,20,20,20,20,20,20,20,20,20,20,20,20,20,20,20,20,22.2,30.11,20,20
BLNK,20,20,20,20,27.13,20,20,20,20,20,20,20,20,31.08,20,20,20,20,20.02,21.11,23.61,20,20,20,24.11,35.85,45.59,66.1,41.4
BST2,44.74,187.38,146.57,46.94,70.9,395.13,281.82,29.58,191.53,209.33,41.48,94.95,91.88,52.42,43.33,152.39,205.16,43.36,175.21,105.53,35.72,20,114.01,137.53,51.67,223.66,304.52,261.53,140.76
BTK,20,20,20,26.67,20,20,20,20,20,26.6,20,20,23.25,21.94,20,20,42.94,22.14,20.02,20.47,20,20,20,39.12,29.85,64.88,59.36,20,53.82
BTLA,20,20,20,20,28.01,20,20,22.59,20,20,20,20,20,20,20,20,20,42.44,20,20,20,20,20,20,22.96,20,21.51,20,20.7
C10orf54,179.9,271.86,217.38,154.68,315.97,428.4,529.54,210.29,303.91,383.96,169.28,110.15,130.62,81.67,151.03,236.4,311.71,191.9,217.26,271.18,83.55,204.21,192.62,305.88,129.74,736.72,349.25,324.75,366.79
C14orf166,160.32,187.38,126.81,158.95,120.79,155.97,145.4,145.75,199.44,121.43,132.28,151.92,123.98,135.31,98.42,80.1,136.77,149.46,118.14,163.73,156.81,196.65,144.46,165.98,141.22,224.52,301.08,250.03,375.07
C1QA,20,53.76,20,20,20,20,20,20,20,76.33,20,20,20,20,20,20,20,20,20,20,20,20,25.49,20,20,20,20,20,20
C1QB,25.17,78.33,52.7,20,20,76.95,44.88,20,69.65,172.32,20,36.72,77.49,20,20,42.98,50.89,20,29.03,30.7,20,20,107.64,93.66,20,20,24.95,60.35,21.53
C1QBP,96.94,75.26,88.93,150.41,84.03,68.63,107.7,40.34,55.4,97.15,59.42,63.3,80.81,110.32,55.09,42.98,89.06,57.2,64.08,96.58,131.98,20,72.94,120.93,101.04,78.54,119.57,100.59,282.34
C1R,20,20,20,20,20,20,20,20,20,20,20,20,20,20,20,20,20,20,20,20,20,20,20,20,20,20,20,20,20
C1S,20,20,20,20,20,20,20,20,20,20,20,20,20,20,20,20,20,20,20,20,20,20,20,20,20,20,20,20,20
C2,20,20,20,20,20,20,20,20,20,37.01,20,20,26.57,20,20,20,49.3,20,20,20,20,20,20,29.64,20,20,33.55,20,20
C3,20,20,20,20,20,20,20,20,20,20,20,20,20,20,20,20,20,20,20,20,20,20,20,20,20,20,20,20,20
C3AR1,20,20,32.94,32,20.13,20,20,20,20,23.13,20,20,20,20,20,20,47.71,20,20,20,20,20,31.16,41.5,20,29.88,49.89,20,46.37
C4A,20,36.86,32.94,20,20,20,52.06,20,31.66,27.76,20,20,25.46,20,20,20,36.58,20,25.03,21.75,20,20,20,35.57,20,43.54,24.09,20,34.77
C4B,20,20,20,20,20,20,20,20,20,20,20,20,20,20,20,20,20,20,20,20,20,20,20,20,20,20,20,20,22.36
C4BPA,137.95,99.83,62.58,62.94,130.41,97.74,89.75,20,20,20,108.74,94.95,50.92,46.93,111.42,107.45,52.48,145.77,170.2,63.32,71.44,20,20.54,20,20,168.17,163.44,166.69,96.87
C5,788.56,339.44,620.85,502.44,645.95,282.83,403.88,1001.96,299.17,263.68,1613.2,1010.3,578.94,1144.64,1090.64,818.6,507.33,561.87,855.02,460.49,770.71,363.05,262.73,183.77,326.07,2596.89,2269.28,1439.84,1867.91
C5aR1,20,49.15,20,22.4,44.64,81.11,95.14,44.64,101.3,173.47,40.36,20,32.1,20,24.76,48.84,95.42,45.21,26.03,76.11,20,20,41.07,82.99,20,294.52,80.86,74.72,84.45
C6,20,20,20,20,20,20,20,20,20,20,20,20,20,20,20,20,20,20,20,20,20,20,20,20,20,20,20,20,20
C7,20,20,20,20,20,20,20,20,20,20,20,20,20,20,20,20,20,20,20,20,20,20,20,20,20,20,20,20,20
C8A,20,20,20,20,20,20,20,20,20,20,20,20,20,20,20,20,20,20,20,20,20,20,20,20,20,20,20,20,20
C8B,20,20,20,20,20,20,20,20,20,20,20,20,20,20,20,20,20,20,20,20,20,20,20,20,20,20,20,20,20
C8G,20,20,20,20,20,20,20,20,20,20,20,20,20,20,20,20,20,20,20,20,20,20,20,20,20,20,20,20,20
C9,20,20,20,20,20,20,20,20,20,20,20,20,20,20,20,20,20,20,20,20,20,20,20,20,20,23.05,22.37,109.21,20
CAMP,54.06,119.8,88.93,66.14,320.35,355.61,411.07,136.07,156.71,270.62,60.54,20,24.35,20.11,51.99,56.66,143.13,214.97,74.09,109.37,30.88,20,38.95,187.32,79.22,402.94,35.27,80.47,129.99
CARD9,20,20,20,20,21.01,20,20,20,33.24,24.29,20,20,23.25,20,20,20,20,20,20,31.98,20,20,35.41,40.31,20,35.85,31.83,20,20
CASP1,153.8,373.23,340.89,84.27,249.45,813.13,1130.88,148.44,626.82,707.77,108.74,182.31,213.64,56.07,134.32,447.4,528.01,122.71,423.51,213.62,65.39,20,342.04,571.45,111.37,627.45,506.67,574.79,302.21
CASP10,54.99,56.83,69.17,66.14,45.51,95.66,82.57,41.95,52.24,75.17,28.03,40.51,60.88,46.93,37.76,62.52,79.52,37.83,88.11,70.99,53.28,20,55.24,71.14,42.48,107.56,147.1,140.82,141.58
CASP2,40.08,30.72,20,24.54,47.26,20,46.67,42.49,20,20,26.91,20,34.32,35.35,29.09,20,20,38.75,23.03,37.73,42.99,20,36.12,30.83,28.7,46.95,92.9,103.46,94.39
CASP3,244.21,253.43,232.2,238.95,371.99,420.08,655.19,334.52,273.84,407.09,221.97,73.43,100.73,131.04,203.64,138.71,246.51,310.92,231.28,272.46,147.72,189.09,151.55,259.64,155,1062.83,452.48,428.22,511.69
CASP8,155.66,148.98,171.27,108.81,161.92,289.07,308.75,111.33,185.2,137.62,137.89,74.7,98.52,135.31,107.08,134.81,160.63,117.17,117.14,159.25,124.72,20,121.8,152.94,106.78,628.31,416.35,402.35,506.72
CCBP2,20,20,20,20,20,20,20,20,20,20,20,20,20,20,20,20,20,20,20,20,20,20,20,20,20,20,20,20,20
CCL1,20,20,20,20,20,20,20,20,20,20,20,20,20,20,20,20,20,20,20,20,20,20,20,20,20,20,20,20,20
CCL11,20,20,20,20,20,20,20,20,20,20,20,20,20,20,20,20,20,20,20,20,20,20,20,20,20,20,20,20,20
CCL13,20,20,20,20,20,20,20,20,20,20,20,20,20,20,20,20,20,20,20,20,20,20,20,20,20,20,20,20,20
CCL15,20,20,20,20,20,20,20,20,20,20,20,20,20,20,20,20,20,20,20,20,20,20,20,20,20,20,20,20,20
CCL16,20,20,20,20,20,20,20,20,20,20,20,20,20,20,20,20,20,20,20,20,20,20,20,20,20,20,20,20,20
CCL17,20,20,20,20,20,20,20,20,20,20,20,20,20,20,20,20,20,20,20,20,20,20,20,20,20,20,20,20,20
CCL18,20,20,20,20,20,20,20,20,20,20,20,20,20,20,20,20,20,20,20,20,20,20,20,20,20,20,20,20,20
CCL19,20,20,20,20,20,20,20,20,20,20,20,20,20,20,20,20,20,20,20,20,20,20,20,20,20,20,20,20,20
CCL2,20,20,20,20,20,20,20,20,20,20,20,20,20,20,20,20,20,20,20,20,20,20,20,20,20,26.46,20,20,20
CCL20,20,20,20,20,20,20,20,20,20,20,20,20,20,20,20,20,20,20,20,20,20,20,20,20,20,20,20,20,20
CCL21,20,20,20,20,20,20,20,20,20,20,20,20,20,20,20,20,20,20,20,20,20,20,20,20,20,20,20,20,20
CCL22,20,20,20,20,20,20,20,20,20,20,20,20,20,20,20,20,20,20,20,20,20,20,20,20,20,20,20,20,20
CCL23,20,20,20,20,20,20,20,20,20,20,20,20,20,20,20,20,20,20,20,20,20,20,20,20,20,20,20,20,20
CCL24,20,20,20,20,20,20,20,20,20,20,20,20,20,20,20,20,20,20,20,20,20,20,20,20,20,20,20,20,20
CCL26,20,20,20,20,20,20,20,20,20,20,20,20,20,20,20,20,20,20,20,20,20,20,20,20,20,20,20,20,20
CCL3,20,20,20,20,20,20,20,20,20,20,20,20,20,20,20,20,20,20,20,20,20,20,20,20,20,20,20,20,20
CCL4,20,20,20,20,20,20,20,20,20,20,20,20,20,20,20,20,20,20,20,20,20,20,20,20,20,20,20,20,20
CCL5,89.48,135.16,103.75,105.61,178.55,85.26,50.26,151.67,79.14,52.04,52.69,70.9,75.27,59.73,39.61,20,36.58,127.32,53.06,49.25,62.36,20,37.53,45.05,68.89,90.49,163.44,146.57,244.25
CCL7,20,20,20,20,20,20,20,20,20,20,20,20,20,20,20,20,20,20,20,20,20,20,20,20,20,20,20,20,20
CCL8,20,20,20,20,20,20,20,20,20,20,20,20,20,20,20,20,20,20,20,20,20,20,20,20,20,20,20,20,20
CCND3,185.49,247.28,233.85,177.08,223.19,372.25,430.81,192.54,243.76,249.8,165.92,201.3,179.33,167.61,144.22,189.51,184.48,196.52,196.23,167.57,142.88,20,140.22,136.34,127.44,478.06,452.48,425.34,436.34
CCR1,27.03,64.51,55.99,20,84.9,197.56,177.71,38.72,107.64,90.21,31.39,20,23.25,20,35.28,72.29,103.37,39.67,62.07,52.44,20,20,36.12,85.36,20,135.73,49.03,63.23,27.32
CCR10,20,20,20,20,20,20,20,20,20,20,20,20,20,20,20,20,20,20,20,20,20,20,20,20,20,20,20,20,20
CCR2,37.28,39.93,20,38.4,33.26,20,48.47,31.73,50.65,76.33,32.51,20,36.53,50.59,20,20,20,36.9,33.04,64.6,44.8,20,42.49,104.33,39.04,85.37,74.84,66.1,133.3
CCR3,24.23,20,36.23,49.07,23.63,43.67,39.49,26.89,31.66,27.76,20,20,20,25.6,20,20,20,20,20,31.98,20,20,20,46.24,20,31.59,25.81,63.23,39.74
CCR4,57.79,47.61,32.94,26.67,43.76,64.47,35.9,36.57,33.24,20,57.17,27.85,40.96,32.91,38.38,20,34.99,33.21,29.03,27.5,20,20,33.28,33.2,34.44,61.46,69.68,63.23,33.12
CCR5,60.59,89.08,74.11,67.21,60.39,20,52.06,59.16,53.82,25.44,58.29,60.77,99.63,84.72,26,20,20,69.2,50.06,70.35,65.99,20,72.94,56.91,75.78,52.07,103.23,137.95,168.08
CCR6,20,20,20,20,20,20,20,20,20,20,20,20,20,20,20.43,20,20,20,20,20,20,20,20,20,20,26.46,30.11,20,24.84
CCR7,27.03,20,20,20,76.15,20,20,59.7,20,24.29,20,30.38,25.46,22.55,32.81,20,20,47.98,22.03,21.75,21.19,20,22.66,20,20,26.46,30.11,66.1,22.36
CCR8,20,20,20,20,20,20,20,20,20,20,20,20,20,20,20,20,20,20,20,20,20,20,20,20,20,20,28.39,20,34.77
CCRL1,20,20,20,20,20,20,20,20,20,20,20,20,20,20,20,20,20,20,20,20,20,20,20,20,20,20,20,20,20
CCRL2,91.35,262.64,222.32,58.67,293.21,482.47,1023.17,130.15,235.85,222.05,62.78,51.91,37.64,20,72.42,179.74,152.68,64.58,220.26,86.98,20,20,87.81,143.46,24.11,396.96,104.09,201.18,74.52
CD14,51.27,32.25,34.58,33.07,124.29,74.87,44.88,103.26,41.16,43.95,59.42,20,30.99,20,51.38,48.84,41.35,77.5,37.04,106.17,23.01,20,53.11,104.33,50.52,331.23,47.31,77.6,103.5
CD160,20,20,20,20,20,20,20,20,20,20,20,20,20,20,20,20,20,20,20,20,20,20,20,20,20,20,20,20,20
CD163,25.17,20,20,20,20,20,20,20,20,64.76,20,20,23.25,20,20,20,20,20,21.03,24.94,20,20,20,32.01,20,104.15,58.5,20,20
CD164,82.03,164.34,125.16,80.01,134.79,193.4,184.89,160.81,155.12,128.37,70.63,108.88,70.85,89.6,56.33,93.78,98.6,157.77,116.14,103.61,73.26,20,101.97,124.49,73.48,402.08,477.43,270.15,304.69
CD19,46.61,47.61,37.88,80.01,47.26,56.15,46.67,31.73,20,24.29,42.6,20,20,53.03,50.14,20,20,45.21,41.05,20.47,55.7,20,60.19,39.12,74.63,170.74,191.83,109.21,106.81
CD1A,24.23,20,20,20,30.63,20,20,20,20,20,20,20,22.14,20,22.9,44.94,20,23.99,21.03,20,20,20,20,20,20,41.83,34.41,20,21.53
CD1B,20,20,20,20,20,20,20,20,20,20,20,20,20,20,20,20,20,20,20,20,20,20,20,20,20,20,20,20,20
CD1C,84.82,36.86,20,68.27,64.77,60.31,20,40.87,20,20,51.57,25.32,35.42,43.88,56.95,42.98,20,44.29,35.04,42.21,64.78,20,61.61,33.2,76.92,93.9,99.79,20,76.17
CD1D,26.1,20,36.23,20,24.51,45.75,20,20,31.66,20,33.63,26.59,29.89,21.33,30.95,46.89,36.58,20,26.03,20.47,20,20,53.82,30.83,22.96,71.71,69.68,71.85,61.27
CD1E,20,20,20,20,20,20,20,20,20,20,20,20,20,20,20,20,20,20,20,20,20,20,20,20,20,20.49,20,20,20
CD2,48.47,50.69,62.58,35.2,49.89,20,50.26,41.41,41.16,25.44,24.66,44.31,52.03,47.54,31.57,20,39.76,45.21,38.05,48.61,55.7,20,38.95,40.31,36.74,54.64,122.15,109.21,145.72
CD207,20,20,20,20,20,20,20,20,20,20,20,20,20,20,20,20,20,20,20,20,20,20,20,20,20,20,20,63.23,20
CD209,20,20,20,20,20,20,20,20,20,20,20,20,20,20,20,20,20,20,20,20,20,20,20,20,20,20,20,20,20
CD22,30.76,20,20,20,31.51,20,20,20,20,20,20,20,20,20,21.66,20,20,28.6,20,20,20,20,20,24.9,28.7,40.12,41.29,20,23.18
CD24,20,20,20,20,37.64,70.71,43.08,20.44,20,137.62,20,20,20,20,20,20,47.71,66.43,20.02,26.22,20,20,20,37.94,20,204.03,37.85,20,45.54
CD244,47.54,66.04,72.46,54.4,35.01,20,48.47,40.87,50.65,55.51,34.75,40.51,63.1,38.4,20.43,20,39.76,53.51,34.04,43.49,41.77,20,37.53,37.94,43.63,63.17,103.23,106.34,135.79
CD247,54.99,56.83,34.58,27.74,66.52,47.83,20,48.4,33.24,24.29,30.27,32.92,54.24,46.93,26.62,20,20,54.43,25.03,39.65,42.99,20,33.99,30.83,55.11,81.95,135.92,100.59,147.38
CD27,20,33.79,20,22.4,21.01,20,20,20,20,23.13,23.54,20,35.42,42.66,21.05,20,20,23.99,20.02,26.86,30.88,20,20,20,29.85,53.78,80,71.85,113.43
CD274,116.51,777.17,782.24,106.68,372.86,1351.75,1958.39,130.15,854.76,644.17,82.96,191.17,202.57,42.06,141.75,886.98,570.95,100.56,757.91,247.51,58.12,20,342.75,514.55,103.33,489.16,387.1,865.05,187.12
CD276,20,20,20,20,20,20,20,20,20,20,20,20,20,20,20,20,20,20,20,20,20,20,20,20,20,20,20,20,20
CD28,30.76,39.93,20,28.8,39.39,58.23,41.29,31.73,20,31.23,44.84,35.45,49.81,42.06,43.95,20,39.76,46.13,26.03,49.25,45.41,20,23.37,43.87,20,87.08,102.37,71.85,78.66
CD34,20,20,20,20,20,20,20,20,20,20,20,20,20,20,20,20,20,20,20,20,20,20,20,20,20,20,20,20,20
CD36,22.37,20,20,20,24.51,56.15,20,20,20,24.29,49.33,20,20,20,20,20,20,20,20,32.62,20,20,20,85.36,20,308.18,99.79,20,52.16
CD38,48.47,87.55,67.52,76.81,62.14,99.82,68.21,33.34,71.23,115.65,39.24,69.63,75.27,120.07,43.95,87.92,95.42,48.9,75.09,63.96,97.47,20,62.32,61.65,84.96,70,136.78,152.32,226.86
CD3D,307.59,407.02,362.3,272.02,250.33,232.92,224.38,203.83,239.02,109.87,206.27,274.73,337.62,324.25,192.5,175.83,187.67,341.36,247.3,328.1,334.8,226.9,226.61,235.93,245.7,233.91,553.13,594.9,899.18
CD3E,406.4,416.23,428.18,283.76,284.46,272.43,224.38,265.68,250.1,99.46,279.14,336.77,442.78,413.24,220.36,115.27,190.85,316.45,290.35,406.77,439.54,249.59,211.74,216.96,261.77,524.16,1061.52,721.36,1209.67
CD3EAP,20,20,20,20,20,20,20,20,20,20,20,20,20,20,20,20,20,20,20,20,20,20,20,20,20,21.34,20,20,20
CD3G,87.62,133.62,80.69,62.94,77.9,49.91,50.26,105.95,82.31,20,60.54,87.36,87.45,108.49,53.85,20,38.17,119.94,49.06,85.06,107.16,20,58.78,66.39,58.55,144.27,332.05,261.53,424.75
CD4,20,20,20,20,20,20,20,20,20,20,20,20,20,20,20,20,20,20,20,20,20,20,20,20,20,20,20,20,20
CD40,20,20,20,20,20,20,20,20,20,20,20,20,20,20,20,20,20,21.22,20,20,20,20,20,20,20,32.44,41.29,20,32.29
CD40LG,20.51,20,20,20,37.64,20,20,28.5,20,20,25.78,20,20,23.77,20,20,20,28.6,28.03,20,20,20,20,20,20,47.81,69.68,83.34,47.19
CD44,324.37,239.6,217.38,209.08,552.29,413.84,346.44,333.45,235.85,343.48,253.36,198.77,215.86,208.45,225.93,146.53,211.52,279.55,188.22,294.2,173.15,20,183.41,302.33,149.26,735.02,619.36,342,534.04
CD46,94.14,101.37,113.63,91.74,93.65,128.94,102.32,85.51,134.55,102.93,140.13,130.4,162.72,163.96,117.61,84.01,104.97,115.33,122.15,118.32,103.53,151.27,116.14,105.52,106.78,366.23,375.06,298.89,306.35
CD47,334.62,291.82,286.55,233.62,268.71,332.74,301.57,220.51,322.91,213.95,319.5,279.8,277.85,292.56,334.25,271.56,278.32,221.43,291.35,356.24,240.96,196.65,220.94,373.46,220.44,1021,953.99,652.38,707.09
CD48,426.9,597.47,472.64,446.97,669.58,646.76,780.84,580.31,642.65,607.16,306.05,339.3,409.57,355.34,363.96,369.25,540.73,621.84,480.57,614.63,337.83,431.12,617.51,890.38,409.88,1051.73,861.09,689.74,1046.56
CD5,21.44,20,20,20,28.88,20,20,20.97,20,20,20,20,23.25,27.43,20,20,20,26.76,24.03,21.11,20,20,20,20,20,29.88,46.45,66.1,56.3
CD53,286.16,416.23,418.29,266.69,629.32,675.88,1138.06,318.93,478.03,780.63,234.3,217.76,282.27,224.91,193.74,263.75,553.45,415.17,318.38,358.16,203.42,226.9,318.67,493.21,235.37,843.43,687.32,643.76,614.36
CD55,847.28,672.73,610.97,489.64,1510.71,1204.1,1166.78,2818.72,2043.51,1385.48,913.66,688.73,493.7,642.41,2115.67,2080.69,1995.93,1037.93,999.19,711.21,636.91,839.54,719.49,699.5,590.14,8023.72,6399.23,5038.01,4201.97
CD58,205.06,205.81,161.39,170.68,200.44,235,233.36,177.48,250.1,191.98,165.92,168.38,161.62,120.07,164.65,142.62,160.63,150.38,129.15,171.41,120.48,20,157.92,206.29,137.78,496.84,381.08,301.76,381.7
CD59,194.81,195.06,163.04,154.68,305.47,324.42,344.65,191.46,194.7,215.11,172.64,146.86,152.76,194.43,178.27,214.91,198.8,208.51,157.19,185.48,156.2,20,165,238.3,172.22,396.96,393.12,344.87,426.41
CD6,54.99,90.62,69.17,58.67,84.03,45.75,66.42,117.24,88.64,24.29,48.21,81.03,99.63,85.33,55.71,50.8,57.25,96.87,70.08,103.61,91.42,20,84.27,69.95,80.37,171.59,280.43,278.77,303.04
CD68,80.16,133.62,113.63,48,119.04,201.72,71.8,77.45,101.3,149.19,73.99,83.56,122.87,32.91,77.99,128.94,122.46,54.43,84.1,157.33,43.59,158.83,243.61,216.96,81.52,215.13,222.8,192.55,165.59
CD69,23.3,41.47,20,20,20,20,20,20,20,26.6,20,20,20,20,20,20,20,20,20,20,20,20,20,20,20,37.56,43.87,60.35,53.82
CD7,82.96,86.01,57.64,107.74,168.05,145.57,150.78,100.57,85.48,82.11,123.32,111.41,123.98,178.58,73.66,58.61,85.88,105.18,72.09,106.81,126.53,20,81.44,86.55,124,143.42,161.72,149.44,265.78
CD70,20,20,20,20,20,20,20,20,20,20,20,20,20,20,20,20,20,20,20,20,20,20,20,20,20,20,20,20,20
CD74,1701.09,1703.32,1561.19,1088.09,3363.64,2314.62,1170.37,2062.54,1619.29,2204.28,1429.35,1542.04,2137.54,1033.71,1337,1469.18,1448.84,1870.12,1972.36,2161.12,1347.07,2163.15,3483.42,3407.39,1603.94,6039.77,6822.46,4012.01,3499.02
CD79A,36.35,20,20,29.87,44.64,45.75,20,20,20,20,20,20,20,39.62,32.81,20,20,45.21,29.03,20,41.77,20,30.45,20,44.78,99.88,147.1,66.1,73.69
CD79B,20,20,20,25.6,30.63,20,20,24.74,20,20,20,20,20,20.72,20,20,20,24.91,20,20,20,20,20,20,20,40.12,37.85,74.72,40.57
CD80,20,20,20,20,20,20,20,20,20,20,20,20,20,20,20,20,20,20,20,20,20,20,20,20,20,29.03,57.64,20,25.67
CD81,132.36,175.09,125.16,136.54,196.93,220.44,143.6,116.17,145.63,154.97,103.14,124.07,149.44,132.87,99.04,199.28,125.64,153.15,122.15,164.37,147.12,158.83,169.96,165.98,136.63,207.44,345.81,313.26,288.14
CD82,65.25,75.26,64.23,58.67,235.45,257.87,131.04,72.07,85.48,20,99.77,20,20,42.06,67.47,39.07,20,95.03,49.06,103.61,34.51,20,39.66,117.37,67.74,212.57,75.7,86.22,97.7
CD83,20,20,20,20,24.51,20,20,20,20,20,20,20,20,20,20,20,20,20,20.02,20,20,20,21.95,20,20,52.93,48.17,20,34.77
CD86,59.65,62.97,49.4,46.94,60.39,85.26,66.42,27.97,52.24,83.27,31.39,41.78,64.2,31.08,33.42,72.29,73.16,47.05,51.06,67.79,46.01,20,69.4,99.59,45.93,106.71,131.61,155.19,128.34
CD8A,42.88,52.22,54.35,38.4,35.01,20,20,41.41,20,20,41.48,41.78,48.71,39.62,24.76,20,20,53.51,27.03,42.21,43.59,20,20,20,20,68.29,146.24,178.18,196.23
CD8B,41.94,46.08,55.99,48,39.39,20,20,53.24,20,20,30.27,43.05,44.28,70.7,38.38,20,20,59.05,41.05,70.35,70.23,20,22.66,23.71,32.15,64.88,96.35,89.09,173.87
CD9,316.91,251.89,191.03,151.48,282.71,415.92,240.54,275.9,275.42,115.65,752.23,649.48,467.14,484.55,443.81,509.92,190.85,447.46,534.64,209.78,283.34,325.23,225.19,173.1,218.14,1508.45,1346.26,1195.56,821.35
CD96,102.53,90.62,85.64,74.67,77.02,20,20,87.13,53.82,34.69,62.78,45.58,38.74,65.83,40.23,20,20,80.27,25.03,47.33,56.3,20,29.74,30.83,37.89,81.95,139.36,112.08,160.63
CD97,123.04,179.7,195.97,115.21,293.21,295.31,473.89,105.95,156.71,171.16,98.65,122.81,157.19,91.42,98.42,97.69,146.32,130.09,129.15,141.35,84.76,20,205.37,215.78,81.52,265.49,313.98,224.17,293.93
CD99,557.4,595.93,657.08,515.24,590.8,744.5,718.02,478.12,588.83,408.24,352.01,381.08,415.11,340.1,380.67,422,361.02,425.32,425.51,390.14,368.7,514.31,468.8,467.12,528.14,802.46,920.44,899.54,895.04
CDC42,888.29,909.26,676.85,552.58,747.48,960.78,829.31,964.31,1039.96,823.42,718.6,603.9,571.19,577.81,776.2,892.84,815.87,767.61,606.72,594.8,477.68,582.39,672.75,704.24,515.51,2451.76,2251.21,2103.72,1696.52
CDH5,20,20,20,20,20,20,20,20,20,20,20,20,20,20,20,20,20,20,20,20,20,20,20,20,20,20,20,20,20
CDKN1A,64.32,76.8,46.11,46.94,56.89,116.46,71.8,48.4,66.48,86.74,22.42,39.25,43.17,20,25.38,52.75,38.17,20,29.03,55,20,20,94.18,69.95,29.85,114.39,86.88,63.23,79.49
CEACAM1,20,20,20,20,20,20,20,20,20,20,20,20,20,20,20,20,20,20,20,20,20,20,21.24,30.83,24.11,57.2,36.99,20,62.93
CEACAM3,20,20,20,20,20,20,20,20,20,20,20,20,20,20,20,20,20,20,20,20,20,20,20,20,20,20,20,20,20
CEACAM6,20,20,20,20,20,20,20,20,20,20,20,20,20,20,20,20,20,20,20,20,20,20,20,20,20,21.34,20,57.48,20
CEACAM8,304.8,347.12,322.78,233.62,945.29,977.42,1326.54,484.58,277.01,340.01,224.21,43.05,77.49,60.34,256.26,162.16,415.09,425.32,204.24,227.69,62.36,242.03,97.02,462.38,168.78,1539.18,137.64,264.4,413.16
CEBPB,164.05,267.25,174.56,153.61,1693.64,873.44,920.86,370.02,278.59,764.44,119.95,56.97,88.56,40.84,155.36,146.53,326.03,440.08,134.16,133.03,53.28,20,176.33,302.33,97.59,670.99,172.91,206.92,221.07
CFB,20,20,20,20,20,20,20,20,20,20,20,20,20,20,20,20,20,20,20,20,20,20,20,20,20,20,20,20,20
CFD,185.49,239.6,177.86,148.28,744.85,507.43,601.34,380.24,237.43,389.74,162.55,74.7,122.87,76.19,178.27,144.57,214.7,444.7,239.29,215.54,89.6,211.78,247.85,432.74,143.52,1239.54,449.04,344.87,486.02
CFH,20,20,20,20,20,20,20,20,20,20,20,20,20,20,20,20,20,20,20,20,20,20,20,20,20,20,20,20,20
CFI,20,20,20,20,20,20,20,20,20,20,20,20,20,20,20,20,20,20,20,20,20,20,20,20,20,20,20,20,20
CFL1,258.19,339.44,395.24,306.16,374.61,413.84,382.34,311.94,329.24,484.57,202.91,253.21,376.37,330.35,182.6,169.97,305.35,378.27,264.32,421.48,317.24,219.34,286.1,397.17,287.03,788.8,1040.87,867.93,1338.83
CFP,191.08,285.68,217.38,142.95,353.61,488.71,455.94,186.62,267.51,336.54,122.2,91.15,132.84,64.61,99.66,140.67,181.3,186.37,180.22,239.2,85.97,211.78,322.21,400.73,138.92,575.38,350.97,336.25,332.85
CHIT1,20,20,20,20,20,20,20,20,20,20,20,20,20,20,20,20,20,20,20,20,20,20,20,20,20,20,20,20,20
CHUK,27.03,20,20,21.34,42.01,20,20,29.04,20,20,22.42,20,23.25,23.77,22.28,20,34.99,23.99,20,31.98,28.46,20,31.16,34.38,29.85,52.07,58.5,20,67.07
CIITA,43.81,32.25,69.17,28.8,56.89,66.55,37.7,30.12,47.49,32.38,40.36,20,38.74,21.94,25.38,20,33.4,21.22,22.03,30.06,20.58,20,50.28,68.76,20,102.44,111.83,80.47,43.88
CISH,20,30.72,20,20,20,20,48.47,20,20,26.6,20,20,20,20,20,20,41.35,20,20,20,20,20,20,20,20,20,24.95,63.23,20
CLEC4A,102.53,47.61,55.99,61.87,224.94,139.33,481.07,124.24,117.13,343.48,58.29,20,32.1,21.33,36.52,20,47.71,56.28,27.03,52.44,20,20,46.74,120.93,24.11,443.06,56.77,103.46,86.11
CLEC4E,69.91,52.22,42.82,35.2,131.29,160.13,558.26,122.62,144.04,513.48,65.02,20,20,20,30.33,20,74.75,49.82,26.03,44.77,20,20,20,54.54,20,501.96,38.71,103.46,120.88
CLEC5A,20,20,20,20,20,20,20,20,20,20,20,20,20,20,20,20,20,20,20,20,20,20,20,20,20,20,20,20,20
CLEC6A,20,20,20,20,20,20,20,20,20,20,20,20,20,20,20,20,20,20,20,20,20,20,20,20,20,20,20,20,20
CLEC7A,126.77,317.93,240.44,85.34,180.3,596.85,538.51,149.51,413.13,281.03,106.5,58.24,88.56,29.26,80.47,134.81,124.05,69.2,239.29,176.52,35.72,20,212.45,330.78,66.59,705.99,220.22,258.65,206.17
CLU,355.13,499.17,609.33,474.71,593.43,1114.68,1152.42,453.92,530.27,500.76,402.46,463.37,550.16,455.3,429.57,609.55,671.14,680.88,661.79,560.91,469.21,385.74,400.82,316.55,419.07,892.95,1111.41,1215.67,1191.45
CMA1,20,20,57.64,77.87,20,20,20,20,20,20,20,20,24.35,20,20,20,44.53,20,22.03,29.42,23.01,20,20,20,20,20,22.37,57.48,24.01
CMKLR1,20,20,20,20,20,20,20,20,20,45.1,20,20,20,20,20,20,31.81,20,20,20,20,20,20,23.71,20,24.76,37.85,80.47,21.53
CR1,24.23,20,20,20,40.26,20,35.9,29.04,20,20,20,20,20,20,25.38,20,20,22.14,20,20,20,20,20,20,20,34.15,32.69,20,25.67
CR2,20,20,20,20,20,20,20,20,20,20,20,20,20,20,20,20,20,20,20,20,20,20,20,20,20,20,20,20,20
CRADD,20,20,20,20,20,20,20,20,20,20,20,20,20,20,20,20,20,20,20,20,20,20,20,20,20,29.03,20,20,23.18
CREB1,153.8,98.3,151.51,93.87,180.3,147.65,197.45,128.54,98.14,104.08,112.11,98.75,92.98,79.84,93.47,87.92,74.75,85.8,114.14,81.23,78.1,20,112.6,118.56,63.15,277.45,216.78,206.92,179.67
CRP,20,20,20,20,20,20,20,20,20,20,20,20,20,20,20,20,20,20,20,20,20,20,20,20,20,20,20,20,20
CSF1,20,39.93,37.88,20,20,20,78.98,20,20,34.69,20,20,44.28,20,20,20,50.89,20,31.04,20,20,20,31.87,20,20,36.71,73.12,71.85,48.85
CSF1R,64.32,98.3,77.4,23.47,103.28,81.11,20,77.98,96.56,77.49,54.93,62.04,128.41,37.18,47.04,76.19,62.02,74.73,112.13,129.19,37.54,20,272.64,240.67,62,182.69,228.82,183.93,169.73
CSF2,20,20,20,20,20,20,20,20,20,20,20,20,20,20,20,20,20,20,20,20,20,20,20,20,20,20,20,20,20
CSF2RB,83.89,112.12,97.16,55.47,107.66,212.12,192.07,70.99,93.39,87.89,62.78,20,49.81,20,64.99,80.1,79.52,47.98,71.08,72.27,20,20,52.4,111.45,35.59,301.35,86.88,100.59,60.44
CSF3,20,20,20,20,20,20,20,20,20,20,20,20,20,20,20,20,20,20,20,20,20,20,20,20,20,20,20,20,20
CSF3R,172.44,281.07,250.32,107.74,631.94,794.41,1064.46,322.69,381.48,351.57,116.59,43.05,52.03,26.21,121.32,218.81,267.18,190.06,206.25,213.62,55.7,196.65,133.13,417.33,94.15,945.02,202.15,385.11,230.18
CTLA4,20,20,20,20,20,20,20,20,20,20,20,20,20,20,20,20,20,20,20,20,20,20,20,20,20,26.46,31.83,60.35,74.52
CTNNB1,51.27,20,36.23,33.07,91.03,45.75,35.9,94.12,39.57,40.48,36.99,35.45,37.64,33.52,29.71,20,20,85.8,33.04,31.34,26.64,20,27.62,40.31,25.26,87.93,106.67,20,94.39
CTSC,26.1,36.86,20,39.47,20,20,50.26,20,36.41,43.95,28.03,27.85,35.42,39.62,20,20,49.3,20.3,22.03,38.37,30.27,20,29.74,42.68,42.48,57.2,84.3,97.71,134.96
CTSG,20,20,20,20,20,20,20,20,20,20,20,20,20,20,20,20,20,20,20,20,20,20,20,20,20,20,20,20,20
CTSS,743.82,1390,905.76,562.18,1071.32,2085.86,2500.5,938.5,1584.47,1644.53,496.63,388.67,428.39,246.24,534.18,785.39,1028.98,596.93,981.17,931.86,300.9,574.82,1335.58,1768.9,497.14,3283.24,1510.56,1557.67,1360.36
CUL9,20,20,20,20,20,20,20,20,20,20,20,20,20,20,20,20,20,20,20,20,20,20,20,20,20,29.03,29.25,20,35.6
CX3CL1,20,20,20,20,20,20,20,20,20,20,20,20,20,20,20,20,20,20,20,20,20,20,20,20,20,20,20,20,20
CX3CR1,147.27,241.14,194.33,120.54,148.79,162.21,43.08,161.35,201.03,38.16,67.26,122.81,198.15,109.71,55.71,41.03,34.99,96.87,76.09,150.3,96.26,20,247.85,233.56,128.59,245.86,688.18,494.32,599.45
CXCL1,20,20,20,20,20,20,20,20,20,20,20,20,20,20,20,20,20,20,20,20,20,20,20,20,20,29.03,20,20,20
CXCL10,20,497.63,464.41,20,20,301.54,217.2,20,337.16,654.58,20,253.21,281.17,20,20,771.71,394.41,20,793.95,34.54,20,20,546.7,188.51,20,20,540.22,1954.28,31.46
CXCL11,20,20,20,20,20,20,20,20,20,28.91,20,20,20,20,20,20,20,20,42.05,20,20,20,21.95,20,20,20,20,74.72,20
CXCL12,20,20,20,20,20,20,20,20,20,20,20,20,20,20,20,20,20,20,20,20,20,20,20,20,20,20,20,20,20
CXCL13,20,20,20,20,20,20,20,20,20,20,20,20,20,20,20,20,20,20,20,20,20,20,20,20,20,20,20,20,20
CXCL2,20,20,20,20,20,20,20,20,20,20,20,20,20,20,20,20,20,20,20,20,20,20,20,20,20,43.54,20,20,20
CXCL3,27.03,44.54,20,21.34,33.26,70.71,73.6,20,52.24,60.14,44.84,36.72,45.39,32.91,28.47,48.84,58.84,42.44,45.05,37.1,23.61,20,24.79,47.42,20,275.74,80.86,140.82,62.93
CXCL5,20,20,20,20,20,20,20,20,20,20,20,20,20,20,20,20,20,20,20,20,20,20,20,20,20,20,20,57.48,20
CXCL6,20,33.79,20,20,20,20,20,20,20,20,20,20,20,20,20,20,20,20,20.02,20,20,20,20,40.31,20,27.32,20,20,20
CXCL9,20,20,20,20,20,20,20,20,20,20,20,20,20,20,20,20,20,20,20,20,20,20,20,20,20,20,20,20,20
CXCR1,119.31,173.56,80.69,57.6,329.97,515.75,421.84,186.62,269.09,307.63,103.14,25.32,25.46,20,79.23,91.82,149.5,131.93,63.08,103.61,20,20,22.66,152.94,31,402.94,55.05,97.71,96.05
CXCR2,139.82,204.28,120.22,77.87,466.52,680.04,649.81,281.28,300.75,361.98,137.89,31.65,35.42,20.72,162.17,160.2,230.61,181.75,122.15,147.74,27.85,20,39.66,173.1,64.3,948.44,106.67,227.04,150.69
CXCR3,20,20,20,20,20,20,20,20,20,20,20,20,22.14,32.91,20,20,20,21.22,20,31.34,27.24,20,20,20,32.15,26.46,47.31,57.48,88.59
CXCR4,188.28,173.56,97.16,105.61,189.93,162.21,245.92,294.19,196.28,182.73,123.32,54.44,78.59,73.14,147.32,84.01,128.82,240.8,129.15,101.69,72.65,151.27,84.27,46.24,60.85,541.23,433.55,293.14,463.67
CXCR6,20.51,20,20,20,20,20,20,20,20,20,20,20,20,20,20,20,20,20,20,20,20,20,20,20,20,20,22.37,20,21.53
CYBB,198.54,379.37,479.23,121.61,303.72,484.55,640.83,159.19,541.35,1037.38,150.22,267.13,438.36,155.42,164.03,283.29,602.75,208.51,453.54,592.88,165.28,279.85,743.56,916.46,173.37,643.67,967.76,640.89,511.69
CYSLTR1,20,20,20,20,20,20,43.08,20,20,20,20,20,20,20,20,20,20,20,20,20,20,20,26.91,34.38,20,57.2,55.91,77.6,60.44
CYSLTR2,20,20,20,20,20,20,20,20,20,20,20,20,20,20,20,20,20,20,20,20,20,20,20,20,20,20,20,20,20
DAXX,37.28,35.33,20,25.6,20,45.75,20,20,20,20,24.66,20,23.25,21.94,20,20,41.35,20,20,21.11,20,20,20,20,20,42.68,48.17,74.72,59.61
DDIT3,20,49.15,20,20,20.13,97.74,66.42,22.05,71.23,60.14,22.42,20,20,20,20,48.84,31.81,20,24.03,26.22,20,20,22.66,34.38,20,144.27,36.99,63.23,31.46
DDX58,25.17,403.94,357.36,20,50.77,1004.46,531.33,27.97,590.42,484.57,20,141.8,101.84,20,33.42,595.88,294.22,23.99,388.46,69.71,20,20,194.74,257.27,32.15,210,256.35,342,65.41
DEFA1,20,20,20,20,20,20,20,20,20,20,23.54,20,20,20,20,20,20,119.94,61.07,21.75,32.09,20,20,20,22.96,235.62,24.09,20,55.47
DEFB1,20,20,20,20,20,20,20,20,20,20,20,20,20,20,20,20,20,20,20,20,20,20,20,20,20,20,20,20,20
DEFB103A,20,20,20,20,20,20,20,20,20,20,20,20,20,20,20,20,20,20,20,20,20,20,20,20,20,20,20,20,20
DEFB4A,20,20,20,20,20,20,20,20,20,20,20,20,20,20,20,20,20,20,20,20,20,20,20,20,20,20,20,20,20
DOCK9,25.17,20,20,20,25.38,20,20,24.74,20,20,20,20,20,21.94,20,20,20,28.6,26.03,20,26.03,20,20,20,20,33.29,38.71,20,28.98
DPP4,56.86,38.4,55.99,23.47,35.89,20,62.83,20,33.24,27.76,40.36,31.65,40.96,57.29,43.33,54.7,50.89,40.59,49.06,49.89,52.67,20,40.36,40.31,37.89,92.2,103.23,143.7,91.91
DUSP4,20,20,20,20,20,20,20,20,20,20,20,20,20,20,20,20,20,20,20,20,20,20,20,20,20,20,20,20,20.7
EBI3,20,20,20,20,20,20,20,20,20,20,20,20,20,20,20,20,20,20,20,20,20,20,20,20,20,20,20,20,20
EDNRB,20,20,20,20,20,20,20,20,20,20,20,20,20,20,20,20,20,20,20,20,20,20,20,20,20,20,20,20,20
EGR1,20,20,32.94,20,20,20,20,30.66,20,20,20,20,20,20,20,20,20,20,20,30.7,20,20,29.03,20,20,115.25,23.23,103.46,66.24
EGR2,20,20,20,20,20,20,20,20,20,20,20,20,20,20,20,20,20,20,20,20,20,20,20,20,20,55.49,20,20,35.6
EIF2A,110.92,79.87,93.87,82.14,77.9,76.95,73.6,81.75,109.22,95.99,84.08,91.15,76.38,77.41,79.85,62.52,76.34,68.27,78.09,77.39,81.73,20,63.73,66.39,76.92,164.76,185.81,227.04,188.78
EIF2AK2,27.96,228.85,209.15,27.74,31.51,380.57,359.01,27.43,277.01,200.07,23.54,86.09,104.05,29.87,33.42,211,198.8,25.83,213.25,90.82,23.01,20,114.72,130.41,26.41,244.15,310.54,347.75,77
ELK1,20,20,20,20,20,20,20,20,20,20,20,20,20,20,20,20,20,20,20,20,20,20,20,20,20,31.59,21.51,20,23.18
ENTPD1,20,20,20,20,20,20,20,20,20,20,20,20,20,20,20,20,20,20,20,20,20,20,20,20,20,32.44,31.83,20,25.67
EOMES,37.28,30.72,20,27.74,41.14,20,20,29.04,20,20,47.08,25.32,38.74,38.4,27.24,20,20,32.29,21.03,26.86,38.14,20,29.74,26.08,42.48,61.46,102.37,20,86.94
ETS1,340.22,236.53,331.01,275.22,386.87,210.04,161.55,356.57,191.53,97.15,221.97,268.4,353.12,312.06,211.07,117.22,146.32,357.97,177.21,259.03,297.87,226.9,186.95,173.1,254.88,400.37,604.74,410.97,630.09
EWSR1,205.06,199.67,174.56,132.28,180.3,176.77,183.09,146.29,156.71,154.97,173.76,177.25,191.5,163.96,116.37,123.08,141.54,135.62,123.15,143.26,145.3,20,133.13,135.16,137.78,405.5,436.14,342,376.73
F13A1,201.33,82.94,105.4,99.21,181.18,172.61,114.88,202.22,207.36,135.31,328.47,212.69,207,211.5,202.41,89.87,93.83,233.42,200.24,223.85,137.43,189.09,102.68,117.37,144.66,435.38,352.69,304.64,309.66
FADD,20.51,20,20,26.67,27.13,20,48.47,22.59,20,30.07,20,29.12,27.67,20,20,20,33.4,24.91,20.02,26.22,20,20,23.37,28.45,22.96,46.1,52.47,77.6,44.71
FAS,70.84,248.82,247.02,58.67,122.54,372.25,542.1,59.7,243.76,238.24,51.57,82.29,94.09,49.98,56.33,195.37,264,49.82,176.21,120.24,52.67,20,126.05,262.02,49.37,275.74,252.91,439.71,257.5
FASLG,25.17,32.25,20,20,20.13,20,20,20,20,20,20,26.59,26.57,20.11,20,20,20,20,20.02,26.22,20,20,20,20,22.96,38.42,89.46,77.6,80.31
FCAR,54.06,59.9,51.05,40.54,80.52,199.64,755.71,77.98,197.86,865.06,97.53,20,32.1,20,71.18,121.13,364.2,73.81,55.07,84.42,20,20,20.54,59.28,22.96,826.36,57.64,137.95,120.88
FCER1A,26.1,173.56,373.83,365.9,20,68.63,233.36,27.43,71.23,113.34,30.27,60.77,100.73,59.12,20,20,292.63,37.83,82.1,101.05,62.96,20,50.28,100.78,65.44,39.27,46.45,123.58,110.12
FCER1G,366.32,532.96,408.41,211.22,772.86,1229.05,656.99,490.49,1228.32,1081.32,447.3,354.49,453.85,209.67,434.52,582.2,871.53,441.01,448.54,998.37,182.84,438.68,751.35,1010.12,225.03,1324.05,986.68,764.47,950.51
FCGR1A,56.86,198.13,133.39,21.34,145.29,347.3,630.06,92.51,251.68,342.32,58.29,68.37,49.81,20,83.56,220.77,440.54,79.34,183.22,127.91,20,20,112.6,291.66,31,717.94,236.56,448.33,141.58
FCGR2A,311.32,466.92,431.47,177.08,799.12,1541,1734.01,290.42,614.16,781.79,182.73,67.1,119.55,44.49,263.07,238.35,424.63,278.63,306.37,442.58,58.12,151.27,227.32,805.02,127.44,1479.42,296.78,373.61,289.79
FCGR2B,27.03,46.08,20,26.67,41.14,70.71,20,31.19,47.49,45.1,20,20,44.28,20,20,48.84,36.58,30.45,40.05,37.73,20,20,77.9,103.15,20,89.64,80.86,100.59,38.91
FCGR3,39.15,115.19,60.93,27.74,175.93,155.97,37.7,69.38,128.21,109.87,40.36,91.15,146.12,60.95,68.09,93.78,74.75,58.12,63.08,73.55,36.93,20,257.06,262.02,73.48,95.61,343.23,192.55,187.12
FCGRT,62.45,52.22,41.17,48,77.9,101.9,134.63,55.93,34.82,48.57,44.84,20,20,20,47.04,44.94,55.66,48.9,44.05,42.85,31.48,20,45.32,46.24,68.89,123.78,37.85,20,49.68
FEZ1,20,20,20,20,20,20,20,20,20,20,20,20,20,20,20,20,20,20,20,20,20,20,20,20,20,20,20,20,20
FKBP5,116.51,102.91,151.51,87.47,156.67,172.61,515.18,72.07,175.7,476.48,67.26,91.15,91.88,65.83,89.75,84.01,147.91,97.8,119.14,166.29,94.45,20,76.48,158.87,59.7,230.49,190.11,155.19,258.33
FLT1,20,20,20,20,20,20,20,20,20,20,20,20,20,20,20,20,20,20,20,20,20,20,20,20,20,20,20,20,20
FLT3LG,72.7,81.4,75.75,50.14,48.14,72.79,70.01,52.17,50.65,26.6,71.75,41.78,63.1,70.7,65.61,48.84,58.84,68.27,73.09,83.78,95.05,20,76.48,68.76,55.11,125.49,190.97,160.94,170.56
FN1,46.61,20,49.4,39.47,64.77,116.46,53.85,88.74,106.05,108.71,73.99,59.5,60.88,70.7,45.19,44.94,39.76,58.12,28.03,133.03,67.2,20,70.82,73.51,53.96,368.79,142.8,132.2,269.92
FOS,392.42,184.31,447.94,186.68,984.67,1016.93,741.35,1027.24,732.88,477.63,195.06,55.71,185.97,57.9,248.83,302.82,132,389.34,242.29,541.08,59.33,431.12,374.61,123.3,172.22,4352.9,210.76,534.55,1030
FOXJ1,20,20,20,20,20,20,20,20,20,20,20,20,20,20,20,20,20,20,20,20,20,20,20,20,20,20,20,20,20
FOXP3,20,20,20,20,20,20,20,20,20,20,20,20,20,20,20,20,20,20,20,20,20,20,20,20,20,20,20,20,20
FPR2,20,20,20,20,43.76,56.15,41.29,20,68.06,230.14,20,20,20,20,21.66,20,68.39,20,22.03,44.13,20,20,23.37,66.39,20,75.12,39.57,20,39.74
FUT5,20,20,20,20,20,20,20,20,20,20,20,20,20,20,20,20,20,20,20,20,20,20,20,20,20,20,20,20,20
FXYD2,20,20,20,20,20,20,20,20,20,20,20,20,20,20,20,20,20,20,20,20,20,20,20,20,20,20,20,20,20
FYN,249.8,195.06,214.09,162.15,228.44,143.49,138.22,193.62,132.96,106.4,191.7,170.92,219.18,209.67,143.6,115.27,132,229.73,137.16,184.2,176.18,181.52,161.46,150.57,179.11,280.86,390.54,250.03,433.03
GATA3,20,20,20,20,20,20,20,20,20,20,20,20,20,20,20,20,20,20,20,20,20,20,20,20,20,20,20,20,20
GBP1,89.48,1675.68,2058.54,179.22,494.52,3348.19,5413.85,76.91,2515.21,2572.04,50.45,560.86,772.66,62.17,76.75,1752.47,1867.11,72.89,1841.2,495.03,82.94,20,1264.06,1647.97,140.07,246.71,1360.02,2187.06,365.96
GFI1,20,20,20,20,20,20,20,20,20,20,20,20,24.35,20,20,20,20,20,20,20,20,20,20,23.71,20,20,28.39,20,35.6
GNAQ,138.88,110.59,97.16,106.68,203.06,180.93,213.61,134.46,107.64,89.05,116.59,78.49,87.45,59.12,133.08,138.71,122.46,124.55,124.15,90.18,67.2,166.4,86.4,111.45,74.63,313.3,190.11,181.06,152.35
GNAS,644.08,517.6,438.06,537.65,680.08,644.68,509.79,771.23,482.78,314.57,693.93,507.68,389.65,525.39,662.93,748.27,410.32,778.68,726.87,401.01,590.29,605.08,492.88,347.38,531.58,1312.96,1976.8,1218.55,1410.87
GNB1,315.05,376.3,446.29,312.56,589.05,426.32,588.77,487.27,398.89,442.94,257.84,232.95,335.41,224.3,268.64,242.26,321.26,331.22,276.33,310.83,230.06,393.3,298.13,409.03,290.48,942.46,687.32,557.54,640.85
GNGT1,20,20,20,20,20,20,20,20,20,20,20,20,20,20,20,20,20,20,20,20,20,20,20,20,20,20,20,20,20
GNLY,20,20,20,146.15,120.79,72.79,150.78,20,20,20,23.54,20,80.81,144.45,20,20,46.12,23.07,20,157.97,113.82,20,48.15,71.14,173.37,39.27,59.36,109.21,873.51
GP1BB,145.41,129.02,167.98,98.14,225.82,336.9,233.36,116.71,121.88,101.77,158.07,197.5,174.9,140.79,168.98,322.36,136.77,210.35,257.31,156.06,164.68,173.96,152.25,97.22,182.55,278.3,369.04,468.45,361
GPI,163.12,156.66,164.68,168.55,201.31,145.57,140.01,171.03,113.97,158.44,100.9,115.21,148.33,151.16,75.52,42.98,95.42,175.3,101.12,159.89,144.09,20,118.97,118.56,125.15,256.1,332.05,336.25,476.91
GPR183,68.04,44.54,54.35,62.94,58.64,68.63,39.49,52.17,20,26.6,57.17,43.05,45.39,69.48,52.61,20,20,73.81,38.05,51.81,63.57,20,47.45,32.01,62,227.08,173.77,169.56,198.71
GRB2,96.94,110.59,107.04,83.21,127.79,162.21,170.53,107.56,107.64,117.96,84.08,62.04,107.38,76.19,55.71,82.06,117.69,91.34,96.11,106.17,71.44,20,106.93,133.97,81.52,300.49,246.89,181.06,246.74
GTF3C1,20,20,20,20,20,20,20,20,20,20,20,20,23.25,20,20,20,20,20,20,20,20,20,20,20,20,32.44,28.39,20,24.01
GZMA,102.53,181.24,177.86,284.82,225.82,149.73,204.63,65.61,115.55,215.11,58.29,129.14,203.68,189.55,44.57,39.07,84.29,62.74,41.05,194.43,118.66,20,97.73,193.25,168.78,61.46,127.31,229.91,1077.19
GZMB,2463.55,3652.39,2908.3,2649.82,2343.96,2175.28,913.68,1264.95,1929.54,2070.12,1191.68,2197.85,2498.41,2121.06,1054.12,961.22,858.81,1406.05,1061.27,1872.67,1598.33,1134.52,1608.93,1570.91,1662.49,1862.73,3927.8,3589.54,5988.74
GZMH,1381.38,1875.35,1655.06,1318.51,1235.87,929.59,411.07,1007.34,1506.91,788.73,724.2,1491.4,1577.42,1166.58,526.13,410.28,252.87,977.04,682.82,1064.89,1040.73,605.08,880.95,829.91,1018.39,1071.37,2386.27,2129.59,3467.56
GZMK,205.99,167.41,115.28,167.48,208.31,114.38,61.03,176.41,126.63,39.32,227.57,279.8,303.31,469.31,138.65,20,68.39,333.06,166.2,308.91,382.02,158.83,155.79,179.02,293.92,656.48,1276.58,1089.22,2162.67
GZMM,20,20,20,20,20,20,20,20,20,20,20,20,20,20,20,20,20,20,20,20,20,20,20,20,20,20,43.87,20,39.74
HAMP,20,20,20,20,20,20,20,20,20,20,20,20,20,20,20,20,20,20,20,20,20,20,20,20,20,20,20,20,20
HAVCR2,20,20,20,20,20,20,20,20,20,24.29,20,20,20,20,20,20,20,20,20,20,20,20,20,20,20,20,23.23,20,20.7
HDAC4,31.69,46.08,39.52,30.94,38.51,68.63,145.4,31.19,31.66,46.26,26.91,20,20,20,20,20,60.43,20,31.04,33.9,20,20,30.45,50.98,20,110.98,55.05,74.72,45.54
HFE,20,20,20,20,20,20,20,20,20,20,20,20,20,20,20,20,20,20,20,20,20,20,20,20,20,20,20,20,20
HIF1A,66.18,76.8,90.58,76.81,182.06,133.1,152.58,94.66,112.39,341.17,47.08,43.05,65.31,40.23,55.09,46.89,89.06,81.19,47.06,109.37,47.83,20,50.99,131.6,49.37,313.3,113.55,106.34,165.59
HLA-A,789.49,1251.77,1223.59,645.39,196.93,328.58,290.8,110.79,188.36,233.61,274.66,213.96,278.95,211.5,121.94,246.17,306.94,232.5,259.31,257.11,124.11,20,223.78,333.15,156.15,945.02,637.43,747.22,760.91
HLA-B,1407.47,2589.54,2144.17,1231.04,2083.13,3350.27,3310.06,1230,1894.72,2169.58,586.31,533,619.9,400.44,757.63,1502.4,1623.78,729.78,927.11,824.41,417.14,809.29,1402.86,1943.18,827.8,3227.76,2222.83,2187.06,2537.74
HLA-C,23.3,46.08,20,23.47,62.14,97.74,86.16,54.86,69.65,50.89,20,20,20,20,20,20,20,51.67,32.04,28.14,20,20,26.91,40.31,20,22.2,21.51,20,20
HLA-DMA,137.02,150.52,143.27,93.87,292.34,197.56,125.65,141.45,183.61,201.23,108.74,119.01,167.15,60.95,86.04,111.36,100.19,107.02,143.17,173.32,73.26,20,245.73,263.2,82.67,331.23,269.25,235.66,196.23
HLA-DMB,49.4,73.72,20,28.8,39.39,68.63,43.08,27.43,72.81,82.11,30.27,35.45,56.45,24.38,33.42,20,57.25,20,51.06,73.55,34.51,20,106.93,136.34,35.59,71.71,86.88,91.97,62.1
HLA-DOB,20,20,20,20,20,20,20,20,20,20,20,20,20,20,20,20,20,20,20,20,20,20,20,20,20,21.34,20,63.23,20
HLA-DPA1,370.04,377.83,372.18,241.09,238.07,212.12,102.32,140.37,163.04,193.13,114.35,145.59,203.68,70.09,367.67,431.77,427.81,310.92,316.38,447.7,214.32,665.58,1030.37,1184.41,412.18,791.36,1019.37,635.14,661.55
HLA-DPB1,168.71,158.2,118.57,102.41,350.11,178.85,70.01,252.78,169.37,179.26,121.07,91.15,119.55,67.04,95.32,82.06,93.83,198.36,138.17,166.93,95.05,20,281.14,244.23,111.37,421.72,462.8,304.64,365.14
HLA-DQA1,65.25,20,20,52.27,110.28,81.11,48.47,53.24,20,20,163.67,106.35,150.55,103.01,155.98,115.27,155.86,263.87,224.27,225.77,154.99,332.79,379.57,363.98,196.33,407.2,487.75,264.4,289.79
HLA-DQB1,54.99,56.83,44.46,45.87,101.53,62.39,37.7,59.16,49.07,46.26,80.72,68.37,109.59,83.5,82.94,62.52,82.7,109.79,84.1,111.29,72.65,20,133.84,165.98,67.74,161.35,209.04,143.7,129.16
HLA-DRA,1705.75,1879.95,1371.81,977.15,1757.53,2243.91,963.94,1347.78,2179.64,2380.06,955.14,1014.1,1427.98,674.11,1025.03,1072.58,1221.41,1064.69,1334.59,1735.16,894.82,1437.05,2750.48,3350.48,1066.61,4813.04,5145.02,3526.32,3347.5
HLA-DRB1,452.07,548.32,408.41,279.49,1121.21,806.89,384.14,673.35,563.51,909,366.59,400.07,595.54,268.18,264.92,244.21,326.03,405.95,409.49,574.98,271.23,423.55,698.24,880.89,332.96,1707.36,1732.5,1094.97,1087.13
HMGB1,8991.06,5177.55,3809.11,3346.41,6359.67,5016.04,4643.78,13205.11,11407.87,5218.1,10646.68,7169.59,4883.9,4571.86,10768.38,9463.73,5402.53,5702.63,8113.69,3703.13,5014.75,4500.25,4115.1,2777.84,3242.32,23514.56,19160.7,13651.19,11389.61
HMGB2,73.64,72.19,72.46,84.27,82.27,72.79,156.17,101.65,72.81,157.28,69.51,43.05,55.35,87.16,38.38,39.07,89.06,107.94,41.05,52.44,64.78,20,57.36,65.21,58.55,116.1,103.23,77.6,206.99
HMGN1,20,20,20,20,20,20,20,20,20,20,20,20,20,20,20,20,20,20,20,20,20,20,20,20,20,20,20,20,20
HRAS,20,20,20,20,20,20,20,20,20,20,20,20,20,20,20,20,20,20,20,20,20,20,20,20,20,25.61,34.41,20,33.12
HSD11B1,20,20,20,20,20,20,20,20,20,20,20,20,20,20,20,20,20,20,20,20,20,20,20,20,20,20,20,20,20
HSH2D,20,55.29,41.17,20,49.89,168.45,102.32,30.12,144.04,82.11,20,32.92,32.1,20,22.28,80.1,60.43,29.52,62.07,37.1,20,20,46.03,56.91,32.15,75.98,65.38,109.21,44.71
HSPB1,20,20,20,20,20,20,20,20,20,20,20,20,20,20,20,20,69.98,20,20,20,20,20,20,20,20,461.84,218.5,218.42,62.1
HSPB2,20,20,20,20,20,20,20,20,20,20,20,20,20,20,20,20,20,20,20,20,20,20,20,20,20,20,20,20,22.36
ICAM1,20.51,20,20,21.34,20,20,35.9,24.2,20,42.79,57.17,29.12,34.32,42.06,29.71,20,36.58,25.83,31.04,20,20,20,20,20,20,64.88,81.72,120.71,63.75
ICAM2,148.2,170.49,136.69,114.14,134.79,199.64,156.17,123.16,128.21,93.68,130.04,112.68,121.77,148.72,109.56,113.31,97.01,110.71,118.14,108.09,121.09,20,105.52,115,120.55,245.86,345.81,316.13,288.14
ICAM3,74.57,67.58,60.93,49.07,79.65,139.33,156.17,76.37,75.98,116.81,41.48,20,27.67,27.43,34.04,46.89,82.7,51.67,61.07,63.96,21.8,20,33.99,50.98,31,143.42,61.94,106.34,105.98
ICAM4,40.08,20,20,22.4,90.15,20,20,108.1,31.66,20,152.46,111.41,77.49,90.82,160.93,158.25,90.65,187.29,123.15,33.26,44.8,20,84.98,71.14,58.55,240.74,297.64,224.17,216.93
ICAM5,20,20,20,20,20,20,20,20,20,20,20,20,20,20,20,20,20,20,20,20,20,20,20,20,20,20,20,20,20
ICOS,23.3,20,20,26.67,33.26,20,20,29.58,20,20,20,20,28.78,21.94,22.9,20,20,44.29,24.03,27.5,24.82,20,21.95,29.64,36.74,39.27,46.45,68.97,68.72
ICOSLG,20,20,20,20,20,20,20,20,20,20,20,20,20,20,20,20,20,20,20,20,20,20,20,20,20,20,20,20,20
IDO1,220.91,1016.77,905.76,183.48,617.94,1975.64,2635.12,178.56,913.33,1282.55,140.13,201.3,267.88,52.42,173.93,732.64,893.79,141.16,724.87,328.74,46.62,151.27,565.82,942.54,125.15,1630.52,1050.34,1787.59,547.29
IDO2,41.01,89.08,85.64,22.4,208.31,203.8,561.85,43.56,117.13,97.15,20,20,20,20,27.85,64.47,62.02,37.83,73.09,41.57,20,20,20,24.9,20,42.68,20,20,20
IFI16,343.95,1078.21,800.36,264.56,430.63,2431.07,1744.78,257.08,1413.52,973.77,248.87,379.81,376.37,237.7,208.6,838.14,526.42,250.03,720.86,528.93,212.5,242.03,541.03,688.83,256.03,1047.46,1303.24,965.64,851.16
IFI35,20,76.8,54.35,20,20,128.94,95.14,20,88.64,86.74,20,27.85,27.67,20,20,64.47,41.35,20,52.06,23.02,20,20,34.7,56.91,20,41.83,81.72,86.22,38.09
IFI44,32.62,1033.67,979.86,59.74,82.27,2649.43,1495.27,84.98,1869.39,1252.48,20,198.77,156.08,20,94.7,1271.86,750.66,20,594.71,211.06,20,20,524.74,557.23,31,1353.08,989.26,1005.88,187.12
IFIH1,37.28,556,340.89,46.94,86.65,900.48,418.25,47.87,715.47,444.09,33.63,145.59,154.97,38.4,44.57,654.49,337.16,48.9,442.53,185.48,35.72,20,205.37,246.6,45.93,464.4,529.04,600.65,219.41
IFIT1,79.23,3409.72,1496.97,83.21,102.41,7388.89,2651.28,181.25,4940.19,2733.95,99.77,554.53,522.48,95.69,289.68,5101.11,1622.19,111.64,2356.82,597.36,92.63,20,987.17,853.63,66.59,1371.01,1828.84,3284.91,441.31
IFIT2,54.99,1976.72,1030.91,62.94,136.54,5072.19,2159.44,66.15,3028.06,1548.55,39.24,240.55,143.9,31.08,80.47,1813.03,531.19,51.67,1529.83,236,36.33,20,468.8,390.06,49.37,895.51,787.97,1405.35,195.4
IFIT3,77.36,2451.31,1343.81,87.47,162.8,4968.21,3250.82,135.53,3414.29,1959.1,50.45,403.87,313.27,29.87,158.46,3704.22,1666.72,71.96,1795.15,360.08,49.04,151.27,784.64,802.64,89.55,2081.27,1583.68,2813.58,491.82
IFITM1,824.91,2150.27,2002.54,574.98,2042.87,4094.77,5544.89,1086.94,2478.8,2988.38,491.02,941.93,991.84,594.87,601.03,1496.53,2377.62,1115.43,1597.91,1314.96,530.35,438.68,1007.71,2075.97,520.1,4756.69,4425.87,4466.09,2443.35
IFNA1/13,20,20,20,20,20,20,20,20,20,20,20,20,20,20,20,20,20,20,20,20,20,20,20,20,20,20,20,20,20
IFNA2,20,20,20,20,20,20,20,20,20,20,20,20,20,20,20,20,20,20,20,20,20,20,20,20,20,20,20,20,20
IFNA4,20,20,20,20,20,20,20,20,20,20,20,20,20,20,20,20,20,20,20,20,20,20,20,20,20,20,20,20,20
IFNAR1,30.76,20,20,20,39.39,20,68.21,38.19,45.9,34.69,25.78,20,20,20,35.28,20,38.17,20,29.03,30.7,21.8,20,24.08,42.68,29.85,70.86,48.17,66.1,51.33
IFNAR2,46.61,78.33,54.35,42.67,59.52,79.03,226.18,37.65,58.57,89.05,38.12,20,26.57,29.87,37.14,42.98,82.7,31.37,45.05,56.28,33.9,20,43.2,75.88,26.41,95.61,59.36,57.48,57.13
IFNB1,20,20,20,20,20,20,39.49,20,20,20,20,20,20,20,20,20,20,20,20,20,20,20,20,20,20,20,20,20,20
IFNG,23.3,20,20,20,20,20,20,20,20,20,20,20,20,20,20,20,20,20,20,20,20,20,20,20,20,27.32,25.81,20,33.95
IFNGR1,149.14,125.94,70.81,77.87,232.82,374.33,321.31,176.94,208.94,231.3,100.9,31.65,35.42,26.82,107.7,76.19,168.58,131.93,77.09,156.7,41.17,20,77.9,243.05,78.07,871.61,190.11,204.05,250.05
IFNGR2,83.89,124.41,67.52,60.81,243.32,232.92,281.82,155.97,120.3,142.25,78.47,51.91,55.35,40.84,92.85,91.82,162.22,135.62,98.12,119.6,36.33,20,108.35,239.49,60.85,339.76,141.08,181.06,168.91
IGF2R,195.74,347.12,326.07,167.48,553.17,675.88,1152.42,218.36,246.93,350.42,183.85,69.63,146.12,82.89,166.51,197.32,376.92,352.44,310.37,310.19,91.42,151.27,118.26,232.38,93,969.78,292.48,477.07,438.83
IKBKAP,50.33,36.86,20,23.47,43.76,20,20,34.96,44.32,26.6,32.51,20,34.32,39.01,37.14,20,33.4,36.9,30.04,28.14,27.85,20,24.08,24.9,20,79.39,103.23,178.18,103.5
IKBKB,44.74,20,44.46,41.6,47.26,20,20,42.49,20,26.6,44.84,20,37.64,35.96,42.09,20,20,23.99,20,35.82,23.01,20,29.74,45.05,42.48,124.64,106.67,71.85,71.21
IKBKE,20,20,20,20,20,20,20,20,20,20,20,20,20,20,20,20,20,20,20,20,20,20,21.95,20,20,25.61,34.41,57.48,32.29
IKBKG,20,20,20,20,28.88,20,20,20,20,20,20,20,20,20,20,20,20,20,20,20,20,20,20,20,20,45.24,20.65,20,20
IKZF1,163.12,164.34,174.56,128.01,141.79,160.13,190.27,106.49,132.96,112.18,123.32,119.01,163.83,141.4,110.18,85.96,117.69,110.71,139.17,138.79,125.32,151.27,148.71,163.61,134.33,403.79,452.48,293.14,379.21
IKZF2,64.32,43.01,49.4,41.6,23.63,20,20,22.05,20,20,28.03,20,26.57,26.21,34.66,20,33.4,20,20,23.66,24.82,20,29.03,37.94,27.56,30.73,51.61,20,52.16
IKZF3,121.17,122.87,163.04,102.41,170.68,54.07,96.93,129.61,69.65,52.04,84.08,101.28,121.77,127.99,86.66,58.61,55.66,114.4,92.11,115.12,148.93,20,95.6,86.55,146.96,154.52,275.27,178.18,263.3
IL10,20,20,20,20,20,20,20,20,20,20,20,20,20,20,20,20,20,20,20,20,20,20,20,20,20,20,20,20,20
IL10RA,156.59,179.7,181.15,114.14,185.56,201.72,188.48,151.67,188.36,245.18,123.32,165.85,139.48,112.15,98.42,148.48,144.72,151.31,136.16,170.77,108.98,204.21,228.03,201.55,109.07,350.01,340.65,244.28,287.31
IL10RB,102.53,142.84,139.98,108.81,243.32,185.09,308.75,134.99,147.21,179.26,87.44,74.7,71.95,65.22,92.23,99.64,194.03,139.31,111.13,134.95,76.89,20,97.73,190.88,97.59,256.96,141.08,135.07,172.22
IL11,20,20,20,20,20,20,20,20,20,20,20,20,20,20,20,20,20,20,20,20,20,20,20,20,20,20,20,20,20
IL11RA,55.93,36.86,20,35.2,59.52,54.07,37.7,50.56,20,20,43.72,37.98,50.92,43.27,43.33,46.89,42.94,40.59,38.05,41.57,51.46,20,26.91,29.64,27.56,59.76,66.24,83.34,67.89
IL12A,20,20,20,20,20,20,20,20,20,20,20,20,20,20,20,20,20,20,20,20,20,20,20,20,20,20,20,20,20
IL12B,20,20,20,20,20,20,20,20,20,20,20,20,20,20,20,20,20,20,20,20,20,20,20,20,20,20,20,20,20
IL12RB1,37.28,67.58,60.93,32,20,60.31,70.01,20,44.32,47.42,20,20,25.46,21.33,20,20,39.76,20,36.04,42.21,21.19,20,37.53,48.61,29.85,62.32,84.3,68.97,73.69
IL12RB2,38.22,20,39.52,32,43.76,20,20,29.58,31.66,20,20,20,32.1,24.99,32.81,20,20,23.07,20,29.42,23.01,20,23.37,34.38,32.15,35,56.77,20,57.13
IL13,20,20,20,20,20,20,20,20,20,20,20,20,20,20,20,20,20,20,20,20,20,20,20,20,20,20,20,20,20
IL13RA1,73.64,89.08,108.69,46.94,91.03,139.33,319.52,62.39,90.22,183.88,39.24,25.32,44.28,20,64.99,76.19,117.69,59.97,75.09,67.16,20,20,67.98,105.52,45.93,160.49,62.8,155.19,77
IL15,38.22,44.54,34.58,20,39.39,70.71,53.85,20.97,20,26.6,20,31.65,30.99,20,20,20,47.71,35.06,20,44.13,20.58,20,43.2,71.14,20,78.54,80,66.1,57.96
IL16,153.8,105.98,151.51,149.35,203.94,183.01,315.93,148.44,110.8,91.36,103.14,74.7,76.38,96.91,105.23,78.15,122.46,154.08,101.12,146.46,118.66,20,96.31,139.9,96.44,253.54,147.96,91.97,179.67
IL17A,20,20,20,20,20,20,20,20,20,20,20,20,20,20,20,20,20,20,20,20,20,20,20,20,20,20,20,20,20
IL17B,20,20,20,20,20,20,20,20,20,20,20,20,20,20,20,20,20,20,20,20,20,20,20,20,20,20,20,20,20
IL17F,20,20,20,20,20,20,20,20,20,20,20,20,20,20,20,20,20,20,20,20,20,20,20,20,20,20,20,20,20
IL17RA,84.82,87.55,113.63,80.01,165.43,160.13,335.67,133.38,158.29,131.84,75.11,34.18,70.85,29.26,88.51,113.31,174.94,110.71,87.1,114.48,35.72,20,97.73,137.53,53.96,321.84,139.36,114.96,120.88
IL18,20,20,20,20,20,20,20,20,20,20,20,20,20,20,20,20,20,20,20,20,20,20,20,20,20,35,32.69,20,30.64
IL18R1,20,20,20,20,20,20,20,20,20,39.32,20,20,20,20,20,20,20,20,20,20,20,20,20,28.45,20,26.46,21.51,20,25.67
IL18RAP,21.44,82.94,39.52,21.34,100.66,116.46,202.84,22.59,49.07,111.02,33.63,20,20,20,20,48.84,84.29,26.76,27.03,56.28,20,20,24.08,94.85,20,57.2,20,20,24.01
IL19,20,20,20,20,20,20,20,20,20,20,20,20,20,20,20,20,20,20,20,20,20,20,20,20,20,20,20,20,20
IL1A,20,20,20,20,20,20,20,20,20,20,20,20,20,20,20,20,20,20,20,20,20,20,20,20,20,20,20,20,20
IL1B,42.88,58.36,20,20,154.92,183.01,107.7,61.85,82.31,45.1,32.51,20,24.35,20,26.62,64.47,90.65,46.13,46.06,28.14,20,20,21.24,67.58,22.96,98.17,63.66,97.71,31.46
IL1R1,68.04,38.4,41.17,34.14,132.16,99.82,154.37,67.77,63.32,98.3,85.2,20,20,20,64.99,20,87.47,84.88,22.03,49.25,20,20,27.62,96.03,33.3,259.52,47.31,60.35,38.09
IL1R2,140.75,78.33,90.58,133.34,299.34,230.84,656.99,111.33,37.99,334.23,58.29,20,20,20,68.09,42.98,119.28,78.42,20,27.5,20,20,20,27.27,26.41,440.5,30.97,20,54.65
IL1RAP,90.41,93.69,118.57,57.6,270.46,334.82,578,128,170.95,223.2,103.14,35.45,53.13,25.6,128.13,109.41,219.47,88.57,68.08,183.56,30.27,20,48.15,305.88,67.74,311.59,92.9,109.21,81.14
IL1RL1,20,20,20,20,20,20,20,20,20,20,20,20,20,20,20,20,20,20,20,20,20,20,20,20,20,20,20,20,20
IL1RL2,20,20,20,20,20,20,20,20,20,20,20,20,20,20,20,20,20,20,20,20,20,20,20,20,20,20,20,20,20
IL1RN,20,59.9,20,20,77.9,153.89,77.19,50.56,64.9,55.51,20,20,20,20,20,76.19,41.35,61.81,60.07,37.73,20,20,34.7,47.42,20,112.69,35.27,74.72,20
IL2,20,20,20,20,20,20,20,20,20,20,20,20,20,20,20,20,20,20,20,20,20,20,20,20,20,20,20,20,20
IL20,20,20,20,20,20,20,20,20,20,20,20,20,20,20,20,20,20,20,20,20,20,20,20,20,20,20,20,20,20
IL21,20,20,20,20,66.52,20,20,52.17,20,20,20,20,20,20,20,20,20,52.59,20,20,20,20,20,20,20,20,20,20,20
IL21R,31.69,20,32.94,24.54,28.88,20,20,20,20,20,29.15,20,29.89,20.11,23.52,20,20,44.29,22.03,35.82,24.82,20,20.54,34.38,20,29.88,59.36,20,40.57
IL22,20,20,20,20,20,20,20,20,20,20,20,20,20,20,20,20,20,20,20,20,20,20,20,20,20,20,20,20,20
IL22RA2,20,20,20,20,20,20,20,20,20,20,20,20,20,20,20,20,20,20,20,20,20,20,20,20,20,20,20,20,20
IL23A,20,20,20,20,20,20,20,20,20,20,20,20,20,20,20,20,20,20,20,20,20,20,20,20,20,20,20,20,20
IL23R,20,20,20,20,20,20,20,20,20,20,20,20,20,20,20,20,20,20,20,20,20,20,20,20,20,20,20,20,20
IL26,20,20,20,20,20,20,20,20,20,20,20,20,20,20,20,20,20,20,20,20,20,20,20,20,20,20,20,20,20
IL27,20,20,20,20,20,20,20,20,20,20,20,20,20,20,20,20,20,20,20,20,20,20,20,20,20,20,20,20,20
IL28A,20,20,20,20,20,20,20,20,20,20,20,20,20,20,20,20,20,20,20,20,20,20,20,20,20,20,20,20,20
IL28B,20,20,20,20,20,20,20,20,20,20,20,20,20,20,20,20,20,20,20,20,20,20,20,20,20,32.44,24.95,20,20
IL29,20,20,20,20,20,20,20,20,20,20,20,20,20,20,20,20,20,20,20,20,20,20,20,20,20,32.44,38.71,20,22.36
IL2RA,20,20,20,20,20,20,20,20,20,20,20,20,20,20,20,20,20,20,20,20,20,20,20,20,20,20,20,20,20
IL2RB,69.91,50.69,79.05,60.81,62.14,43.67,20,50.56,58.57,38.16,67.26,45.58,79.7,104.83,62.52,20,42.94,65.51,37.04,81.87,92.63,20,58.07,67.58,89.55,86.22,135.06,68.97,187.95
IL2RG,164.05,113.66,156.45,140.81,210.94,120.62,95.14,136.07,115.55,86.74,123.32,120.27,147.23,151.16,112.65,64.47,76.34,172.53,107.13,141.35,131.98,20,97.73,78.25,96.44,145.98,290.76,192.55,301.38
IL3,20,20,20,20,20,20,20,20,20,20,20,20,20,20,20,20,20,20,20,20,20,20,20,20,20,20,20,20,20
IL33,20,20,20,20,20,20,20,20,20,20,20,20,20,20,20,20,20,20,20,20,20,20,20,20,20,20,20,20,20
IL4,20,20,20,20,20,20,20,20,20,26.6,20,20,20,20,20,20,20,20,20,20,20,20,20,20,20,20,20,20,20
IL4R,20,20,20,20,20,20,20,20,20,20,20,20,20,20,20,20,20,20,20,20,20,20,20,20,20,20,20,20,22.36
IL5,20,20,20,20,20,20,20,20,20,20,20,20,20,20,20,20,20,20,20,20,20,20,20,20,20,20,20,20,20
IL5RA,20,20,20,20,20,20,20,20,20,20,20,20,20,20,20,20,20,20,20,20,20,20,20,20,20,20,20,20,20
IL6,20,20,20,20,20,20,20,20,20,20,20,20,20,20,20,20,20,20,20,20,20,20,20,20,20,20,20,20,20
IL6R,100.67,73.72,72.46,64.01,484.9,135.18,299.77,243.09,101.3,69.39,84.08,45.58,46.49,32.3,76.13,64.47,71.57,179.91,74.09,74.83,29.06,20,63.73,66.39,62,236.47,74.84,89.09,98.53
IL6ST,74.57,53.76,42.82,45.87,72.65,49.91,52.06,64,52.24,50.89,52.69,37.98,59.78,48.76,63.75,20,82.7,71.04,55.07,53.72,44.8,20,38.24,41.5,31,88.78,79.14,68.97,72.03
IL7,39.15,39.93,37.88,37.34,25.38,20,20,36.03,37.99,28.91,20,20,38.74,21.33,20,20,20,20,20,20,20,20,24.79,23.71,29.85,52.93,81.72,80.47,63.75
IL7R,425.97,265.71,293.14,182.42,367.61,289.07,233.36,358.19,254.84,117.96,345.29,248.14,359.76,357.78,400.48,164.11,201.98,389.34,210.25,315.95,290,294.97,233.69,193.25,202.07,553.18,910.12,517.31,646.65
IL8,123.04,142.84,143.27,133.34,325.6,307.78,513.38,389.38,204.19,485.73,124.44,20,57.56,34.74,172.7,111.36,321.26,238.95,107.13,220.01,38.75,20,63.73,165.98,119.41,7019.79,108.39,218.42,468.63
IL9,58.72,58.36,64.23,38.4,29.76,91.5,59.24,20,47.49,33.54,38.12,20,32.1,28.04,34.04,72.29,73.16,22.14,68.08,47.97,22.4,20,63.03,88.92,24.11,20,20,20,20
ILF3,68.98,66.04,113.63,90.67,129.54,95.66,71.8,80.14,45.9,83.27,58.29,56.97,86.34,72.53,65.61,20,33.4,76.58,59.07,78.67,77.49,20,66.57,67.58,58.55,113.54,150.54,114.96,162.28
IRAK1,48.47,39.93,34.58,43.74,56.02,43.67,50.26,45.71,45.9,50.89,31.39,20,45.39,35.35,20.43,20,39.76,34.14,30.04,49.89,35.11,20,49.57,53.35,35.59,66.59,74.84,57.48,65.41
IRAK2,20,20,20,20,20,20,20,20,20,20,20,20,20,20,20,20,20,20,20,20,20,20,20,20,20,42.68,43.01,20,32.29
IRAK3,156.59,133.62,222.32,134.41,589.05,517.83,1172.16,136.07,207.36,460.28,109.86,43.05,55.35,40.84,66.85,41.03,195.62,94.11,53.06,134.31,39.96,20,102.68,224.08,71.18,300.49,79.14,103.46,167.25
IRAK4,54.99,52.22,52.7,35.2,51.64,60.31,61.03,41.95,44.32,58.98,38.12,31.65,47.6,38.4,35.28,20,54.07,33.21,31.04,37.73,29.06,20,36.12,50.98,27.56,97.32,89.46,80.47,82.8
IRF1,204.13,479.2,449.58,186.68,556.67,740.34,1111.13,289.89,489.11,533.14,147.98,154.46,216.96,110.32,128.75,398.55,542.32,271.25,430.51,250.07,110.19,158.83,293.18,463.57,140.07,669.28,529.04,899.54,357.68
IRF3,118.38,121.34,125.16,97.07,142.67,131.02,102.32,103.8,85.48,120.28,85.2,115.21,120.66,118.24,91.61,56.66,93.83,116.25,73.09,106.81,107.77,20,104.81,112.63,105.63,249.27,299.36,178.18,330.36
IRF4,27.96,20,20,56.54,35.89,45.75,37.7,32.27,20,40.48,20,20,20,83.5,25.38,20,20,32.29,24.03,50.53,67.81,20,26.91,45.05,68.89,81.95,54.19,94.84,98.53
IRF5,34.49,69.12,32.94,20,23.63,87.34,70.01,27.97,69.65,62.45,20,34.18,20,20,20,56.66,47.71,20,57.07,35.18,20,20,49.57,39.12,22.96,79.39,73.12,71.85,48.85
IRF7,37.28,182.77,153.16,20,230.19,295.31,290.8,93.04,161.45,163.07,20,65.83,57.56,20,29.09,148.48,98.6,95.03,131.16,44.77,20,20,88.52,115,20,128.91,120.43,232.79,43.88
IRF8,30.76,20,20,20,36.76,20,20,40.34,20,33.54,22.42,20,20,20,22.28,20,20,37.83,25.03,20,21.19,20,24.79,20,20,100.73,86.88,57.48,33.12
IRGC,20,20,20,20,20,20,61.03,20,20,52.04,20,20,20,20,20,20,31.81,20,20,20,20,20,20,26.08,20,28.17,20,20,20
IRGM,20,20,20,20,20,20,20,20,20,20,20,20,20,20,20,20,20,20,20,20,20,20,20,20,20,20,20,20,20
ISG20,53.13,204.28,194.33,89.61,72.65,461.68,296.18,44.64,246.93,250.96,36.99,127.87,110.7,83.5,34.66,289.15,114.51,40.59,201.24,86.34,71.44,20,135.97,104.33,59.7,140.86,292.48,359.24,189.61
ITGA2B,122.11,96.76,100.46,93.87,247.7,322.34,190.27,220.51,144.04,111.02,218.61,182.31,204.79,173.71,149.17,164.11,82.7,239.88,175.21,157.97,103.53,151.27,155.79,84.18,142.37,389.28,449.04,396.6,500.1
ITGA4,378.43,314.86,293.14,232.55,268.71,311.94,96.93,278.05,310.25,163.07,257.84,248.14,283.38,337.66,230.88,171.93,163.81,264.79,200.24,331.3,293.03,279.85,373.91,377.02,261.77,817.82,904.96,661.01,931.47
ITGA5,151,156.66,125.16,89.61,411.37,289.07,278.23,301.72,104.47,91.36,140.13,63.3,75.27,63.39,128.75,101.59,89.06,239.88,115.14,127.28,53.88,20,101.27,162.43,94.15,508.79,165.16,135.07,160.63
ITGA6,20.51,20,20,20,31.51,20,20,26.89,20,20,26.91,32.92,20,21.33,30.33,20,20,48.9,39.05,28.14,30.27,20,20,20,22.96,32.44,49.03,60.35,42.23
ITGAE,20,20,20,20,20,20,20,20,20,20,20,20,20,20,20,20,20,20,20,20,20,20,20,20,20,20,20,20,20
ITGAL,146.34,172.02,149.86,123.74,116.41,128.94,157.96,143.06,129.8,89.05,54.93,72.16,127.3,86.55,62.52,56.66,81.11,111.64,111.13,134.95,113.82,20,152.25,141.09,101.04,268.91,461.94,298.89,423.92
ITGAM,58.72,119.8,118.57,69.34,100.66,295.31,346.44,68.84,139.29,327.29,71.75,51.91,78.59,34.13,48.9,115.27,221.06,78.42,121.14,166.93,45.41,20,99.14,144.64,58.55,209.15,104.95,112.08,118.4
ITGAX,58.72,56.83,59.29,44.8,158.42,83.18,57.44,82.29,56.98,37.01,23.54,20,29.89,20,32.19,20,20,85.8,44.05,68.43,22.4,20,46.03,56.91,20,257.81,105.81,60.35,96.05
ITGB1,214.38,187.38,148.21,124.81,191.68,280.75,157.96,191.46,193.11,79.8,233.18,189.91,168.26,218.2,173.31,123.08,111.33,240.8,186.22,170.77,176.18,20,151.55,98.4,129.74,449.03,511.84,327.63,420.61
ITGB2,139.82,158.2,158.1,115.21,217.94,183.01,154.37,149.51,99.72,205.86,88.56,79.76,140.58,81.67,90.99,52.75,90.65,148.54,87.1,123.44,87.79,20,136.67,177.84,106.78,219.4,205.59,169.56,257.5
ITLN1,20,20,20,20,20,20,20,20,20,20,20,20,20,20,20,20,20,20,20,20,20,20,20,20,20,20,34.41,60.35,22.36
ITLN2,20,20,20,20,20,20,20,20,20,20,20,20,20,20,20,20,38.17,20,20,20,20,20,20,20,20,20,20,20,20
JAK1,178.03,170.49,148.21,147.21,188.18,176.77,213.61,198.46,131.38,154.97,124.44,93.69,160.51,136.53,139.89,97.69,124.05,201.13,124.15,140.71,150.15,151.27,140.92,138.71,104.48,462.69,418.93,264.4,318.77
JAK2,96.01,250.35,181.15,66.14,170.68,305.7,464.92,154.35,351.4,241.71,127.8,162.05,151.65,110.93,102.75,185.6,208.34,107.02,204.24,97.85,79.31,20,206.78,170.73,65.44,427.69,417.21,370.74,237.63
JAK3,58.72,67.58,88.93,46.94,87.53,87.34,44.88,64,36.41,57.82,49.33,48.11,58.67,46.93,42.09,20,47.71,47.05,35.04,39.01,56.3,20,39.66,62.84,40.18,67.44,99.79,123.58,82.8
JUN,20,20,20,20,29.76,20,20,24.2,20,20,20,20,20,20,20,20,20,23.07,20,20,20,20,20,20,20,52.07,32.69,20,33.95
KCNJ2,109.99,208.88,279.96,102.41,149.67,305.7,741.35,88.74,121.88,165.38,89.68,27.85,49.81,23.77,58.8,136.76,209.93,101.49,118.14,97.22,25.43,20,65.86,206.29,62,272.32,83.44,209.8,125.85
KEAP1,20,20,20,20,20,20,20,20,20,20,20,20,20,20,20,20,20,20,20,20,20,20,20,20,20,20,20,20,21.53
KIR2DL4,20,20,20,20,20,20,20,20,20,20,20,20,20,20,20,20,20,20,20,20,20,20,20,20,20,20,22.37,20,20
KIR3DL1,20,20,20,20,20,20,20,20,20,20,20,20,20,20,20,20,20,20,20,20,20,20,20,20,20,20,20,20,20
KIR3DL2,26.1,36.86,20,37.34,49.01,20,20,20,34.82,47.42,20,20,20,22.55,20,20,20,20,20,20,20,20,20,37.94,29.85,20.49,20,20,24.84
KIR3DL3,20,20,20,20,20,20,20,20,20,20,20,20,20,20,20,20,20,20,20,20,20,20,20,20,20,20,20,20,20
KIR3DS1,20,20,20,25.6,21.88,20,20,20,20,38.16,20,20,20,20,20,20,20,20,20,20,20,20,20,20,20,20,20,20,20
KIT,20,20,20,20,20,20,20,20,20,20,20,20,20,20,20,20,20,20,20,20,20,20,20,20,20,20,20,20,20
KLRB1,20,20,20,23.47,36.76,20,20,20,20,20,20,20,20,20,20,20,20,20,20,20,20,20,20,23.71,24.11,20.49,20,20,20.7
KLRC1,27.03,20,20,37.34,22.76,20,20,20,20,20,29.15,25.32,20,29.26,20,20,20,20,20,22.39,20,20,24.79,27.27,32.15,36.71,60.22,68.97,63.75
KLRC2,54.06,56.83,37.88,45.87,48.14,43.67,20,45.18,55.4,42.79,49.33,32.92,27.67,45.1,54.47,20,20,22.14,20,20,30.88,20,42.49,42.68,76.92,41.83,60.22,20,67.07
KLRC3,52.2,41.47,37.88,55.47,126.91,83.18,20,81.21,58.57,72.86,45.96,29.12,27.67,46.93,45.19,20,20,57.2,20,34.54,42.99,20,45.32,49.79,60.85,46.95,39.57,80.47,76.17
KLRD1,158.46,222.71,194.33,136.54,64.77,101.9,55.65,111.87,215.27,126.06,100.9,159.52,161.62,207.23,90.99,60.56,73.16,95.95,80.1,168.85,179.81,20,99.14,141.09,144.66,331.23,691.62,577.66,1038.28
KLRF1,82.03,167.41,72.46,93.87,112.91,56.15,20,65.61,102.89,56.67,39.24,62.04,77.49,73.75,36.52,20,20,62.74,32.04,62.04,66.6,20,58.78,67.58,72.33,57.2,157.42,137.95,248.39
KLRF2,20,20,20,20,20,20,20,20,20,20,20,20,20,20,20,20,20,20,20,20,20,20,20,20,20,20,20,20,20
KLRG1,53.13,59.9,85.64,77.87,25.38,20,20,48.94,61.73,20,40.36,34.18,50.92,48.15,20,20,20,43.36,36.04,46.69,58.12,20,20,29.64,22.96,41.83,84.3,63.23,88.59
KLRG2,20,20,20,20,20,20,20,20,20,20,20,20,20,20,20,20,20,20,20,20,20,20,20,20,20,20,20,20,20
KLRK1,265.65,261.1,204.21,202.68,278.33,110.22,52.06,260.31,115.55,55.51,124.44,125.34,152.76,163.35,105.85,46.89,38.17,214.04,83.1,115.76,154.99,20,85.69,92.48,128.59,202.32,320.86,238.54,399.08
KNG1,20,20,20,20,20,20,20,20,20,20,20,20,20,20,20,20,20,20,20,20,20,20,20,20,20,20,20,20,20
LAG3,20,20,20,20,20,20,20,20,20,20,20,20,26.57,20,20,20,20,20,20,20,20,20,20,20,20,20.49,27.53,66.1,48.85
LAIR1,270.31,360.94,429.82,342.43,275.71,388.89,624.68,183.93,307.08,430.22,99.77,93.69,125.09,131.65,108.94,125.04,206.75,89.49,94.11,114.48,105.95,211.78,191.2,235.93,156.15,138.3,178.93,149.44,233.49
LAIR2,20,20,20,20,20,20,20,20,20,20,20,20,20,20,20,20,20,20,20,20,20,20,20,20,20,20,20,20,20
LAMP3,20,20,20,20,20,20,20,20,20,20,20,20,20,20,20,20,20,20,20,20,20,20,20,20,20,20,20,20,20
LCK,109.06,133.62,110.34,96.01,122.54,85.26,77.19,100.03,68.06,61.29,95.29,87.36,130.62,115.8,71.8,70.33,68.39,101.49,73.09,124.72,112,20,71.52,71.14,63.15,127.2,187.53,140.82,254.19
LCP2,276.83,382.44,464.41,190.95,357.98,625.97,872.39,316.78,313.41,436,230.94,194.97,250.17,185.29,237.69,380.97,408.73,296.16,374.45,287.81,179.81,264.72,253.52,437.48,179.11,1003.93,599.58,554.67,558.05
LEF1,49.4,38.4,34.58,24.54,86.65,70.71,59.24,77.45,41.16,20,53.81,20,55.35,43.27,57.57,46.89,54.07,71.96,34.04,42.21,42.38,20,33.28,24.9,28.7,58.9,58.5,80.47,46.37
LGALS3,235.82,208.88,174.56,229.35,320.35,193.4,222.59,320.54,202.61,284.5,172.64,84.82,132.84,162.13,154.13,95.73,206.75,327.53,120.14,355.6,190.1,264.72,169.96,282.17,165.33,1274.54,396.56,379.36,878.48
LIF,20,20,20,20,20,20,20,20,20,20,20,20,20,20,20,20,20,20,20,20,20,20,20,20,20,20,20,20,20
LILRA1,20,20,20,20,34.14,20,20,30.66,33.24,20,20,20,20,20,20,20,20,20,20,20,20,20,20,20,20,44.39,31.83,20,20
LILRA2,121.17,205.81,171.27,91.74,49.01,51.99,41.29,57.55,47.49,43.95,20,20,20,20,24.14,20,49.3,20,20,20,20,20,59.49,139.9,28.7,297.93,61.94,100.59,72.86
LILRA3,75.5,245.75,227.26,106.68,448.14,507.43,992.66,115.09,216.86,411.71,133.41,83.56,99.63,29.26,115.75,326.27,507.33,233.42,243.29,333.86,32.69,20,55.24,171.91,31,410.62,74.84,189.68,160.63
LILRA4,20,20,20,20,20,20,20,20,20,34.69,20,20,20,20,20,20,20,20,20,20,20,20,20,20,20,22.2,28.39,20,20
LILRA5,23.3,49.15,51.05,20,70.02,122.7,132.83,33.34,72.81,93.68,29.15,20,20,20,32.81,41.03,100.19,36.9,35.04,44.13,20,20,22.66,53.35,20,101.59,30.11,20,50.51
LILRA6,20,20,20,20,20,20,20,20,20,20,20,20,20,20,20,20,20,20,20,20,20,20,20,20,20,20,20,20,20
LILRB1,20,20,20,20,20,20,20,20,20,20,20,20,20,20,20,20,20,20,20,20,20,20,20,20,20,29.88,41.29,20,20
LILRB2,20,36.86,20,20,45.51,62.39,43.08,20,58.57,42.79,35.87,20,42.06,20,33.42,39.07,55.66,28.6,40.05,67.16,28.46,20,50.99,48.61,20,146.83,109.25,20,92.73
LILRB3,20,43.01,44.46,22.4,76.15,95.66,157.96,32.27,66.48,76.33,25.78,20,20,20,22.9,48.84,57.25,21.22,24.03,40.29,20,20,21.24,34.38,20,91.34,22.37,20,30.64
LILRB4,20,20,20,20,20,20,20,20,20,20,20,20,20,20,20,20,20,20,20,20,20,20,20,20,20,20,23.23,20,25.67
LILRB5,20,20,20,20,20,20,20,20,20,20,20,20,20,20,20,20,20,20,20,20,20,20,20,20,20,20,20,20,20
LIMK1,20,20,20,20,20,20,20,20,20,20,20,20,20,20,20,20,20,20,20,20,20,20,20,20,20,20,20,20,20
LITAF,156.59,176.63,131.75,76.81,582.05,432.56,515.18,276.98,220.02,345.79,154.71,60.77,108.48,67.04,162.17,101.59,211.52,237.11,111.13,228.97,62.96,20,89.94,438.67,103.33,1271.98,283.87,313.26,244.25
LTA,20,20,20,20,20,20,20,20,20,20,20,20,20,20,20,20,20,20,20,20,20,20,20,20,20,20,20,20,20
LTB,101.6,99.83,93.87,67.21,169.8,133.1,224.38,74.76,74.4,72.86,57.17,55.71,77.49,62.17,70.56,52.75,65.21,109.79,70.08,88.9,63.57,20,60.19,85.36,80.37,138.3,102.37,123.58,110.12
LTB4R,20,20,20,20,21.88,20,53.85,20,20,30.07,20,20,20,20,20,20,20,20,20,20,20,20,20,20,20,52.93,20,20,20
LTB4R2,20,20,20,20,20,20,20,20,20,20,20,20,20,20,20,20,20,20,20,20,20,20,20,20,20,20,20,20,20
LTBR,20,20,20,20,20,20,20,20,20,20,20,20,20,20,20,20,20,20,20,20,20,20,20,24.9,20,43.54,28.39,20,24.84
LTF,20,20,20,20,20,20,43.08,20,20,80.95,20,20,20,20,20,20,20,75.65,20,20,20,20,20,20,53.96,407.2,26.67,20,60.44
LTK,20,20,20,20,20,20,20,20,20,20,20,20,20,20,20,20,20,20,20,20,20,20,20,20,20,20,20,20,20
LY96,54.99,176.63,88.93,61.87,103.28,299.47,662.37,51.63,193.11,286.81,34.75,20,42.06,20,58.8,101.59,275.14,38.75,106.13,108.73,20,20,57.36,238.3,51.67,262.93,72.26,195.43,106.81
MAF,21.44,20,20,23.47,20,20,20,20,20,20,20,20,20,20,20,20,20,20,20,20.47,24.22,20,20,20,20,37.56,46.45,68.97,45.54
MAFF,20,20,20,22.4,20,20,41.29,20,20,20,20,20,20,20,20,20,20,20,20,20,20,20,20,24.9,20,20,20,20,20
MAFG,21.44,20,20,20,27.13,20,20,29.58,20,23.13,20,20,20,20,20,20,20,20,20.02,24.94,20,20,20.54,26.08,20,80.25,71.4,20,62.1
MAFK,20,20,20,20,20,20,20,20,20,20,20,20,20,20,20,20,20,20,20,20,20,20,20,20,20,20,20,20,20
MALT1,81.09,50.69,67.52,59.74,85.78,56.15,75.39,70.99,58.57,42.79,40.36,48.11,74.17,62.17,53.23,20,76.34,83.03,60.07,77.39,56.91,20,68.69,72.32,41.33,173.3,215.92,126.45,143.24
MAP2K1,38.22,59.9,39.52,32,66.52,20,20,47.33,34.82,40.48,38.12,54.44,35.42,38.4,39,20,39.76,44.29,43.05,57.56,35.72,20,51.7,50.98,28.7,66.59,68.82,20,71.21
MAP2K4,179.9,173.56,128.45,112.01,158.42,189.25,222.59,160.81,270.67,202.39,248.87,243.08,160.51,171.27,171.46,216.86,205.16,153.15,168.2,132.39,170.73,20,140.22,168.35,161.89,557.45,483.45,534.55,394.12
MAP2K6,20,20,20,22.4,20,20,20,23.66,20,20,20,20,23.25,21.94,20,20,20,21.22,20,20,20,20,20,20,20,39.27,61.08,83.34,74.52
MAP3K1,75.5,98.3,82.34,74.67,77.02,135.18,86.16,74.76,61.73,55.51,60.54,43.05,77.49,69.48,71.8,70.33,63.62,67.35,58.07,79.31,56.91,20,105.52,106.7,64.3,204.03,216.78,135.07,151.52
MAP3K5,42.88,38.4,65.87,39.47,63.89,72.79,57.44,51.63,36.41,57.82,35.87,41.78,38.74,34.13,26.62,20,33.4,37.83,39.05,51.81,45.41,20,53.82,68.76,33.3,157.93,110.11,91.97,104.32
MAP3K7,26.1,20,20,22.4,24.51,20,20,22.05,20,20,20,20,20,20.11,26.62,20,20,22.14,20,20,20.58,20,21.95,34.38,20,42.68,60.22,20,54.65
MAP3K9,20,20,20,20,20,20,20,20,20,20,20,20,20,20,20,20,20,20,20,20,20,20,20,20,20,20,20,20,20
MAP4K1,92.28,70.65,72.46,67.21,97.15,56.15,59.24,56.47,20,46.26,51.57,62.04,66.42,68.26,39,46.89,44.53,78.42,55.07,72.91,68.41,20,55.94,65.21,73.48,121.22,143.66,83.34,158.97
MAP4K2,43.81,50.69,39.52,34.14,49.01,74.87,62.83,30.66,20,35.85,51.57,20,35.42,33.52,34.04,20,44.53,29.52,41.05,49.25,26.64,20,41.07,59.28,42.48,97.32,83.44,20,87.77
MAP4K4,319.71,188.92,260.2,343.5,231.07,166.37,197.45,697.02,232.68,205.86,244.39,212.69,156.08,315.72,499.52,359.48,316.49,462.23,435.52,204.02,365.07,506.75,312.3,224.08,378.88,835.75,1058.94,569.04,823.01
MAPK1,179.9,122.87,158.1,145.08,242.45,162.21,210.02,178.56,131.38,166.54,116.59,82.29,112.91,114.59,116.99,72.29,112.92,136.55,108.13,154.14,120.48,20,118.97,182.58,118.26,439.64,311.4,275.9,303.04
MAPK11,20,20,20,20,20,20,20,20,20,20,20,20,20,20,20,20,20,20,20,20,20,20,20,20,20,20,24.95,20,20
MAPK14,22.37,39.93,44.46,26.67,48.14,74.87,109.5,30.66,53.82,38.16,20,20,20,20,20,20,36.58,31.37,23.03,46.05,20,20,20,43.87,20,93.05,46.45,20,37.26
MAPK3,65.25,70.65,90.58,83.21,137.42,139.33,190.27,92.51,79.14,146.87,47.08,53.17,65.31,42.06,55.71,44.94,92.24,69.2,63.08,99.77,48.43,20,63.03,103.15,81.52,182.69,105.81,91.97,154
MAPK8,21.44,20,20,20,20,20,20,20,20,20,20,20,22.14,20,20,20,20,20,20,20,20,20,20,20,20,34.15,45.59,20,48.02
MAPKAPK2,34.49,46.08,49.4,30.94,34.14,51.99,50.26,32.81,39.57,26.6,36.99,29.12,30.99,35.96,27.85,20,20,32.29,27.03,37.1,25.43,20,24.79,32.01,29.85,164.76,134.2,129.33,131.65
MAPKAPK5,23.3,20,20,20,20,20,20,20,20,20,30.27,29.12,23.25,27.43,20,20,20,20,20,20,20.58,20,20,29.64,25.26,92.2,88.6,132.2,67.07
MARCO,20,20,20,20,20,20,20,20,20,20,20,20,20,20,20,20,20,20,20,20,20,20,20,20,20,20,20,20,20
MASP1,20,20,20,20,20,20,20,20,20,20,20,20,20,20,20,20,20,20,20,20,20,20,20,20,20,20,20,20,20
MASP2,20,20,20,20,20,20,20,20,20,20,20,20,20,20,20,20,20,20,20,20,20,20,20,20,20,20,20,20,20
MAVS,20,20,20,20,20,20,20,20,20,20,20,20,20,20,20,20,20,20,20,20,20,20,20,20,20,20,20,20,20
MAX,405.46,399.34,382.06,291.22,503.28,534.46,642.63,562.02,498.61,445.25,434.97,402.6,313.27,375.45,540.37,605.65,481.89,444.7,481.58,298.04,307.56,325.23,368.95,316.55,324.92,1528.08,1584.54,1169.69,1050.7
MBL2,20,20,20,20,20,20,20,20,20,20,20,20,20,20,20,20,20,20,20,20,20,20,20,20,20,20,20,20,20
MBP,20,20,20,20,24.51,20,59.24,20,20,20,20,20,20,20,20,20,20,20,20,20,20,20,20,20,20,32.44,20,20,20
MCL1,551.8,821.71,858,375.5,1076.58,1690.73,2288.68,717.45,1089.03,1026.97,406.94,326.64,392.97,312.06,417.19,615.42,811.09,527.73,620.74,671.55,252.46,408.43,564.4,950.84,362.81,2431.27,1016.79,1028.87,1009.3
MEF2A,20,20,20,20,20,20,20,20,20,20,20,20,20,20,20,20,20,20,20,20,20,20,20,20,20,43.54,37.85,20,38.91
MEF2BNB,20,20,20,20,20,20,41.29,20,20,20,20,20,20,20,20,20,20,20,20,20,20,20,20,20,20,20,20,20,20
MEF2C,20,20,20,20,20,20,20,20,20,20,20,20,20,20,20,20,20,20,20,20,20,20,20,20,20,34.15,42.15,20,34.77
MEF2D,39.15,49.15,36.23,26.67,44.64,49.91,43.08,36.03,20,20,24.66,26.59,20,30.47,23.52,20,20,24.91,28.03,30.7,32.09,20,29.03,41.5,25.26,86.22,75.7,60.35,80.31
MIF,54.99,55.29,44.46,72.54,58.64,66.55,44.88,52.71,20,89.05,39.24,35.45,56.45,57.29,29.09,20,62.02,61.81,36.04,51.17,58.12,20,53.82,75.88,66.59,87.08,110.97,143.7,197.89
MKNK1,23.3,49.15,20,20,24.51,43.67,20,29.58,37.99,37.01,23.54,20,20,20,20,20,20,23.07,20.02,20,20,20,26.91,28.45,20,101.59,60.22,71.85,48.85
MME,68.04,104.44,79.05,94.94,67.4,81.11,148.99,103.8,56.98,48.57,62.78,20,22.14,20,31.57,20,47.71,67.35,70.08,31.34,20,20,20,71.14,20,280.01,33.55,91.97,86.94
MMP3,20,20,20,20,20,20,20,20,20,20,20,20,20,20,20,20,20,20,20,20,20,20,20,20,20,20,20,20,20
MMP9,107.19,270.32,494.05,199.48,431.51,413.84,1217.04,224.27,213.69,910.16,106.5,20,91.88,31.08,131.84,113.31,450.08,305.38,140.17,136.87,40.56,20,41.78,149.38,87.26,495.99,44.73,227.04,178.01
MPPED1,20,20,20,20,20,20,20,20,20,20,20,20,20,20,20,20,20,20,20,20,20,20,20,20,20,20,20,20,20
MR1,20,36.86,32.94,20,20.13,83.18,109.5,20,44.32,39.32,20,20,20,20,20,48.84,54.07,20,30.04,20,20,20,20,30.83,20,30.73,32.69,20,20
MRC1,20,20,20,20,20,20,20,20,20,20,20,20,20,20,20,20,36.58,20,20,20,20,20,20,20,20,20,20,20,20
MS4A1,85.75,64.51,39.52,65.07,85.78,97.74,71.8,51.09,39.57,31.23,60.54,36.72,22.14,49.37,64.99,46.89,33.4,107.94,66.08,32.62,64.78,20,73.65,39.12,96.44,215.13,295.92,163.81,123.37
MS4A2,20,49.15,88.93,112.01,20,20,52.06,20,20,20,20,20,35.42,32.91,20,20,101.78,20,21.03,35.18,22.4,20,20,24.9,20,20,24.95,63.23,77.83
MSR1,20,20,20,20,20,20,20,20,20,20,20,20,20,20,20,20,20,20,20,20,20,20,20,20,20,20,20,20,20
MUC1,20,20,20,20,20,20,20,20,20,20,20,20,20,20,20,20,20,20,20,20,20,20,20,20,20,20,20,20,20
MX1,20,864.72,688.37,20,25.38,2314.62,1048.31,28.5,1231.49,1188.88,22.42,296.25,254.6,20,48.28,984.67,493.02,20,694.83,224.49,20,20,533.95,406.66,26.41,967.22,1288.62,1264.53,148.21
MX2,89.48,1122.75,961.75,113.08,224.94,2447.71,1287.05,116.71,1283.72,1045.47,89.68,531.74,478.21,62.17,155.98,1187.85,548.68,79.34,973.16,374.79,67.81,151.27,645.84,489.65,87.26,1012.46,1114.85,985.76,231
MYC,35.42,20,20,23.47,55.14,20,20,39.26,20,20,20,20,29.89,21.33,32.19,20,38.17,40.59,20.02,27.5,35.72,20,32.58,36.75,20,61.46,61.94,63.23,59.61
MYD88,60.59,93.69,57.64,55.47,80.52,149.73,89.75,79.6,128.21,133,30.27,55.71,60.88,38.4,36.52,62.52,90.65,71.04,89.11,91.46,39.96,20,93.48,80.62,49.37,155.37,167.74,112.08,131.65
MYL2,20,20,20,20,20,20,20,20,20,20,20,20,20,20,20,20,20,20,20,20,20,20,20,20,20,20,20,20,23.18
NCAM1,20,20,20,20,20,20,20,20,20,20,20,20,20,20,20,20,20,20,20,20,20,20,20,20,20,20,20,20,20
NCF4,68.98,69.12,67.52,45.87,175.93,141.41,134.63,90.35,44.32,105.24,43.72,20,20,20,36.52,20,49.3,86.72,42.05,53.08,20,20,26.91,59.28,20,296.23,57.64,71.85,77
NCR1,20,20,20,20,21.88,20,20,20,20,20,24.66,20,20,20,20,20,20,20,20,20,20,20,20,20,20,42.68,20,20,22.36
NEFL,20,20,20,20,20,20,20,20,20,20,20,20,20,20,20,20,20,20,20,20,20,20,20,20,20,20,20,20,20
NFATC1,25.17,39.93,52.7,29.87,64.77,58.23,89.75,52.71,20,30.07,22.42,20,22.14,21.94,20,20,31.81,44.29,27.03,26.22,23.01,20,21.95,23.71,22.96,88.78,60.22,120.71,57.13
NFATC2,40.08,36.86,36.23,24.54,28.88,20,20,21.51,20,20,31.39,35.45,45.39,37.79,21.66,20,20,20,26.03,34.54,41.77,20,27.62,20,20,52.93,93.76,91.97,78.66
NFATC3,170.57,122.87,148.21,139.75,145.29,112.3,91.55,133.92,91.81,87.89,125.56,131.67,143.9,143.84,107.7,84.01,76.34,118.09,99.12,129.19,124.11,20,107.64,105.52,97.59,201.47,264.95,232.79,245.08
NFATC4,20,20,20,20,20,20,20,20,20,20,20,20,20,20,20,20,20,20,20,20,20,20,20,20,20,20,20,20,20
NFE2L2,182.69,179.7,164.68,106.68,152.3,216.28,190.27,179.63,286.5,180.41,176.01,183.58,195.93,126.78,136.18,195.37,141.54,102.41,161.19,145.18,117.45,20,164.29,169.54,99.89,453.3,431.83,376.49,239.28
NFIL3,61.52,62.97,65.87,65.07,86.65,120.62,136.42,57.01,64.9,129.53,30.27,20,32.1,35.96,31.57,20,60.43,27.68,29.03,42.85,20,20,20,30.83,20,95.61,56.77,71.85,44.71
NFKB1,69.91,75.26,85.64,55.47,70.02,91.5,68.21,61.31,52.24,58.98,44.84,64.57,61.99,55.46,59.42,50.8,52.48,67.35,57.07,66.52,52.07,20,78.61,75.88,44.78,143.42,137.64,74.72,86.11
NFKB2,27.03,33.79,20,20,36.76,20,35.9,25.82,20,20,20,20,34.32,21.94,20,20,20,20.3,22.03,24.3,20,20,28.33,46.24,24.11,106.71,61.08,20,48.02
NFKBIA,104.4,145.91,138.33,98.14,218.82,293.23,660.58,125.31,155.12,512.33,89.68,45.58,79.7,55.46,94.7,101.59,232.2,116.25,116.14,147.74,42.99,20,104.81,228.82,119.41,404.64,238.28,310.38,283.17
NFKBIZ,45.67,52.22,46.11,29.87,77.02,99.82,95.14,53.78,75.98,62.45,33.63,20,37.64,35.35,30.95,52.75,55.66,43.36,29.03,57.56,24.82,20,42.49,78.25,24.11,210,117.85,129.33,125.85
NLRP3,20,20,20,20,20,20,20,20,20,20,20,20,20,20,20,20,20,20,20,21.11,20,20,24.79,20,20,50.37,23.23,20,23.18
NOD1,20,20,20,20,20,20,20,20,20,20,20,20,20,20,20,20,20,20,20,20,20,20,20,20,20,29.03,32.69,60.35,32.29
NOD2,68.04,73.72,79.05,50.14,147.04,153.89,271.05,84.98,93.39,161.91,59.42,39.25,54.24,31.69,56.95,101.59,101.78,95.03,95.11,96.58,29.67,20,83.56,93.66,59.7,321.84,148.82,155.19,110.95
NOS2,20,20,20,20,20,20,20,20,20,20,20,20,20,20,20,20,20,20,20,20,20,20,20,20,20,20,20,20,20
NOTCH1,37.28,46.08,20,32,73.52,64.47,75.39,36.03,20,39.32,39.24,20,32.1,20.11,34.66,20,20,32.29,23.03,37.1,24.82,20,26.2,54.54,20,116.1,60.22,68.97,57.96
NOTCH2,93.21,109.05,135.04,88.54,141.79,176.77,143.6,100.57,126.63,111.02,81.84,65.83,111.8,50.59,79.85,72.29,98.6,93.18,96.11,145.18,51.46,20,179.16,181.4,66.59,420.86,295.06,235.66,211.96
NOX1,20,20,20,20,20,20,20,20,20,20,20,20,20,20,20,20,20,20,20,20,20,20,20,20,20,20,20,20,20
NR3C1,98.8,75.26,97.16,69.34,143.54,93.58,129.24,138.22,93.39,84.42,82.96,59.5,73.06,62.17,67.47,62.52,52.48,95.03,71.08,81.87,61.75,20,74.36,72.32,66.59,166.47,159.14,132.2,173.05
NT5E,20,20,20,20,20,20,20,20,20,20,20,20,20,20,20,20,20,20,20,20,20,20,20,20,20,20,20,20,20
NUP107,20,20,20,20,20,20,20,20,20,20,20,20,20,20,20,20,20,20,20,20,20,20,20,20,20,46.1,38.71,63.23,56.3
OAS1,68.04,528.35,314.54,42.67,69.15,551.1,235.15,28.5,1011.46,832.68,61.66,189.91,170.47,69.48,34.04,591.97,364.2,59.97,392.47,169.49,41.77,20,264.85,193.25,35.59,122.93,616.78,566.17,153.18
OAS2,96.01,1316.28,994.68,70.41,85.78,3237.97,1567.07,63.46,1681.03,1205.07,62.78,530.47,373.05,74.36,46.42,1539.52,680.68,51.67,1247.49,297.4,69.62,151.27,681.95,556.04,55.11,382.45,1148.4,1158.2,225.21
OAS3,29.83,612.83,520.4,32,67.4,1586.75,953.17,41.95,834.18,669.61,26.91,260.8,209.22,24.99,42.09,814.69,396.01,27.68,718.86,172.05,22.4,20,362.58,284.54,27.56,347.45,631.41,643.76,108.46
OASL,20,225.78,204.21,20,20,407.61,319.52,20,338.74,306.47,20,108.88,115.12,20,20,255.93,198.8,20,221.26,69.71,20,20,149.42,124.49,20,31.59,306.24,370.74,92.73
OXER1,20,20,20,20,20,20,20,20,20,20,20,20,20,20,20,20,20,20,20,20,20,20,20,20,20,20,20,20,20
PAX5,20,20,20,20,20,20,20,20,20,20,20,20,20,20,20,20,20,20,20,20,20,20,20,20,20,20.49,20.65,20,20
PDCD1,20,20,20,20,20,20,20,20,20,20,20,20,20,20,20,20,20,20,20,20,20,20,20,20,20,20,20,20,25.67
PDCD1LG2,20,20,20,20,20,20,20,20,20,20,20,20,20,20,20,20,33.4,20,20,20,20,20,20,20,20,20,20,20,26.5
PDCD2,20,20,20,20,20,20,20,20,20,20,20,20,20,20,20,20,20,20,20,20,20,20,20,20,20,23.9,25.81,66.1,49.68
PDGFA,20,20,20,20,20,20,20,20,20,20,20,20,20,20,20,20,20,20,20,20,20,20,20,20,20,20,20,20,20
PDGFB,20,20,20,20,20,20,20,20,20,20,20,20,24.35,20,20,20,20,20,20,20,20,20,20,20,20,20,30.97,63.23,28.15
PDGFRB,20,20,20,20,20,20,20,20,20,20,20,20,20,20,20,20,20,20,20,20,20,20,20,20,20,20,20,20,20
PECAM1,70.84,72.19,57.64,64.01,175.93,143.49,62.83,125.31,72.81,71.7,57.17,46.84,60.88,57.9,51.38,46.89,68.39,142.08,60.07,66.52,55.7,20,77.9,120.93,57.41,123.78,206.45,149.44,153.18
PIGR,20,20,20,20,20,20,20,20,20,20,20,20,20,20,20,20,20,20,20,20,20,20,20,20,20,20,20,20,20
PIK3C2G,20,20,20,20,20,20,20,20,20,20,20,20,20,20,20,20,20,20,20,20,20,20,20,20,20,20,20,20,20
PLA2G2A,20,20,20,20,20,20,20,20,20,20,20,20,20,20,20,20,20,20,20,20,20,20,20,20,20,20.49,20,20,20
PLA2G2E,20,20,20,20,20,20,20,20,20,20,20,20,20,20,20,20,20,20,20,20,20,20,20,20,20,20,20,20,20
PLA2G4A,20,20,20,20,20,20,20,20,20,33.54,20,20,20,20,20,20,20,20,20,20,20,20,20,20,20,35,20,20,22.36
PLA2G6,20,20,20,20,20,20,20,20,20,20,20,20,20,20,20,20,20,20,20,20,20,20,20,20,20,20,20,20,20
PLAU,20,20,20,20,20,20,20,20,20,20,20,20,20,20,20,20,20,20,20,20,20,20,20,20,20,20,20,20,20
PLAUR,20,20,20,20,36.76,51.99,44.88,20.97,20,193.13,22.42,20,22.14,20,20,20,57.25,32.29,30.04,42.85,20,20,20,27.27,20,108.42,28.39,20,38.09
PLCB1,20,20,20,20,20,20,20,20,20,20,20,20,20,20,20,20,20,20,20,20,20,20,29.74,39.12,20,57.2,35.27,20,28.15
PMCH,20,20,20,20,20,20,20,20,20,20,20,20,20,20,20,20,20,20,20,20,20,20,20,20,20,20,20,20,20
PML,20,64.51,75.75,24.54,21.88,149.73,59.24,20,74.4,91.36,20,32.92,53.13,20,20,123.08,44.53,20,84.1,28.14,20,20,54.53,36.75,20,51.22,144.52,146.57,52.99
POU2F2,20,20,20,20,20,20,20,20,20,20,20,20,20,20,20,20,20,20,20,20,20,20,20,24.9,20,54.64,71.4,66.1,36.43
PPARG,20,20,20,20,20,20,20,20,20,20,20,20,20,20,20,20,20,20,20,20,20,20,20,20,20,20,20,20,20
PPP1R12B,20,20,20,20,20,20,20,20,20,20,20,20,20,20,20,20,20,20,20,20,20,20,20,20,20,35.85,31.83,20,24.84
PRDM1,58.72,90.62,82.34,41.6,67.4,110.22,186.68,54.32,91.81,86.74,41.48,32.92,55.35,43.88,47.04,44.94,79.52,37.83,54.06,63.32,47.83,20,40.36,78.25,44.78,156.22,160.86,169.56,178.01
PRF1,218.11,259.57,283.25,222.95,180.3,143.49,80.78,158.12,182.03,189.67,125.56,207.63,252.39,238.92,95.94,87.92,81.11,136.55,106.13,204.66,207.06,20,125.34,110.26,166.48,274.03,645.17,580.53,832.11
PRG2,20,20,20,20,20,20,20,20,20,20,20,20,20,20,20,20,20,20,20,20,20,20,20,20,20,20,20,20,24.01
PRKCA,20,20,20,20,20,20,20,20,20,20,20,20,20,20,20,20,20,20,20,20,20,20,20,20,20,38.42,42.15,60.35,28.15
PRKCB,160.32,215.03,205.85,136.54,207.44,295.31,384.14,119.4,208.94,293.75,114.35,92.42,131.73,112.15,144.84,150.43,249.69,152.23,160.19,170.77,113.82,204.21,154.38,197.99,122.85,510.5,365.6,281.65,346.92
PRKCD,94.14,86.01,100.46,85.34,202.19,230.84,301.57,103.8,96.56,150.34,56.05,74.7,85.24,42.66,79.23,76.19,114.51,90.42,97.12,104.25,44.2,20,92.77,129.23,66.59,256.1,104.95,100.59,96.05
PSMB10,41.01,55.29,42.82,43.74,51.64,62.39,50.26,31.73,55.4,89.05,20,30.38,36.53,26.82,20,20,46.12,35.98,50.06,42.85,24.22,20,56.65,41.5,29.85,81.1,137.64,132.2,145.72
PSMB5,23.3,20,20,20,20,20,20,24.2,20,34.69,20,20,22.14,22.55,20,20,20,21.22,20,27.5,20,20,33.28,32.01,22.96,55.49,54.19,83.34,72.03
PSMB7,82.96,107.51,59.29,94.94,74.4,103.98,52.06,78.52,83.89,100.61,43.72,62.04,81.91,93.25,83.56,54.7,84.29,86.72,80.1,104.25,90.81,20,78.61,106.7,84.96,209.15,268.39,244.28,391.63
PSMB8,294.54,769.49,708.14,273.09,601.31,1085.56,1516.81,286.12,705.97,977.24,237.66,401.34,466.03,265.13,199.31,496.24,675.91,282.32,617.74,413.8,248.22,234.47,527.58,694.76,279,735.02,1056.36,997.26,812.24
PSMB9,142.61,340.97,240.44,118.41,458.64,551.1,561.85,222.66,314.99,451.03,114.35,124.07,146.12,81.06,69.94,130.9,273.55,187.29,189.23,152.22,83.55,20,185.54,280.98,126.29,496.84,403.45,497.19,409.02
PSMC2,113.72,92.15,126.81,107.74,72.65,99.82,73.6,107.03,117.13,123.74,107.62,120.27,96.31,121.9,136.18,119.18,111.33,83.03,113.14,115.76,124.11,20,100.56,100.78,97.59,239.88,298.5,229.91,308.01
PSMD7,56.86,43.01,51.05,49.07,49.89,51.99,53.85,51.63,68.06,79.8,30.27,45.58,71.95,62.17,47.66,48.84,42.94,51.67,42.05,67.16,45.41,20,49.57,56.91,42.48,102.44,166.88,91.97,185.47
PTAFR,67.11,75.26,46.11,46.94,170.68,280.75,258.49,82.29,102.89,112.18,60.54,20,25.46,20,54.47,60.56,119.28,50.74,63.08,59.48,20,20,53.11,99.59,43.63,309.03,86.02,94.84,79.49
PTGDR2,20,20,20,20,20,20,20,20,20,20,20,20,20,20,20,20,20,20,20,20,20,20,20,20,20,20,20,20,20
PTGER1,20,20,20,20,20,20,20,20,20,20,20,20,20,20,20,20,20,20,20,20,20,20,20,20,20,20,20,20,20
PTGER2,20,20,20,20,20,20,20,20,20,20,20,20,20,20,20,20,20,20,20,20,20,20,20,20,20,20,20,20,20
PTGER3,20,20,20,20,20,20,20,20,20,20,20,20,20,20,20,20,20,20,20,20,20,20,20,20,20,20,20,20,26.5
PTGER4,54.06,81.4,83.99,52.27,98.03,93.58,154.37,83.9,83.89,87.89,43.72,50.64,67.52,68.26,60.66,66.43,63.62,66.43,67.08,74.83,61.75,20,90.64,72.32,44.78,198.05,154.84,103.46,132.48
PTGFR,20,20,20,20,20,20,20,20,20,20,20,20,20,20,20,20,20,20,20,20,20,20,20,20,20,20,20,20,20
PTGIR,20,20,20,20,20,20,20,20,20,20,20,20,20,20,20,20,20,20,20,20,20,20,20,20,20,20,36.13,20,20
PTGS1,20,20,20,20,32.38,54.07,53.85,26.35,31.66,30.07,32.51,26.59,35.42,33.52,24.76,20,20,41.52,28.03,52.44,32.09,20,21.24,20,20,46.95,43.87,60.35,70.38
PTGS2,97.87,47.61,39.52,29.87,159.3,201.72,148.99,108.64,66.48,126.06,67.26,20,20,20,73.66,41.03,65.21,49.82,20.02,22.39,20,20,20,84.18,36.74,1932.73,49.03,91.97,43.05
PTK2,108.12,81.4,79.05,53.34,107.66,124.78,116.68,110.25,151.96,105.24,167.04,138,120.66,106.66,122.56,144.57,135.18,95.95,122.15,82.5,86.58,20,99.85,91.29,79.22,358.54,344.09,356.37,236.8
PTPN2,57.79,78.33,100.46,48,125.16,137.25,156.17,56.47,121.88,97.15,68.38,77.23,101.84,62.17,43.33,56.66,54.07,63.66,65.08,74.19,54.49,20,79.31,91.29,71.18,133.17,164.3,137.95,134.13
PTPN22,77.36,67.58,62.58,57.6,41.14,51.99,68.21,61.31,45.9,46.26,52.69,50.64,43.17,57.29,34.66,20,46.12,85.8,35.04,40.93,41.17,20,27.62,32.01,51.67,116.1,73.12,63.23,97.7
PTPN6,52.2,53.76,62.58,54.4,211.81,101.9,131.04,152.74,66.48,87.89,50.45,40.51,58.67,29.26,43.95,68.38,74.75,121.78,55.07,61.4,40.56,20,55.94,73.51,40.18,99.03,80.86,80.47,55.47
PTPRC,1300.28,1222.58,1146.19,892.88,1102.83,1048.13,1285.25,1203.64,1340.71,1288.33,905.81,810.27,979.66,858.78,958.8,687.7,1086.23,1115.43,858.03,1098.15,770.1,847.11,1082.06,1675.24,755.47,3018.6,2283.9,1672.63,2165.15
PYCARD,48.47,86.01,64.23,56.54,88.4,112.3,134.63,56.47,88.64,198.92,26.91,32.92,57.56,39.01,30.95,46.89,149.5,51.67,64.08,106.81,42.38,20,71.52,152.94,63.15,191.22,155.7,195.43,222.73
RAC1,117.44,96.76,138.33,78.94,170.68,131.02,147.19,149.51,120.3,120.28,98.65,120.27,114.02,93.25,96.56,89.87,77.93,147.62,148.18,109.37,92.02,166.4,135.97,125.67,91.85,244.15,277.85,140.82,202.85
RAF1,23.3,20,20,20,52.52,41.59,50.26,52.17,36.41,27.76,20,20,20,20,22.28,20,20,33.21,20,27.5,22.4,20,20,28.45,20,169.88,70.54,83.34,72.86
RAG1,20,20,20,20,20,20,20,20,20,20,20,20,20,20,20,20,20,20,20,20,20,20,20,20,20,20,20,20,20
RAG2,20,20,20,20,20,20,20,20,20,20,20,20,20,20,20,20,20,20,20,20,20,20,20,20,20,20,20,20,20
RAPGEF2,20,20,20,20,20,20,20,20,20,20,20,20,20,20,20,20,20,20,20,20,20,20,20,20,20,20,20,20,20
RARRES3,101.6,162.81,143.27,97.07,111.16,97.74,170.53,68.84,126.63,224.36,57.17,89.89,133.94,84.72,64.99,54.7,230.61,99.64,135.16,104.25,101.11,20,102.68,115,98.74,100.73,226.24,333.38,236.8
RELA,20,20,20,20,24.51,20,20,22.05,20,20,20,20,20,20,20,20,20,20.3,20,20,20,20,20,20,20,39.27,38.71,20,33.95
RELB,20,20,20,20,20,20,20,20,20,20,20,20,20,20,20,20,20,20,20,20,20,20,20,23.71,20,24.76,25.81,20,24.01
REPS1,47.54,41.47,42.82,28.8,48.14,56.15,43.08,44.64,45.9,43.95,31.39,31.65,34.32,40.23,37.14,20,44.53,46.13,34.04,40.29,37.54,20,45.32,36.75,36.74,68.29,79.14,60.35,74.52
RHOA,163.12,158.2,144.92,123.74,151.42,210.04,120.27,138.76,166.2,170,130.04,116.48,157.19,135.31,107.08,97.69,146.32,154.08,150.18,168.85,136.83,151.27,157.21,151.76,110.22,340.62,368.18,339.12,409.85
RIPK1,34.49,52.22,54.35,27.74,24.51,56.15,68.21,30.66,45.9,57.82,32.51,29.12,48.71,37.18,35.9,54.7,44.53,20.3,38.05,31.98,23.01,20,44.61,49.79,20,51.22,81.72,94.84,60.44
RIPK2,25.17,20,37.88,20,24.51,56.15,78.98,20,39.57,33.54,22.42,20,23.25,20,20,20,36.58,20.3,27.03,21.11,20,20,30.45,20,20,51.22,58.5,74.72,40.57
RNASEL,20,20,34.58,20,23.63,47.83,52.06,20,20,31.23,20,20,20,20,20,39.07,20,20,32.04,21.11,20,20,21.24,20,20,29.88,26.67,20,25.67
ROCK2,41.94,47.61,55.99,26.67,35.89,41.59,73.6,28.5,50.65,49.73,40.36,32.92,35.42,26.21,26,20,54.07,22.14,45.05,27.5,27.85,20,32.58,40.31,24.11,75.12,80,120.71,52.99
RORC,20,20,20,20,20,20,20,20,20,20,20,20,20,20,20,20,20,20,20,20,20,20,20,20,20,20,20,20,20
RPS6KA5,69.91,56.83,75.75,48,87.53,72.79,111.29,62.39,58.57,57.82,42.6,44.31,37.64,35.96,49.52,70.33,44.53,47.05,62.07,36.46,46.62,20,43.91,52.17,42.48,113.54,112.69,106.34,87.77
RRAD,20,20,20,20,20,20,20,20,20,20,20,20,20,20,20,20,20,20,20,20,20,20,20,20,20,20,20,20,20
RUNX1,85.75,102.91,149.86,108.81,175.05,158.05,272.85,96.27,101.3,122.59,57.17,44.31,83.02,34.13,66.23,72.29,100.19,78.42,86.1,79.95,49.04,20,68.69,98.4,48.22,219.4,103.23,106.34,112.6
S100A8,321.58,1297.84,597.8,349.9,4105.87,4063.58,8032.82,1645.73,4129.75,14867.89,720.84,249.41,426.18,110.32,575.03,1437.92,8104.59,2411.69,582.7,2458.52,214.93,219.34,286.8,4370.09,432.84,4958.16,791.41,1856.56,1698.17
S100A9,2145.7,7495.24,4150.01,2399.14,13672.51,24181.81,41140.61,5418.54,20973.26,54521.76,3346.35,1297.69,1957.1,668.62,3083.14,8117.63,29792.62,6290.33,3380.04,11038.39,903.9,1232.84,1732.15,20102.87,1932.3,23305.41,3857.26,8386.14,6435.84
S1PR1,117.44,121.34,125.16,100.28,101.53,72.79,61.03,80.67,49.07,43.95,87.44,65.83,87.45,112.76,69.33,52.75,100.19,105.18,101.12,92.74,111.4,20,69.4,60.47,59.7,177.57,249.47,181.06,227.69
SELE,20,20,20,20,20,20,20,20,20,20,20,20,20,20,20,20,20,20,20,20,20,20,20,20,20,20,20,20,20
SELL,1275.12,2912.09,2132.64,1332.38,3402.15,7076.94,7770.74,1632.82,3840.08,3654.52,1192.8,678.6,831.33,619.86,1177.3,2494.88,3870.99,1663.46,2004.4,1788.89,681.1,968.12,1115.35,2757.68,794.51,6289.9,1755.72,2552.05,2026.88
SELPLG,69.91,90.62,115.28,83.21,471.77,249.55,434.4,269.99,172.53,179.26,57.17,48.11,66.42,34.74,73.04,56.66,136.77,226.04,97.12,107.45,49.64,20,60.9,125.67,66.59,216.83,92.9,109.21,115.92
SERPING1,20,20,20,20,20,20,66.42,20,20,61.29,20,20,20,20,20,20,50.89,20,62.07,24.94,20,20,26.2,35.57,20,20,21.51,86.22,20
SH2D1A,43.81,58.36,47.76,34.14,33.26,20,20,28.5,34.82,20,26.91,27.85,40.96,50.59,20,20,20,35.98,22.03,30.06,45.41,20,25.49,39.12,27.56,81.1,160,172.44,280.68
SHC1,49.4,38.4,57.64,36.27,63.02,58.23,20,64.54,47.49,53.2,40.36,40.51,63.1,39.62,27.85,20,34.99,36.9,52.06,47.97,51.46,20,55.24,36.75,48.22,93.9,111.83,80.47,99.36
SIGIRR,64.32,58.36,46.11,41.6,65.64,20,20,45.71,20,27.76,30.27,36.72,25.46,39.62,36.52,20,44.53,43.36,33.04,38.37,54.49,20,23.37,29.64,27.56,77.68,98.93,100.59,79.49
SIGLEC1,20,32.25,20,20,20,41.59,20,20,37.99,20,20,20,20,20,20,20,20,20,20,20,20,20,29.74,20,20,20,40.43,20,20
SIRPA,109.06,118.27,93.87,80.01,258.2,301.54,290.8,187.7,131.38,117.96,102.02,27.85,54.24,25.6,82.94,64.47,97.01,92.26,87.1,106.17,21.19,20,94.89,195.62,43.63,472.08,105.81,123.58,129.99
SKI,20,20,20,20,30.63,20,20,20.97,20,20,20,20,20,20,20,20,20,23.99,20,20,20,20,20,20,20,58.05,53.33,68.97,48.02
SLAMF1,22.37,20,20,20,22.76,20,20,20,20,20,20,32.92,20,25.6,20,20,20,22.14,20.02,24.94,27.24,20,20,26.08,22.96,42.68,65.38,71.85,73.69
SLAMF6,27.96,33.79,20,26.67,24.51,20,20,20,36.41,23.13,20,20,29.89,45.71,20,20,20,34.14,31.04,28.78,39.96,20,24.79,27.27,35.59,29.88,68.82,77.6,102.67
SLAMF7,89.48,118.27,113.63,123.74,63.02,62.39,62.83,51.09,93.39,60.14,75.11,116.48,123.98,186.51,48.28,39.07,36.58,81.19,70.08,129.19,159.23,20,97.02,120.93,119.41,137.44,294.2,293.14,401.57
SLC2A1,31.69,20,20,22.4,28.01,20,39.49,36.57,20,30.07,39.24,26.59,20,28.04,51.99,82.06,46.12,53.51,60.07,33.9,26.03,20,28.33,20,35.59,128.91,144.52,137.95,123.37
SMAD2,62.45,64.51,41.17,45.87,77.02,64.47,43.08,75.83,50.65,47.42,50.45,40.51,45.39,51.81,45.19,42.98,44.53,65.51,48.06,52.44,54.49,20,55.24,60.47,52.81,138.3,135.92,83.34,129.99
SMAD3,26.1,30.72,20,27.74,21.01,20,20,20,20,20,24.66,20,33.21,24.99,20,20,20,25.83,20,29.42,27.85,20,20,20,24.11,63.17,101.51,91.97,113.43
SMAD5,20,20,20,20,20,20,20,20,20,20,20,20,20,20,20,20,20,20,20,20,20,20,20,20,20,20,21.51,20,31.46
SMAD7,20,20,20,20,20,20,20,20,20,20,20,20,20,20,20,20,20,20.3,20,20,20,20,20,20,20,27.32,36.13,20,32.29
SMPD3,20,20,20,20,20,20,20,20,20,20,20,20,20,20,20,20,20,20,20,20,20,20,20,20,20,20,20,20,20
SOCS1,20,81.4,98.81,20,38.51,122.7,556.46,20,87.06,196.6,20,20,34.32,20,20,128.94,186.07,20,86.1,20,20,20,46.74,34.38,20,20.49,43.87,143.7,25.67
SOCS3,29.83,53.76,44.46,20,98.9,191.32,269.26,20,58.57,105.24,20,20,28.78,20,39.61,58.61,146.32,34.14,55.07,40.29,20,20,21.95,132.79,20,204.88,61.94,137.95,77
SPP1,20,20,20,20,20,20,20,20,20,20,20,20,20,20,20,20,20,20,20,20,20,20,20,20,20,20,20,20,20
SRC,20,20,20,20,20,20,20,20,20,20,22.42,20,20,20,20,20,20,20,20,20,20,20,20,20,20,33.29,43.87,60.35,20
STAT1,202.27,694.23,747.66,126.94,608.31,1125.07,1177.55,278.59,672.73,643.01,150.22,522.88,515.84,85.33,148.56,615.42,539.14,201.13,726.87,318.51,90.81,151.27,593.44,590.42,115.96,685.5,1254.21,1296.14,361.82
STAT2,37.28,459.24,609.33,73.61,195.18,827.69,1100.36,91.97,474.87,584.03,39.24,231.69,219.18,24.99,53.85,525.55,298.99,53.51,476.57,151.58,40.56,20,240.77,315.37,42.48,329.52,524.74,580.53,154.83
STAT3,210.66,267.25,340.89,129.08,336.98,515.75,703.66,196.3,251.68,343.48,164.8,146.86,174.9,95.08,165.27,310.64,270.36,175.3,262.31,154.14,104.74,20,177.04,259.64,101.04,499.4,283.01,347.75,235.97
STAT4,50.33,53.76,59.29,44.8,45.51,20,37.7,82.29,88.64,54.36,42.6,53.17,61.99,59.12,68.09,78.15,93.83,59.05,58.07,55,44.8,20,33.99,34.38,42.48,117.81,160.86,155.19,163.11
STAT5A,55.93,64.51,60.93,55.47,119.91,64.47,122.06,70.99,72.81,64.76,44.84,39.25,70.85,40.84,45.8,60.56,69.98,64.58,73.09,46.69,33.9,20,58.78,61.65,43.63,164.76,180.65,158.07,127.51
STAT5B,126.77,139.77,133.39,115.21,286.21,210.04,400.29,151.13,144.04,139.94,108.74,68.37,79.7,58.51,87.9,64.47,141.54,139.31,85.1,156.06,65.39,20,70.82,186.14,70.04,407.2,159.14,192.55,202.85
STAT6,76.43,87.55,67.52,70.41,133.04,79.03,68.21,112.4,85.48,62.45,71.75,58.24,77.49,54.85,52.61,52.75,60.43,106.1,69.08,80.59,62.36,20,99.14,99.59,58.55,165.61,182.37,83.34,149.04
SYK,113.72,133.62,158.1,113.08,334.35,257.87,405.68,156.51,98.14,170,96.41,59.5,91.88,64.61,93.47,72.29,127.23,132.86,94.11,103.61,72.05,20,114.72,186.14,89.55,226.22,141.94,143.7,143.24
SYT17,20,20,20,20,20,20,20,20,20,20,20,20,20,20,20,20,20,20,20,20,20,20,20,20,20,20,20,20,20
TAGAP,122.11,270.32,271.73,112.01,287.09,561.5,680.32,221.58,235.85,175.79,89.68,79.76,101.84,101.79,103.99,236.4,275.14,155,195.23,111.29,69.02,20,106.93,167.17,68.89,558.31,411.19,508.69,268.26
TAL1,49.4,35.33,20,41.6,54.27,43.67,20,116.71,34.82,30.07,77.35,53.17,43.17,56.68,122.56,101.59,58.84,116.25,94.11,31.34,45.41,20,28.33,20,49.37,155.37,186.67,155.19,161.45
TAP1,371.91,1113.54,1253.24,388.3,575.92,2017.23,3338.78,344.21,1332.79,1872.36,300.44,483.63,629.86,218.81,342.3,1060.86,1459.97,311.84,1089.3,659.4,253.67,491.62,736.48,1229.46,338.7,1860.16,1442.6,2034.75,1014.27
TAP2,40.08,81.4,111.98,27.74,97.15,170.53,253.1,30.66,115.55,145.72,23.54,36.72,39.85,23.16,31.57,87.92,119.28,29.52,79.09,43.49,24.82,20,44.61,84.18,25.26,143.42,102.37,137.95,107.64
TAPBP,140.75,218.1,261.85,149.35,267.83,295.31,407.47,156.51,188.36,311.1,126.68,151.92,201.47,170.66,112.04,162.16,194.03,137.47,233.28,211.06,125.32,166.4,237.23,272.69,124,451.6,430.11,321.88,392.46
TARP,217.18,188.92,167.98,119.48,92.78,87.34,20,123.16,177.28,25.44,108.74,116.48,130.62,159.08,105.85,44.94,60.43,140.24,82.1,135.59,144.09,20,118.26,117.37,126.29,198.05,380.22,275.9,413.16
TBK1,36.35,41.47,46.11,25.6,32.38,97.74,102.32,26.35,44.32,37.01,25.78,20,26.57,20,20,20,20,29.52,27.03,35.18,23.61,20,29.74,37.94,20,113.54,100.65,100.59,83.63
TBX21,82.96,118.27,105.4,83.21,44.64,58.23,20,53.24,63.32,27.76,43.72,65.83,77.49,81.67,36.52,41.03,34.99,57.2,52.06,70.99,70.83,20,62.32,53.35,40.18,116.95,243.44,209.8,233.49
TBXA2R,20,20,20,20,20,20,20,20,20,20,20,20,20,20,20,20,20,20,20,20,20,20,20,20,20,20,20,20,20
TCF4,51.27,20,32.94,29.87,35.01,56.15,20,24.74,20,26.6,32.51,20,20,25.6,28.47,44.94,20,25.83,35.04,20,26.64,20,33.99,29.64,33.3,80.25,73.98,74.72,38.91
TCF7,20,20,20,20,20,20,20,20,20,20,20,20,20,20,22.28,20,20,20.3,20,20,20,20,20,20,20,30.73,40.43,20,33.12
TFRC,27.96,20,20,21.34,23.63,20,20,29.58,20,20,20,20,26.57,32.3,37.76,20,20,31.37,23.03,20,20,20,20,20,20,133.17,160.86,63.23,120.88
TGFB1,219.98,253.43,258.55,194.15,252.95,224.6,197.45,226.42,180.45,207.01,213,221.56,304.41,226.73,168.36,138.71,130.41,220.5,217.26,251.99,207.66,189.09,198.28,206.29,194.03,506.23,619.36,505.81,583.72
TGFB2,20,20,20,20,20,20,20,20,20,20,20,20,20,20,20,20,20,20,20,20,20,20,20,20,20,55.49,61.94,89.09,45.54
TGFB3,20,20,20,20,20,20,20,20,20,20,20,20,20,20,20,20,20,20,20,20,20,20,20,20,20,20,20,20,20
TGFBI,85.75,84.48,75.75,27.74,70.9,101.9,39.49,62.92,79.14,70.55,87.44,82.29,96.31,35.96,43.33,54.7,89.06,43.36,67.08,167.57,28.46,20,150.13,163.61,55.11,241.59,196.99,183.93,108.46
TGFBR1,106.26,62.97,85.64,65.07,154.92,68.63,213.61,177.48,77.56,77.49,70.63,48.11,61.99,52.42,93.47,42.98,103.37,124.55,64.08,78.67,55.7,20,73.65,103.15,68.89,412.33,167.74,100.59,155.66
TGFBR2,209.72,170.49,176.21,140.81,281.84,205.88,339.26,163.5,161.45,174.63,115.47,117.74,121.77,112.76,125.03,113.31,171.76,150.38,143.17,163.09,112,20,141.63,227.63,106.78,311.59,291.62,206.92,282.34
THBS1,247.94,122.87,172.92,107.74,132.16,141.41,138.22,153.28,140.88,578.25,313.9,240.55,178.22,142.01,293.4,228.58,154.27,175.3,181.22,106.81,120.48,211.78,115.43,101.96,121.7,1148.2,752.7,390.86,419.78
THY1,20,20,20,20,20,20,20,20,20,20,20,20,20,20,20,20,20,20,20,20,20,20,20,20,20,21.34,20,20,21.53
TICAM1,20,20,20,20,20,20,20,20,20,20,20,20,20,20,20,20,20,20,20,20,20,20,20,20,20,20,20,20,20
TIGIT,30.76,52.22,51.05,45.87,50.77,20,20,22.59,20,31.23,20,20,24.35,44.49,21.05,20,33.4,34.14,29.03,44.77,41.17,20,36.12,24.9,53.96,59.76,98.93,63.23,118.4
TIRAP,21.44,20,20,23.47,26.26,20,20,20,20,20,20,20,23.25,20,20,20,20,24.91,20.02,21.75,21.8,20,22.66,20,20,29.88,39.57,20,49.68
TLR1,109.06,145.91,135.04,64.01,312.47,268.27,290.8,185.01,191.53,195.45,88.56,43.05,66.42,41.45,125.65,109.41,170.17,124.55,104.12,116.4,32.69,20,86.4,207.48,50.52,413.18,147.1,152.32,131.65
TLR2,122.11,242.67,184.44,46.94,398.25,788.18,779.05,243.09,451.12,358.51,117.71,45.58,71.95,35.35,167.12,269.61,264,131.93,207.25,181.64,26.64,166.4,120.39,322.48,89.55,771.72,199.57,241.41,125.85
TLR3,20,20,20,20,20,20,20,20,20,20,20,20,20,20,20,20,20,20,20,20,20,20,20,20,20,20,20,20,20
TLR4,134.22,410.09,344.19,75.74,350.11,888,1283.46,118.86,438.46,412.87,151.34,97.49,130.62,31.69,142.37,279.38,446.9,100.56,334.4,264.78,41.17,20,254.94,684.09,86.11,501.96,216.78,304.64,181.33
TLR5,61.52,75.26,64.23,37.34,168.93,237.08,319.52,55.4,90.22,63.61,58.29,26.59,33.21,22.55,51.38,82.06,71.57,32.29,48.06,39.01,20,20,20,65.21,25.26,140.86,47.31,91.97,46.37
TLR6,92.28,127.48,138.33,73.61,274.83,301.54,561.85,127.46,131.38,193.13,72.87,46.84,54.24,26.21,79.23,58.61,136.77,78.42,68.08,100.41,26.64,20,43.91,224.08,48.22,468.67,114.41,183.93,170.56
TLR7,20,20,20,20,20,20,20,20,20,20,20,20,20,20,20,20,20,20,20,20,20,20,20,20,20,20,24.09,20,20
TLR8,80.16,55.29,82.34,35.2,207.44,174.69,251.31,96.27,91.81,89.05,58.29,35.45,40.96,20,64.99,50.8,104.97,98.72,69.08,93.38,29.06,20,75.06,131.6,31,328.67,116.13,149.44,106.81
TLR9,20,20,20,20,20,20,20,20,20,20,20,20,20,20,20,20,20,20,20,20,20,20,20,20,20,21.34,20,20,20
TMEM173,20,30.72,20,20,30.63,20,70.01,27.43,20,52.04,28.03,20,27.67,20,20,20,54.07,22.14,25.03,33.26,20,20,22.66,54.54,20,43.54,45.59,89.09,43.88
TNF,20,20,20,20,20,20,20,20,20,20,20,20,20,20,20,20,20,20,20,20,20,20,20,20,20,24.76,36.99,57.48,24.84
TNFAIP3,61.52,102.91,115.28,83.21,70.02,189.25,188.48,51.09,115.55,76.33,38.12,55.71,67.52,35.96,38.38,85.96,85.88,41.52,80.1,71.63,36.33,20,50.28,104.33,47.07,153.66,117.85,169.56,201.2
TNFAIP6,20,20,20,20,20,20,20,20,20,20,20,20,20,20,20,20,20,20,20,20,20,20,20,20,20,20,20,20,20
TNFRSF11A,20,20,20,20,20,20,20,20,20,20,20,20,20,20,20,20,20,20,20,20,20,20,20,20,20,20,20,20,20
TNFRSF13B,20,20,20,20,20,20,20,20,20,20,20,20,20,20,20,20,20,20,20,20,20,20,20,20,20,20,20,20,20
TNFRSF13C,20,20,20,20,20,20,20,20,20,20,20,20,20,20,20,20,20,20,20,20,20,20,20,20,20,25.61,23.23,57.48,20
TNFRSF14,20.51,35.33,20,20,36.76,20,44.88,23.13,20,27.76,20,20,23.25,20,20,20,20,22.14,29.03,23.66,20,20,31.16,42.68,20,39.27,53.33,20,48.85
TNFRSF17,20,20,20,41.6,20,20,20,20,20,20,20,20,20,50.59,20,20,20,20,20,20,38.75,20,20,20,63.15,20,20,20,81.14
TNFRSF18,20,20,20,20,20,20,20,20,20,20,20,20,20,20,20,20,20,20,20,20,20,20,20,20,20,20,20,20,20
TNFRSF1B,82.03,145.91,85.64,44.8,140.92,224.6,145.4,67.77,151.96,123.74,59.42,49.38,71.95,41.45,47.66,132.85,74.75,72.89,112.13,147.1,53.28,20,126.76,158.87,53.96,204.03,167.74,132.2,155.66
TNFRSF4,20,20,20,20,20,20,20,20,20,20,20,20,20,20,20,20,20,20,20,20,20,20,20,20,20,20,20,20,20
TNFRSF8,20,20,20,20,20,20,20,20,20,20,20,20,20,20,20,20,20,20,20,20,20,20,20,20,20,20,20,20,20
TNFRSF9,20,20,20,20,20,20,20,20,20,20,20,20,20,20,20,20,20,20,20,20,20,20,20,20,20,20,22.37,20,20
TNFSF10,20,20,20,20,20,20,35.9,20,20,35.85,20,20,20,20,20,39.07,57.25,20,22.03,20,20,20,22.66,20,20,27.32,35.27,91.97,27.32
TNFSF11,20,20,20,20,20,20,20,20,20,20,20,20,20,20,20,20,20,20,20,20,20,20,20,20,20,20,20,20,20
TNFSF12,42.88,46.08,44.46,41.6,31.51,51.99,53.85,26.89,20,48.57,31.39,30.38,35.42,28.65,29.71,20,46.12,22.14,34.04,38.37,20.58,20,44.61,45.05,27.56,90.49,80,94.84,81.97
TNFSF13,48.47,61.44,70.81,27.74,75.27,76.95,66.42,44.1,66.48,142.25,23.54,29.12,53.13,20,24.76,20,73.16,47.05,43.05,72.91,20,20,77.19,105.52,27.56,95.61,72.26,20,59.61
TNFSF13B,47.54,589.79,373.83,49.07,126.04,1023.17,698.27,48.94,650.57,510.01,43.72,130.4,133.94,28.04,46.42,300.87,353.06,38.75,349.42,221.29,26.64,20,258.48,443.41,47.07,325.25,400.87,408.1,163.94
TNFSF14,20,20,20,20,20,20,35.9,20,20,20,20,20,20,20,20,20,20,20,20,21.75,20,20,20,20,20,29.88,20.65,20,34.77
TNFSF15,20,20,20,20,20,20,20,20,20,20,20,20,20,20,20,20,20,20,20,20,20,20,20,20,20,20,20,20,20
TNFSF18,20,20,20,20,20,20,20,20,20,20,20,20,20,20,20,20,20,20,20,20,20,20,20,20,20,20,20,20,20
TNFSF4,20,20,20,20,20,20,20,20,20,20,20,20,20,20,20,20,20,20,20,20,20,20,20,20,20,25.61,22.37,20,20
TNFSF8,31.69,30.72,20,20,65.64,93.58,73.6,50.56,44.32,37.01,20,20,20,20,22.28,20,39.76,33.21,37.04,27.5,20,20,33.28,47.42,24.11,100.73,71.4,57.48,55.47
TOLLIP,20,20,20,20,23.63,47.83,59.24,20.44,20,49.73,20,20,20,20,20,20,68.39,24.91,20,22.39,20,20,20,28.45,20,41.83,30.97,86.22,21.53
TP53,24.23,20,20,20,20.13,20,20,20,20,20,20,20,22.14,20,20,20,20,20,20,20,20,20,20,20,20,34.15,44.73,20,22.36
TPSAB1,20,20,20,20,20,20,20,20,20,20,20,20,20,20,20,20,20,20,20,20,20,20,20,20,20,20,20,20,20
TRADD,20,20,20,20,21.88,20,20,20,20,20,20,20,20,20,20,20,20,20,20,20,20,20,20,20,20,24.76,36.99,20,38.91
TRAF1,24.23,20,20,20,20,20,20,20,20,20,20,20,20,20,20,20,20,20,20,20,20,20,20,27.27,20,46.1,44.73,94.84,57.96
TRAF2,20,20,20,20,24.51,20,20,20,20,20,20,20,20,20,20,20,20,20,20,20,20,20,20,20,20,24.76,33.55,71.85,24.84
TRAF3,20.51,20,20,22.4,33.26,20,20,31.73,20,20,29.15,20,28.78,22.55,24.14,20,20,34.14,22.03,27.5,29.06,20,20.54,24.9,20,58.05,49.89,20,43.88
TRAF4,23.3,30.72,20,20,20,20,20,20,20,20,20,20,20,20,20,20,20,20,20,20,20,20,20,20,20,26.46,30.97,86.22,31.46
TRAF5,25.17,20,39.52,27.74,42.01,20,20,29.04,20,20,25.78,20,32.1,26.82,25.38,20,20,47.98,20,29.42,26.64,20,21.24,20,24.11,31.59,55.05,20,47.19
TRAF6,20,20,20,20,20,20,20,21.51,20,20,20,20,20,20,20,20,20,20,20,20,20,20,20,20,20,29.03,43.87,20,52.16
TREM2,20,20,20,20,20,20,20,20,20,20,20,20,20,20,20,20,20,20,20,20,20,20,20,20,20,20,20,20,20
TSLP,20,20,20,20,20,20,20,20,20,20,20,20,20,20,20,20,20,20,20,20,20,20,20,20,20,20,20,20,20
TWIST2,20,20,20,20,20,20,20,20,20,20,20,20,20,20,20,20,20,20,20,20,20,20,20,20,20,20,20,20,20
TYK2,63.38,67.58,67.52,58.67,98.03,70.71,145.4,90.35,63.32,61.29,45.96,30.38,53.13,49.37,47.66,42.98,58.84,67.35,44.05,62.04,45.41,20,52.4,88.92,45.93,185.25,128.17,97.71,136.62
TYROBP,688.82,688.09,620.85,592.05,1262.13,1100.12,1042.92,783.6,831.02,1310.31,493.27,367.15,474.89,287.07,519.94,498.19,667.96,663.35,518.62,693.94,331.17,673.15,814.38,1243.68,547.66,1989.07,720.01,684,903.32
UBE2L3,209.72,213.49,151.51,116.28,156.67,201.72,258.49,186.09,254.84,226.67,197.31,215.23,149.44,151.16,175.17,228.58,213.11,155.92,159.19,120.24,131.98,173.96,184.12,175.47,118.26,500.26,441.3,586.28,375.9
USP9Y,192.95,105.98,115.28,129.08,172.43,101.9,123.86,226.96,132.96,92.52,146.86,113.94,140.58,181.63,209.83,103.55,135.18,185.44,155.19,149.66,148.93,20,140.92,117.37,111.37,579.65,655.49,405.22,529.08
VCAM1,20,20,20,20,20,20,20,20,20,20,20,20,20,20,20,20,20,20,20,20,20,20,20,20,20,20,20,20,20
VTN,20,20,20,20,20,20,20,20,20,20,20,20,20,20,20,20,20,20,20,20,20,20,20,20,20,20,20,20,20
XBP1,60.59,72.19,72.46,177.08,85.78,110.22,123.86,66.15,88.64,126.06,53.81,41.78,81.91,206.01,42.71,62.52,93.83,90.42,66.08,121.52,159.83,20,65.15,96.03,173.37,127.2,168.6,181.06,328.71
XCL1,25.17,20,20,20,20,20,20,20,20,20,20,20,20,20.11,20,20,20,22.14,20,20,20,20,20,20,20,20,29.25,20,32.29
XCR1,20,20,20,20,20,20,20,20,20,20,20,20,20,20,20,20,20,20,20,20,20,20,20,20,20,20,20,20,20
ZAP70,45.67,35.33,41.17,46.94,76.15,20,20,55.93,52.24,26.6,24.66,53.17,56.45,31.69,22.28,20,20,49.82,33.04,47.97,38.14,20,36.12,24.9,36.74,25.61,36.99,20,61.27
ZBTB16,20,20,20,20,20,20,20,20,20,20,20,20,20,20,20,20,20,20,20,20,20,20,20,20,20,20,20,20,20
ZEB1,20,20,20,20,24.51,20,20,21.51,20,20,20,20,20,20,20,20,20,20,20,20,20,20,20,20,20,31.59,26.67,20,28.98
ZNF205,20,20,20,20,20,20,20,20,20,20,20,20,20,20,20,20,20,20,20,20,20,20,20,20,20,20,20,20,20
ABCF1,40.08,44.54,65.87,30.94,41.14,20,41.29,38.19,39.57,28.91,36.99,26.59,48.71,34.74,30.33,39.07,41.35,43.36,49.06,39.65,33.3,20,43.2,28.45,25.26,58.9,73.12,83.34,74.52
ALAS1,20,20,20,20,21.01,20,59.24,22.05,20,31.23,20,20,32.1,20,20,20,20,26.76,20,30.7,20,20,20,23.71,24.11,77.68,48.17,103.46,48.02
DDX50,5383.82,3793.7,3487.98,4072.88,2336.08,3298.28,3439.3,2748.8,3922.39,2028.49,4617.63,3498.07,2448.59,2517.23,7123.21,8598.24,4244.73,1740.03,5497.57,1733.24,2902.42,3736.34,3073.4,2173.19,3274.46,12304.06,11912.42,10955.44,8934.67
ERCC3,29.83,32.25,42.82,20,29.76,20,20,20.44,20,25.44,25.78,20,26.57,29.87,22.28,20,20,24.91,28.03,29.42,33.3,20,28.33,45.05,32.15,62.32,77.42,86.22,81.14
G6PD,28.9,20,20,24.54,49.89,49.91,62.83,33.88,20,54.36,20,20,20,20,22.9,20,52.48,20,20,24.94,20,20,20,33.2,20,102.44,51.61,74.72,47.19
GUSB,24.23,20,20,25.6,20,20,20,20,20,33.54,28.03,32.92,28.78,37.18,32.81,20,34.99,20,20,20,21.19,20,23.37,42.68,42.48,40.98,49.03,20,75.35
HDAC3,62.45,69.12,47.76,61.87,83.15,74.87,48.47,56.47,44.32,52.04,42.6,44.31,57.56,41.45,33.42,20,38.17,63.66,40.05,69.71,57.52,20,66.57,46.24,58.55,79.39,113.55,100.59,120.06
HPRT1,49.4,46.08,69.17,62.94,35.89,47.83,52.06,33.34,52.24,61.29,48.21,58.24,42.06,55.46,40.23,46.89,44.53,46.13,57.07,53.72,71.44,20,53.82,58.09,52.81,80.25,90.32,77.6,115.92
OAZ1,14381.41,9740.74,8365.89,11023.86,15740.76,11078.13,9621.43,22485.73,9478.33,9565.36,15303.55,11179.15,6890.82,13226.14,19886.57,16340.75,10994.31,17325.62,15741.81,6672.67,12399.14,13652.02,9616.06,8350.11,12337.8,50762.25,59173.3,36332.29,43914.09
POLR2A,65.25,82.94,70.81,54.4,94.53,103.98,102.32,102.19,71.23,57.82,61.66,75.96,78.59,62.17,61.9,60.56,66.8,84.88,74.09,67.79,53.28,20,70.82,78.25,55.11,295.37,229.68,163.81,176.36
PPBP,3994.99,2617.19,1898.79,1897.76,3946.57,5140.82,3121.58,5141.56,6257.15,2892.39,11579.4,9557.35,5218.21,5987.72,10783.86,9391.44,3759.66,11594.39,15494.51,6834.48,6502.28,5453.24,4108.02,2920.11,3585.61,35758,28987.07,22890.89,15919.46
PPIA,775.51,920.01,765.78,940.88,683.58,842.25,673.14,686.26,770.87,898.6,485.42,459.57,627.65,929.49,605.98,341.9,553.45,590.47,518.62,791.15,883.92,385.74,672.75,924.76,777.28,2835.06,2741.54,2460.09,4452.02
SDHA,54.99,20,20,44.8,54.27,20,35.9,49.48,49.07,34.69,25.78,26.59,35.42,35.35,32.19,20,38.17,44.29,36.04,50.53,35.72,20,52.4,33.2,42.48,86.22,110.11,97.71,122.54
TBP,20,20,37.88,37.34,20,20,20,20,20,25.44,20,31.65,27.67,24.99,20,20,20,20,20,24.94,23.61,20,24.79,23.71,27.56,41.83,28.39,20,37.26
TRIM39,20,20,20,20,20,20,20,20,20,20,20,20,20,20,20,20,20,20,20,20,20,20,20,20,20,38.42,48.17,20,39.74
TUBB,178.03,153.59,164.68,174.95,143.54,108.14,122.06,90.89,120.3,138.78,113.23,139.26,163.83,170.66,90.37,58.61,76.34,117.17,115.14,139.43,149.54,20,142.34,117.37,117.11,195.49,284.74,278.77,406.54
UBB,58790.51,40844.46,33313.7,39469.98,59298.3,33325.89,28031.4,72238.43,40599.48,18753.71,53501.32,37543.19,22847.63,27018.51,70146.45,95276.12,40639.04,48980.23,59979.67,16852.75,28805.59,40630.82,32748.71,21299.13,31100.53,108627.1,107475.05,101099.28,80728.3
NEG_A,9,2,2,4,4,9,5,10,4,3,6,2,3,3,4,10,5,1,2,5,3,4,2,4,11,16,24,30,24
NEG_B,3,2,5,1,4,2,5,2,2,6,10,9,7,5,9,3,4,3,1,3,10,2,9,2,5,10,14,15,16
NEG_C,2,3,2,1,3,3,6,3,1,4,2,2,5,2,2,2,3,2,1,2,4,3,1,2,4,11,8,16,7
NEG_D,5,4,7,5,9,3,13,3,7,6,6,8,5,5,6,3,7,3,7,9,10,1,6,6,5,16,11,6,13
NEG_E,7,7,5,4,6,2,5,7,2,5,7,2,5,6,12,6,10,5,8,6,4,9,5,2,6,12,31,27,35
NEG_F,13,9,8,5,1,8,11,8,15,12,6,5,7,10,7,5,6,5,5,9,5,4,9,5,6,30,20,29,29
NEG_G,2,5,6,3,2,3,6,4,3,4,4,1,6,4,7,1,1,5,2,7,1,2,5,2,5,8,8,9,7
NEG_H,5,4,3,3,1,5,7,1,2,5,7,1,5,3,1,2,5,2,5,9,4,1,4,4,1,10,5,11,13
POS_A,9123,8039,3816,4532,9475,7441,5522,16223,7750,6343,9289,5048,7058,5669,6702,6128,9529,10435,7261,7419,6399,4638,7701,6271,7514,48750,51409,57296,52798
POS_B,3113,2866,1440,1764,2395,2609,2073,3836,2707,2323,3007,1803,2580,2050,2239,2159,3343,2398,2508,2648,2369,1531,2675,2316,2717,14211,14471,16374,14892
POS_C,1453,1209,669,910,2031,1175,1262,2275,1150,1076,1260,889,1191,735,1149,1073,1270,1412,1022,1101,897,785,1162,1005,1173,3805,3997,4615,4117
POS_D,310,252,147,148,243,226,219,358,226,192,292,133,248,140,229,195,268,196,225,234,195,152,241,183,241,972,1022,1155,1091
POS_E,65,41,26,36,51,38,34,67,46,32,64,35,41,32,28,33,49,51,44,50,23,29,49,30,46,186,187,247,225
POS_F,21,27,11,12,10,13,20,28,20,15,20,14,22,15,19,24,44,23,18,16,19,12,21,15,22,138,172,186,167
