"Gene"	"sample01"	"sample02"	"sample03"	"sample04"	"sample05"	"sample06"	"sample07"	"sample08"	"sample09"	"sample10"	"sample11"	"sample12"	"sample13"	"sample14"	"sample15"	"sample16"	"sample17"	"sample18"	"sample19"	"sample20"	"sample21"	"sample22"	"sample23"	"sample24"	"sample25"	"sample26"	"sample27"	"sample28"	"sample29"
"ADA"	118.206313753837	104.685086845178	125.742541141073	157.04749453887	91.2670319112439	74.141765505981	66.9222897367742	97.6247364681254	88.4359983152942	83.0219594743249	126.034912048742	149.758372354125	172.917549626904	185.08897319486	107.281299828811	80.7231665599439	96.410785532424	118.829940986081	98.6966027938442	151.276810316352	182.626186476677	170.830474414165	143.466033197179	113.472949694151	176.973672334661	55.060791083699	61.4628867158032	52.4251713903363	143.731312538752
"AHR"	242.382046352242	104.685086845178	125.742541141073	157.04749453887	215.663996406269	74.141765505981	66.9222897367742	165.376303577005	88.4359983152942	83.0219594743249	190.753839385771	149.758372354125	172.917549626904	185.08897319486	162.692091190392	80.7231665599439	96.410785532424	180.918585151308	98.6966027938442	154.831815358787	182.626186476677	170.830474414165	193.033547666805	154.720366907974	176.973672334661	237.434546031134	98.3263305887451	52.4251713903363	116.926967457318
"AKT3"	4638.59306117118	3489.10160200635	2629.84237669498	3509.77593170193	2332.55716807162	2382.17492570717	2546.72773593294	3504.67922683747	3240.64872226564	2117.10147757502	5340.8554329775	5479.43420687891	4766.21287914118	6249.80681338423	4472.3964679134	3406.51762882963	4070.89721371384	2455.79897538883	3137.36760961072	3521.79978256984	6014.79345160936	5039.07191903182	4256.9241370267	2926.07021728822	5323.54503749895	7728.50354262379	8026.06235956379	7134.06974796835	5992.93371556153
"ALOX15"	165.252426627863	104.685086845178	362.390003568573	502.630506271653	91.2670319112439	74.141765505981	66.9222897367742	278.279311302392	202.9606161336	168.036445976034	169.579974161583	149.758372354125	172.917549626904	281.983050662369	355.262024383108	80.7231665599439	168.670669288976	328.921276649471	429.823705167192	251.573335556094	453.278194835112	170.830474414165	182.847459309805	161.415270939929	304.748663760287	68.8259888546237	86.0385159644312	52.4251713903363	80.3836122529929
"ALOX5"	118.206313753837	104.685086845178	125.742541141073	192.697275799193	155.792823472493	74.141765505981	66.9222897367742	136.528193950673	88.4359983152942	163.221172326523	126.034912048742	149.758372354125	172.917549626904	185.08897319486	107.281299828811	80.7231665599439	96.410785532424	137.070336927444	98.6966027938442	151.276810316352	182.626186476677	170.830474414165	143.466033197179	113.472949694151	176.973672334661	94.6231384106759	61.4628867158032	52.4251713903363	68.2024938515511
"ANP32B"	617.036957795027	594.925348541145	610.857264863334	779.034096660063	519.218144543067	377.752295252973	324.338877209276	480.411328159645	321.951251866829	316.853308333761	621.667203680421	511.948995892577	918.797399942557	1133.76250530511	498.053434455256	386.381436739172	390.993940726746	635.859014216517	365.621565049796	856.226746390554	984.081205829574	170.830474414165	731.461570255819	618.824731157051	843.191061838495	381.959045614298	604.31758085507	474.605076596714	925.735575518271
"APOE"	118.206313753837	168.804702537849	125.742541141073	157.04749453887	91.2670319112439	74.141765505981	66.9222897367742	97.6247364681254	88.4359983152942	83.0219594743249	126.034912048742	149.758372354125	210.527116670756	185.08897319486	107.281299828811	80.7231665599439	96.410785532424	118.829940986081	98.6966027938442	151.276810316352	182.626186476677	170.830474414165	143.466033197179	113.472949694151	176.973672334661	43.0086852754808	49.1750720914892	263.672399507696	65.789808564309
"APP"	385.648098621892	474.3281284955	569.487968827921	578.01330365031	459.346971609291	493.413449442304	432.451836279035	438.432691478351	447.928331466965	604.897996729931	416.797454145191	398.132632903442	756.08198574364	620.41823814917	302.157780967847	173.474084937319	413.987913076229	411.151595811839	380.426055468873	735.356574947789	630.242969531012	170.830474414165	594.308042519315	625.576371663853	690.816729958351	512.718347426538	477.295869215359	361.602619664844	548.120905073574
"ARG2"	892.457668841466	908.457183642453	838.639878140388	854.416894038721	2160.83824753061	1803.98036740878	1573.67764316025	1367.72255791844	1063.88505973299	1315.3999259112	897.179521418972	331.789673950564	392.43637887826	253.84952673675	627.541963348631	457.337100145362	973.65252309195	1463.62838312555	523.733522725534	1015.89941967946	337.219253329184	170.830474414165	406.36753903101	1587.48656622117	518.090425759721	1108.00772745553	200.748599385595	384.197868534079	345.926108806163
"ARHGDIB"	5189.49358642093	3770.44277290277	5456.47183027574	6491.87228175326	5452.01868528198	3469.20442067311	4114.38237301688	3906.35620503557	3023.67100039907	3379.69943726055	3376.91641597798	4095.36732958209	6756.8397104461	7344.05282291224	2921.80620083767	1482.48095387337	2928.62222672568	4653.91522374935	2430.84797851099	6230.86490171508	6750.1377914577	6589.52930481478	4703.89256345252	4331.9433275239	5902.60289337796	2849.15409030433	3785.6470752465	2953.05747924625	5522.7543144624
"ATF2"	440.732240831179	313.531835101307	352.016243924435	393.718068808946	259.609072271533	300.681930009506	180.188265116265	317.67089246728	230.994827599549	182.440755944829	332.038975792411	350.734108053361	401.946844107739	473.827771378841	262.302778081443	181.384955260194	360.335310927435	334.387453934831	172.916448094815	406.329512509722	398.033773425918	170.830474414165	391.160139512109	248.90291515412	548.618384237451	321.738824619389	340.05812564962	331.458146115401	384.911572289038
"ATG10"	143.206949112773	104.685086845178	125.742541141073	157.04749453887	155.792823472493	74.141765505981	66.9222897367742	170.648039346283	88.4359983152942	115.234479750363	148.34309148137	149.758372354125	210.527116670756	203.042603594761	107.281299828811	80.7231665599439	96.410785532424	148.002691498163	98.6966027938442	151.276810316352	182.626186476677	170.830474414165	143.466033197179	113.472949694151	176.973672334661	135.91873172345	104.470237900902	158.19295467034	177.832559464527
"ATG12"	347.053737181264	530.596362674783	393.448411230418	485.826424355993	171.764554056961	269.838955559018	246.274026231329	202.132016857254	251.954159200273	254.420794809069	247.280497439632	369.753421342335	468.952394588165	502.053839791057	239.076376668506	173.474084937319	268.311216136736	257.623312057823	232.233106373915	406.329512509722	475.467276492029	170.830474414165	518.127578891613	464.161100723923	396.244052357307	270.124371484194	419.952734301894	497.200325465949	545.708219786332
"ATG5"	336.060550002157	442.189806834031	465.938986198247	485.826424355993	247.65309109116	277.54969917164	270.299128246831	262.512916362789	300.947702266946	196.845065913624	353.2128410166	540.328207453684	421.140692116326	383.596896946347	318.732741791398	212.907351801852	314.347366228468	191.850939722027	291.500416351619	406.329512509722	353.838236298562	170.830474414165	426.73971574501	390.12000104849	457.211482476598	209.904150489284	268.355393413555	339.007370795609	341.071315240371
"ATG7"	143.206949112773	104.685086845178	125.742541141073	157.04749453887	95.8760170227617	223.574493883286	258.28657723908	104.995404071469	160.997734932993	129.638789719158	126.034912048742	149.758372354125	172.917549626904	185.08897319486	107.281299828811	80.7231665599439	176.335326738803	118.829940986081	98.7952993966381	174.119608674122	182.626186476677	170.830474414165	182.847459309805	275.796004231633	176.973672334661	213.350488437788	174.125001032915	52.4251713903363	133.99230241586
"ATM"	567.449409175292	321.592586788386	289.899428600744	418.845667935165	543.221373935724	215.863750270664	156.163163100763	475.188404758601	244.967715333365	120.008242420137	522.792815178183	473.985248500806	727.377672505574	761.456035723653	388.465586680125	165.603576197725	245.317243787253	597.476943278013	247.037596792992	445.056375950709	1006.17897439325	170.830474414165	462.247558961312	235.456370615363	599.409828197498	244.307067905051	362.585785794196	278.744636282418	392.20847413338
"B2M"	72421.5804538768	126434.774543392	115217.32460613	95367.2481062232	82007.6720892365	124960.570482332	174883.000597382	52704.0807286281	108039.827151841	110632.614047681	48887.1148774824	82741.5756048404	106770.016027728	71962.5927781614	62855.5771632014	74178.3743847633	113226.513718026	63866.8154021428	87564.6129647265	121080.975677941	75036.1691162317	67768.8762762852	97121.1244982455	144521.474925939	91150.4669096397	74750.7476386791	63214.9719115084	93481.0531367645	84804.7403498988
"BATF"	118.206313753837	104.685086845178	125.742541141073	157.04749453887	127.819478191697	154.177801369688	270.299128246831	97.6247364681254	88.4359983152942	172.810208645807	126.034912048742	149.758372354125	172.917549626904	185.08897319486	107.281299828811	80.7231665599439	275.975873586564	118.829940986081	98.6966027938442	154.831815358787	182.626186476677	170.830474414165	143.466033197179	168.166911446731	176.973672334661	116.994104041315	149.549371784287	218.455689183531	163.209332784536
"BATF3"	118.206313753837	104.685086845178	125.742541141073	157.04749453887	91.2670319112439	161.88854498231	156.163163100763	97.6247364681254	153.967073066927	83.0219594743249	126.034912048742	149.758372354125	172.917549626904	185.08897319486	107.281299828811	80.7231665599439	96.410785532424	118.829940986081	98.6966027938442	151.276810316352	182.626186476677	170.830474414165	143.466033197179	113.472949694151	176.973672334661	40.3080461813316	47.6271884663333	52.4251713903363	58.845982615661
"BAX"	644.579028899671	643.13283103335	786.896822460837	896.270051333329	1078.41124906326	801.769052181679	750.80116855687	931.97454669296	657.919609466632	1051.34858380311	600.493338456232	502.43933924809	784.786298981706	727.677298115591	464.849872158239	299.644394270512	574.993924915377	723.555510664244	429.823705167192	1073.98971484094	867.930951230407	170.830474414165	929.588162101123	1035.8945577579	883.895006475467	467.97641616526	458.864147278888	549.940047884627	774.707361135177
"BCAP31"	253.434336688226	265.324352609103	310.584076618451	351.786387767068	399.430165159559	346.909320802485	228.238469147268	338.660210807927	286.97481453313	278.455652076886	254.338452514362	255.9370583532	344.538217631607	400.439993507079	182.592772308637	80.7231665599439	245.317243787253	487.856322718354	232.233106373915	295.065418522045	364.887120580401	170.830474414165	264.120967116007	269.044363724831	426.683523998869	235.701300045336	319.578434609097	316.412121926374	382.469464010489
"BCL10"	633.526738563687	554.726275192597	393.448411230418	485.826424355993	91.2670319112439	74.141765505981	66.9222897367742	97.6247364681254	88.4359983152942	83.0219594743249	126.034912048742	149.758372354125	172.917549626904	185.08897319486	107.281299828811	80.7231665599439	96.410785532424	118.829940986081	98.6966027938442	151.276810316352	182.626186476677	170.830474414165	143.466033197179	113.472949694151	176.973672334661	129.046209849533	96.2783614846928	158.19295467034	180.274667743077
"BCL2"	264.427523867332	257.263600922024	352.016243924435	234.550433093802	151.777074068399	200.44226304542	162.186169177072	199.496148972614	153.967073066927	153.632136007238	261.396407589091	322.354896492255	574.25918231095	406.085207189522	258.97705778675	181.384955260194	229.987928887597	356.311578046763	222.314097793134	406.329512509722	491.994946368168	170.830474414165	370.859695814708	242.151274647318	375.892080038821	203.011474592277	348.250002065829	308.862897246166	250.919269873178
"BCL2L1"	8120.30092963355	3416.71186445291	4617.83195213535	8669.72841227103	12793.2192976107	2490.12533628388	1861.97886734627	21553.1500061186	3366.62580186578	1862.68068276595	11995.6878415192	9072.36219721291	5244.67573895883	11681.6129097338	14894.6138243327	9990.86415562458	4615.2325088299	20210.893437765	8359.7009532414	2534.94551047112	13500.1842698222	11176.4129580723	5445.54022206533	2374.47820882495	9336.51154452357	7460.1124171254	10875.549418316	5800.66172624084	9688.54969279896
"BCL2L11"	225.892265583582	209.003775886397	248.467261294761	393.718068808946	299.538398732702	246.706724721152	66.9222897367742	210.039620511172	202.9606161336	254.420794809069	233.101569834149	189.594099400323	650.775198020855	468.182557696398	159.366370895699	80.7231665599439	183.999984188631	224.766833375171	148.242297396354	459.578949741078	364.887120580401	170.830474414165	320.000987046308	464.161100723923	345.452608397259	228.828778171419	217.132352218014	331.458146115401	299.643743478946
"BCL3"	264.427523867332	361.791660136934	476.249874571815	268.080073177851	794.844580915023	639.880507199369	408.426734263533	422.666296538749	258.984821066339	403.279168146533	409.739499070461	149.758372354125	325.430828397834	185.08897319486	332.035622970171	244.42974834351	283.640531036391	449.47425177985	212.44443751375	198.323898324738	182.626186476677	170.830474414165	289.514454991908	396.871641555292	355.540107720335	660.669030935115	149.549371784287	278.744636282418	265.54249655317
"BCL6"	512.365266966004	329.600995932042	465.938986198247	410.443626977336	1661.56194946015	724.661616055459	876.949684710689	987.083710429216	636.916059866749	427.272514434613	494.49797742324	227.482967605916	258.425277917409	185.08897319486	408.36626779837	236.559239603916	306.682708778641	668.774907869661	276.695925932542	478.942381461572	182.626186476677	170.830474414165	299.700543348908	719.758919909998	314.92464991953	942.845508227527	170.02906282481	301.339885151653	258.245594708828
"BID"	501.312976630021	610.99450937188	621.231024507473	619.866460944919	694.998448004122	485.702705829682	582.625454448356	420.03042865411	489.93543066673	700.912892861988	402.681543995731	407.642289547929	660.372122025148	541.477791081562	255.651337492057	197.125972739383	490.634487574506	504.314269544926	400.214724329038	715.993143227296	530.711697901223	170.830474414165	604.494130876315	517.947278878951	589.233842038255	363.034417932163	344.154063857725	497.200325465949	448.259272574797
"BIRC2"	523.358454145111	281.393513439838	559.114209183782	494.228465313823	503.246413958599	316.066346351997	510.550148401851	396.405242428823	454.958993333031	249.647032139295	353.2128410166	445.531157753523	488.059783821938	434.311275601738	341.959143204336	181.384955260194	291.305188486219	504.314269544926	385.360885608565	440.215518020585	386.984889144079	170.830474414165	365.766651636209	329.582182386661	508.002926436646	299.36785898875	327.770311025306	339.007370795609	387.353680567588
"BLNK"	118.206313753837	104.685086845178	125.742541141073	157.04749453887	123.803728787602	74.141765505981	66.9222897367742	97.6247364681254	88.4359983152942	83.0219594743249	126.034912048742	149.758372354125	172.917549626904	287.628264344812	107.281299828811	80.7231665599439	96.410785532424	118.829940986081	98.7952993966381	159.67267328891	215.590213135717	170.830474414165	143.466033197179	113.472949694151	213.341761999434	72.2521727800369	108.566176109007	173.265191445061	121.811184014418
"BST2"	264.427523867332	980.79457865247	921.504212752356	368.590469682727	323.54162812536	1464.78179021891	943.001984680885	144.386985236358	846.907337866415	868.949338838021	261.396407589091	710.977872751209	794.383222985999	485.118198743727	232.42493607912	615.070167603493	988.981837991605	257.623312057823	864.631588775472	798.212089634233	326.170369047345	170.830474414165	817.828122240521	780.296738571827	457.211482476598	450.764880445831	725.171571588391	685.537753685732	414.158025649022
"BTK"	118.206313753837	104.685086845178	125.742541141073	209.422833967583	91.2670319112439	74.141765505981	66.9222897367742	97.6247364681254	88.4359983152942	110.419206100852	126.034912048742	149.758372354125	201.016651441276	203.042603594761	107.281299828811	80.7231665599439	206.993956538114	131.544744671591	98.7952993966381	154.831815358787	182.626186476677	170.830474414165	143.466033197179	221.953089601759	264.133205959482	130.75930181224	141.357495368077	52.4251713903363	158.354539218744
"BTLA"	118.206313753837	104.685086845178	125.742541141073	157.04749453887	127.819478191697	74.141765505981	66.9222897367742	110.267139840748	88.4359983152942	83.0219594743249	126.034912048742	149.758372354125	172.917549626904	185.08897319486	107.281299828811	80.7231665599439	96.410785532424	252.157134772463	98.6966027938442	151.276810316352	182.626186476677	170.830474414165	143.466033197179	113.472949694151	203.165775840191	40.3080461813316	51.2230411955415	52.4251713903363	60.9055920072091
"C10orf54"	1063.26579221576	1422.9843854865	1366.69567966233	1214.60532276362	1441.88220364979	1588.11661713811	1771.90146536057	1026.47529159411	1343.82921240005	1593.85557798809	1066.75949558055	824.794235740345	1129.32451661331	755.810822041209	810.134735657268	954.147828738537	1502.61029791559	1140.17328376144	1072.14119614953	2051.16227107942	762.920894006318	1744.26455900583	1381.72136572203	1735.45529262234	1148.02821243495	1484.78718913553	831.689778593346	851.253720450585	1079.20589817991
"C14orf166"	947.541811050754	980.79457865247	797.270582104975	1248.13496284767	551.207239227958	578.194558298393	486.525046386349	711.440267011464	881.883775200114	504.067826948363	833.594908290381	1137.56459640194	1071.91589013718	1252.21944814982	527.93127645758	323.296282072575	659.305156863482	888.01614898898	583.000832703238	1238.42760765482	1431.88061507039	1679.69063967727	1036.25515778323	941.712009511756	1249.61110035504	452.498126431628	716.979695172182	655.393280136289	1103.5681349828
"C1QA"	118.206313753837	281.393513439838	125.742541141073	157.04749453887	91.2670319112439	74.141765505981	66.9222897367742	97.6247364681254	88.4359983152942	316.853308333761	126.034912048742	149.758372354125	172.917549626904	185.08897319486	107.281299828811	80.7231665599439	96.410785532424	118.829940986081	98.6966027938442	151.276810316352	182.626186476677	170.830474414165	182.847459309805	113.472949694151	176.973672334661	40.3080461813316	47.6271884663333	52.4251713903363	58.845982615661
"C1QB"	148.762645859203	409.999142629139	331.331595906728	157.04749453887	91.2670319112439	285.260442784262	150.173618169321	97.6247364681254	307.978364133012	715.317202830783	126.034912048742	274.956371642174	669.969046029441	185.08897319486	107.281299828811	173.474084937319	245.317243787253	118.829940986081	143.258118955265	232.209903835601	182.626186476677	170.830474414165	772.134190667219	531.393823417708	176.973672334661	40.3080461813316	59.4149176117508	158.19295467034	63.347700285759
"C1QBP"	572.946002764846	393.929981798404	559.114209183782	1181.07568267957	383.458434575091	254.417468333774	360.376530232529	196.909093456209	244.967715333365	403.279168146533	374.449723696813	473.985248500806	698.673359267507	1020.95077614285	295.50634037846	173.474084937319	429.317227975884	339.85363122019	316.223915351477	730.515717017665	1205.15020455959	170.830474414165	523.220623070113	686.114190325682	894.07099263471	158.289697354089	284.739146245974	263.672399507696	830.728736585286
"C2"	118.206313753837	104.685086845178	125.742541141073	157.04749453887	91.2670319112439	74.141765505981	66.9222897367742	97.6247364681254	88.4359983152942	153.632136007238	126.034912048742	149.758372354125	229.720964679343	185.08897319486	107.281299828811	80.7231665599439	237.652586337425	118.829940986081	98.6966027938442	151.276810316352	182.626186476677	170.830474414165	143.466033197179	168.166911446731	176.973672334661	40.3080461813316	79.8946086522741	52.4251713903363	58.845982615661
"C3AR1"	118.206313753837	104.685086845178	207.097965259348	251.275991262191	91.860267618667	74.141765505981	66.9222897367742	97.6247364681254	88.4359983152942	96.0148961320567	126.034912048742	149.758372354125	172.917549626904	185.08897319486	107.281299828811	80.7231665599439	229.987928887597	118.829940986081	98.6966027938442	151.276810316352	182.626186476677	170.830474414165	223.520079721205	235.456370615363	176.973672334661	60.2202209949094	118.806021629268	52.4251713903363	136.43441069441
"C4A"	118.206313753837	192.934615055663	207.097965259348	157.04749453887	91.2670319112439	74.141765505981	174.198720184823	97.6247364681254	139.994185333111	115.234479750363	126.034912048742	149.758372354125	220.124040675049	185.08897319486	107.281299828811	80.7231665599439	176.335326738803	118.829940986081	123.518798396496	164.513531219033	182.626186476677	170.830474414165	143.466033197179	201.811641031047	176.973672334661	87.7506165367589	57.3669485076985	52.4251713903363	102.303740777327
"C4BPA"	815.328049117087	522.535610987705	393.448411230418	494.228465313823	595.106681577266	362.330808027729	300.313775193774	97.6247364681254	88.4359983152942	83.0219594743249	685.251816809012	710.977872751209	440.248081350099	434.311275601738	597.664121346307	433.685212343299	252.981901237081	866.092024877048	839.908089775614	478.942381461572	652.34073809469	170.830474414165	147.339616093503	113.472949694151	176.973672334661	338.930206315727	389.209384146876	436.937590952758	285.020516798954
"C5"	4660.63853868627	1776.71529393636	3903.36283337177	3945.34715780548	2947.6969631534	1048.47577690283	1351.42871894442	4890.80404758015	1322.86988079933	1094.5615137095	10165.9760058515	7565.04417946864	5005.44430905	10593.0121138882	5850.26384226473	3303.9992072985	2445.60419120823	3338.34894709245	4219.37846603963	3483.07291912885	7037.59140897199	3101.00018680312	1884.64154509475	1042.6461982647	2885.29026690815	5233.77810239191	5403.97131214404	3774.19293873309	5495.94996938096
"C5aR1"	118.206313753837	257.263600922024	125.742541141073	175.893193883534	203.708015225896	300.681930009506	318.349332277835	217.898411796856	447.928331466965	720.090965500557	254.338452514362	149.758372354125	277.532667151182	185.08897319486	132.814249188068	197.125972739383	459.975857775195	268.615081599035	128.453628536188	575.683901658879	182.626186476677	170.830474414165	294.607499170408	470.856004755878	176.973672334661	593.576288066289	192.556722969386	195.860440314296	248.477161594628
"C9"	118.206313753837	104.685086845178	125.742541141073	157.04749453887	91.2670319112439	74.141765505981	66.9222897367742	97.6247364681254	88.4359983152942	83.0219594743249	126.034912048742	149.758372354125	172.917549626904	185.08897319486	107.281299828811	80.7231665599439	96.410785532424	118.829940986081	98.6966027938442	151.276810316352	182.626186476677	170.830474414165	143.466033197179	113.472949694151	176.973672334661	46.4550232239846	53.2710102995938	286.267648376931	58.845982615661
"CAMP"	319.51166607662	627.063670202615	559.114209183782	519.356064440042	1461.86968363835	1318.2776615791	1375.48728210479	664.189894560891	692.940264799488	1123.37013364709	381.507678771543	149.758372354125	210.527116670756	186.106962547431	278.877738904995	228.688730864321	689.963786662792	1277.24362068889	365.621565049796	827.257237214973	281.974831919989	170.830474414165	279.400099651507	1062.78764683542	700.992716117594	812.086206415287	83.9905468603788	210.932677089018	382.469464010489
"CARD9"	118.206313753837	104.685086845178	125.742541141073	157.04749453887	95.8760170227617	74.141765505981	66.9222897367742	97.6247364681254	146.980629200019	100.830169781568	126.034912048742	149.758372354125	201.016651441276	185.08897319486	107.281299828811	80.7231665599439	96.410785532424	118.829940986081	98.6966027938442	241.891619695847	182.626186476677	170.830474414165	254.006611775606	228.704730108561	176.973672334661	72.2521727800369	75.7986704441695	52.4251713903363	58.845982615661
"CASP1"	909.006552767003	1953.58074816128	2143.21874247902	661.719618239527	1138.32805551299	3014.34468929392	3784.05395087616	724.570794066427	2771.67262319964	2938.02261285715	685.251816809012	1365.12244319403	1847.10526511459	518.896936351789	720.501209650296	1805.77723594595	2545.29294344876	729.081102920097	2089.94991246105	1615.78761098896	597.096316685495	170.830474414165	2453.55609973816	3242.20585513612	985.477894395562	1264.56417882383	1206.56337901186	1506.67321317257	889.192220313945
"CASP10"	325.008259666174	297.462674270573	434.880578536402	519.356064440042	207.678131114036	354.620064415107	276.288673178272	204.767884741893	230.994827599549	312.03803468425	176.637929236312	303.335583203281	526.361021064297	434.311275601738	202.547094076796	252.340618666385	383.329283276918	224.766833375171	434.807883608281	536.957038217893	486.516160773868	170.830474414165	396.253183690609	403.623282062094	375.892080038821	216.776672363201	350.297971169882	369.125631759358	416.570710936264
"CASP2"	236.885452762688	160.796293394193	125.742541141073	192.697275799193	215.663996406269	74.141765505981	156.163163100763	207.403752626532	88.4359983152942	83.0219594743249	169.579974161583	149.758372354125	296.726515159768	327.144760121914	156.040650601006	80.7231665599439	96.410785532424	230.233010660531	113.649138117112	285.383702661799	392.554987831617	170.830474414165	259.099655954106	174.918551953533	253.957219800239	94.6231384106759	221.228290426118	271.195411602209	277.723614954612
"CASP3"	1443.35819409122	1326.51707795867	1459.87090264786	1876.32494100315	1697.52116003318	1557.27364268763	2192.34075063186	1632.87134216587	1210.86568893301	1689.87047412015	1398.79847137297	549.837864098171	870.899238695904	1212.70295237272	1092.33819485696	559.855521676491	1188.31113707989	1847.33026256961	1141.32751470801	2060.84398693967	1348.87701331674	1615.11672034872	1087.11386655163	1473.10583292946	1371.54596059363	2142.03003614523	1077.51751186233	1122.47534463849	1505.54504223038
"CASP8"	919.99973994611	779.799211909729	1076.79625106158	854.416894038721	738.897890353431	1071.6080077407	1033.11284781145	543.42809554982	818.917344399625	571.27410314283	868.947701120053	559.347520742658	851.791849462131	1252.21944814982	574.384079283455	544.114504197302	774.323224003663	696.165209266953	578.066002563546	1204.54160214396	1138.85689886856	170.830474414165	873.708142170822	867.72764631117	944.862436594758	1266.29742480962	991.478995897894	1054.66338544509	1490.92181555039
"CCL5"	528.855047734665	707.461816899711	652.289432169318	829.289294912501	814.78642738763	316.066346351997	168.175714108514	740.337189006029	349.941245333619	216.023138552193	332.038975792411	530.893429995374	650.775198020855	552.768218446448	212.470614310961	80.7231665599439	176.335326738803	756.471404317389	261.842087212069	372.519145404018	569.428449434279	170.830474414165	269.214011294507	255.597819186074	609.585814356741	182.373754947435	389.209384146876	384.197868534079	718.65656269376
"CCND3"	1096.30445690996	1294.32641375378	1470.244662292	1390.49851664715	1018.49444261353	1379.96361048007	1441.53958207499	939.833337978644	1077.85794746681	1036.94427383432	1045.58563035637	1507.31801774427	1550.46520872964	1551.13813985952	773.605453065558	764.892364738748	889.293085751079	1167.62300012923	968.361718311803	1267.47275523556	1304.68147618938	170.830474414165	1005.84035874542	773.545098065025	1127.67624011646	963.483227872369	1077.51751186233	1114.92611995828	1283.84280272588
"CCR1"	159.75583303831	337.661747619121	352.016243924435	157.04749453887	387.42855046323	732.372359668081	594.638005456107	189.001489802291	475.962542932914	374.470548208942	197.811794460501	149.758372354125	201.016651441276	185.08897319486	189.244212898023	291.773885530917	498.299145024333	235.699187945891	306.304906770696	396.647796649476	182.626186476677	170.830474414165	259.099655954106	484.302549294635	176.973672334661	273.550555409607	116.758052525216	165.742179350548	80.3836122529929
"CCR2"	220.336568837151	209.003775886397	125.742541141073	301.53118951463	151.777074068399	74.141765505981	162.186169177072	154.881644406681	223.964165733483	316.853308333761	204.869749535231	149.758372354125	315.833904393541	468.182557696398	107.281299828811	80.7231665599439	96.410785532424	219.241241119319	163.046787815431	488.624097321818	409.082657707757	170.830474414165	304.793587527407	591.931642079537	345.452608397259	172.054895125014	178.220939241019	173.265191445061	392.20847413338
"CCR3"	143.206949112773	104.685086845178	227.782613277054	385.316027851117	107.831998203135	161.88854498231	132.138061085261	131.256458181395	139.994185333111	115.234479750363	126.034912048742	149.758372354125	172.917549626904	236.91388568942	107.281299828811	80.7231665599439	96.410785532424	118.829940986081	98.6966027938442	241.891619695847	182.626186476677	170.830474414165	143.466033197179	262.349459692876	176.973672334661	63.6665589434132	61.4628867158032	165.742179350548	116.926967457318
"CCR4"	341.557143591711	249.202849234946	207.097965259348	209.422833967583	199.692265821802	238.99598110853	120.12551007751	178.506830631967	146.980629200019	83.0219594743249	360.27079609133	208.538533503119	354.1351416359	304.563905392142	205.872814371489	80.7231665599439	168.670669288976	197.317117007387	143.258118955265	208.005614184984	182.626186476677	170.830474414165	238.727479240106	188.36509649229	304.748663760287	123.866625915232	165.933124616705	165.742179350548	97.4489472115345
"CCR5"	358.106027517248	466.267376808422	465.938986198247	527.758105397872	275.580802856001	74.141765505981	174.198720184823	288.773970472715	237.981271466457	105.603932451341	367.328751166059	455.04081439801	861.388773466425	784.036890453426	139.465689777455	80.7231665599439	96.410785532424	411.151595811839	247.037596792992	532.116180287769	602.575102279796	170.830474414165	523.220623070113	322.887278354706	670.553244476032	104.941998233097	245.827733268979	361.602619664844	494.541637902015
"CCR6"	118.206313753837	104.685086845178	125.742541141073	157.04749453887	91.2670319112439	74.141765505981	66.9222897367742	97.6247364681254	88.4359983152942	83.0219594743249	126.034912048742	149.758372354125	172.917549626904	185.08897319486	109.587847775131	80.7231665599439	96.410785532424	118.829940986081	98.6966027938442	151.276810316352	182.626186476677	170.830474414165	143.466033197179	113.472949694151	176.973672334661	53.3275450979017	71.7027322360648	52.4251713903363	73.0867104086509
"CCR7"	159.75583303831	104.685086845178	125.742541141073	157.04749453887	347.499224002061	74.141765505981	66.9222897367742	291.409838357354	88.4359983152942	100.830169781568	126.034912048742	227.482967605916	220.124040675049	208.687817277204	175.994972369165	80.7231665599439	96.410785532424	285.073028425607	108.714307977419	164.513531219033	193.492444572039	170.830474414165	162.547015612404	113.472949694151	176.973672334661	53.3275450979017	71.7027322360648	173.265191445061	65.789808564309
"CCRL2"	539.907338070648	1374.72456045087	1397.75408732417	460.698825229774	1338.02032133479	1788.55888018353	3423.64395949876	635.292972566326	1042.88151013311	921.751305063692	395.623588921002	388.697855445132	325.430828397834	185.08897319486	388.465586680125	725.459097874216	735.999936754525	383.701879444054	1086.94568656861	657.902848065816	182.626186476677	170.830474414165	629.887618752216	813.941468156143	213.341761999434	800.034100607069	247.875702373032	527.344799015392	219.260131225953
"CD14"	303.02188530796	168.804702537849	217.408853632916	259.678032220021	567.178969812425	277.54969917164	150.173618169321	504.036514384932	182.001284532876	182.440755944829	374.449723696813	149.758372354125	267.935743146888	185.08897319486	275.605659260216	197.125972739383	199.329299088287	460.466021321062	182.7861083742	803.052947564356	210.111427541417	170.830474414165	380.97405115511	591.931642079537	447.035496317355	667.561706832123	112.662114317111	203.409664994505	304.527960036045
"CD163"	148.762645859203	104.685086845178	125.742541141073	157.04749453887	91.2670319112439	74.141765505981	66.9222897367742	97.6247364681254	88.4359983152942	268.825104777864	126.034912048742	149.758372354125	201.016651441276	185.08897319486	107.281299828811	80.7231665599439	96.410785532424	118.829940986081	103.779477837727	188.642182464491	182.626186476677	170.830474414165	143.466033197179	181.613455985488	176.973672334661	209.904150489284	139.309526264025	52.4251713903363	58.845982615661
"CD164"	484.823195861361	860.197358606826	786.896822460837	628.268501902748	615.094161565828	716.950872442837	618.663107471609	784.951693571963	685.909602933422	532.876446885954	445.092291900133	815.284579095858	612.560419553309	829.198599912971	302.157780967847	378.510927999577	475.30517267485	937.389989468697	573.131172423853	783.689515843863	668.959721064068	170.830474414165	731.461570255819	706.312375371241	650.201272157546	810.35296042949	1136.93242947408	708.133002554967	896.489122158287
"CD19"	275.479814203316	249.202849234946	238.156372921193	628.268501902748	215.663996406269	208.153006658042	156.163163100763	154.881644406681	88.4359983152942	100.830169781568	268.454362663821	149.758372354125	172.917549626904	490.76341242617	268.95421867083	80.7231665599439	96.410785532424	268.615081599035	202.574777234365	154.831815358787	508.613929337545	170.830474414165	431.761026906911	221.953089601759	660.377258316789	344.109790250028	456.816178174836	286.267648376931	314.266970158937
"CD1A"	143.206949112773	104.685086845178	125.742541141073	157.04749453887	139.77545937207	74.141765505981	66.9222897367742	97.6247364681254	88.4359983152942	83.0219594743249	126.034912048742	149.758372354125	191.419727436983	185.08897319486	122.837088303989	181.384955260194	96.410785532424	142.536514212804	103.779477837727	151.276810316352	182.626186476677	170.830474414165	143.466033197179	113.472949694151	176.973672334661	84.304278588255	81.9425777563265	52.4251713903363	63.347700285759
"CD1C"	501.312976630021	192.934615055663	125.742541141073	536.081622608432	295.568282844563	223.574493883286	66.9222897367742	199.496148972614	88.4359983152942	83.0219594743249	324.981020717682	189.594099400323	306.236980389248	406.085207189522	305.48350126254	173.474084937319	96.410785532424	263.148904313675	172.916448094815	319.269708172662	591.526217997957	170.830474414165	441.947115263911	188.36509649229	680.640743799108	189.246276821352	237.63585685277	52.4251713903363	224.114924791745
"CD1D"	154.259239448757	104.685086845178	227.782613277054	157.04749453887	111.847747607229	169.599288594932	66.9222897367742	97.6247364681254	139.994185333111	83.0219594743249	211.92770460996	199.10375604481	258.425277917409	197.397389912318	166.017811485085	189.255463999789	176.335326738803	118.829940986081	128.453628536188	154.831815358787	182.626186476677	170.830474414165	386.067095333609	174.918551953533	203.165775840191	144.524499583164	165.933124616705	188.337428219783	180.274667743077
"CD2"	286.473001382423	265.324352609103	393.448411230418	276.403590388411	227.665611102598	74.141765505981	168.175714108514	202.132016857254	182.001284532876	105.603932451341	155.401046556099	331.789673950564	449.845005354392	439.956489284181	169.343531779779	80.7231665599439	191.664641638459	268.615081599035	187.770286815289	367.678287473894	508.613929337545	170.830474414165	279.400099651507	228.704730108561	325.100636078773	110.121582167398	290.883053558131	286.267648376931	428.751829337706
"CD22"	181.801310553401	104.685086845178	125.742541141073	157.04749453887	143.791208776165	74.141765505981	66.9222897367742	97.6247364681254	88.4359983152942	83.0219594743249	126.034912048742	149.758372354125	172.917549626904	185.08897319486	116.185647714603	80.7231665599439	96.410785532424	169.926815610095	98.6966027938442	151.276810316352	182.626186476677	170.830474414165	143.466033197179	141.273822369218	253.957219800239	80.8579406397512	98.3263305887451	52.4251713903363	68.2024938515511
"CD24"	118.206313753837	104.685086845178	125.742541141073	157.04749453887	171.764554056961	262.128211946396	144.150612093012	99.7724806704242	88.4359983152942	571.27410314283	126.034912048742	149.758372354125	172.917549626904	185.08897319486	107.281299828811	80.7231665599439	229.987928887597	394.693648985267	98.7952993966381	198.323898324738	182.626186476677	170.830474414165	143.466033197179	215.258185569804	176.973672334661	411.202533118854	90.1344541725358	52.4251713903363	133.99230241586
"CD244"	280.976407792869	345.670156762777	455.565226554109	427.169185145726	159.762939360632	74.141765505981	162.186169177072	199.496148972614	223.964165733483	230.427448520989	218.98565968469	303.335583203281	545.554869072884	355.370828534131	109.587847775131	80.7231665599439	191.664641638459	317.929507108259	167.981617955123	328.951424032908	381.41479045654	170.830474414165	269.214011294507	215.258185569804	386.068066198064	127.312963863736	245.827733268979	278.744636282418	399.53479896903
"CD247"	325.008259666174	297.462674270573	217.408853632916	217.824874925412	303.554148136797	177.310032207554	66.9222897367742	236.251862252864	146.980629200019	100.830169781568	190.753839385771	246.50228089489	468.952394588165	434.311275601738	142.791410072148	80.7231665599439	96.410785532424	323.395684393618	123.518798396496	299.906276452169	392.554987831617	170.830474414165	243.820523418606	174.918551953533	487.65095411816	165.162219228006	323.674372817201	263.672399507696	433.636045894806
"CD27"	118.206313753837	176.865454224928	125.742541141073	175.893193883534	95.8760170227617	74.141765505981	66.9222897367742	97.6247364681254	88.4359983152942	96.0148961320567	148.34309148137	149.758372354125	306.236980389248	394.794779824636	112.913568069824	80.7231665599439	96.410785532424	142.536514212804	98.7952993966381	203.164756254861	281.974831919989	170.830474414165	143.466033197179	113.472949694151	264.133205959482	108.388336181601	190.508753865333	188.337428219783	333.744990404721
"CD274"	688.610880772975	4067.90544717334	4918.04226910966	837.691335870331	1701.49127592132	5011.05657613549	6552.99714988006	635.292972566326	3779.57769599904	2674.01278172879	522.792815178183	1431.46540214691	1751.3954013961	389.24211062879	760.3562125367	3579.99171376695	2752.28689998687	597.476943278013	3740.15711117412	1872.12616607002	530.711697901223	170.830474414165	2458.64914391666	2919.37531325626	914.334478117028	985.854193503008	921.824232765881	2267.51972556052	550.563013352124
"CD28"	181.801310553401	209.003775886397	125.742541141073	226.148392135972	179.750419349195	215.863750270664	138.16106716157	154.881644406681	88.4359983152942	129.638789719158	282.57027281328	265.446714997687	430.651157345806	389.24211062879	235.750656373813	80.7231665599439	191.664641638459	274.081258884395	128.453628536188	372.519145404018	414.652756395295	170.830474414165	167.640059790904	248.90291515412	176.973672334661	175.501233073518	243.779764164927	188.337428219783	231.441249627395
"CD36"	132.213761933666	104.685086845178	125.742541141073	157.04749453887	111.847747607229	208.153006658042	66.9222897367742	97.6247364681254	88.4359983152942	100.830169781568	310.865110568223	149.758372354125	172.917549626904	185.08897319486	107.281299828811	80.7231665599439	96.410785532424	118.829940986081	98.6966027938442	246.732477625971	182.626186476677	170.830474414165	143.466033197179	484.302549294635	176.973672334661	621.106683608138	237.63585685277	52.4251713903363	153.470322661644
"CD38"	286.473001382423	458.258967664766	424.506818892264	603.140902776529	283.566668148235	370.041551640351	228.238469147268	162.740435692365	314.96480799992	480.074480660284	247.280497439632	521.383773350887	650.775198020855	1111.18165057534	235.750656373813	354.859040197513	459.975857775195	290.539205710967	370.556395189488	483.783239391695	890.028719794085	170.830474414165	447.040159442411	349.780367432219	751.784160077642	141.078161634661	325.722341921254	399.270105308801	667.489980809442
"CD3D"	1817.95400237713	2130.44620238621	2277.82613277054	2136.00297322317	1142.34380491708	863.455001082655	750.80116855687	994.9425017149	1056.89861586608	456.081134372204	1299.8610654147	2057.15588184244	2919.02115525177	3000.75497792166	1032.58251085231	709.677718811747	904.670606043501	2028.18943275042	1220.38349354588	2481.69607323976	3057.16236161957	1938.0717322287	1625.54188914064	1338.58365106705	2174.12156463132	471.422754113764	1317.20133781915	1559.38672300555	2645.6565324175
"CD3E"	2401.95229547796	2178.65368487842	2692.02206328924	2228.18985251748	1298.09099487362	1009.92205883972	750.80116855687	1296.84699924258	1105.89215893275	412.868204465818	1759.0692674643	2521.70635288494	3828.22163119004	3824.30836415219	1182.02536151384	465.247970468237	919.999920943156	1880.18674125226	1432.82793105963	3076.74340661913	4013.57570019793	2131.87890545157	1518.87489345854	1230.95455828215	2316.31991035222	1056.39327432034	2527.86065503911	1890.87108170665	3559.21098953433
"CD3G"	517.861860555558	699.401065212633	507.30828223366	494.228465313823	355.485089294295	185.020775820176	168.175714108514	517.167041439894	363.958351066593	83.0219594743249	381.507678771543	654.144570442819	756.08198574364	1004.01513509552	288.854899789074	80.7231665599439	183.999984188631	712.623156093525	242.1027666533	643.380274275447	978.511107142035	170.830474414165	421.64667156651	376.673456509733	518.090425759721	290.762091129035	790.730396512299	685.537753685732	1249.7415558001
"CD40"	118.206313753837	104.685086845178	125.742541141073	157.04749453887	91.2670319112439	74.141765505981	66.9222897367742	97.6247364681254	88.4359983152942	83.0219594743249	126.034912048742	149.758372354125	172.917549626904	185.08897319486	107.281299828811	80.7231665599439	96.410785532424	126.078567386231	98.6966027938442	151.276810316352	182.626186476677	170.830474414165	143.466033197179	113.472949694151	176.973672334661	65.3796509061198	98.3263305887451	52.4251713903363	95.0068389329846
"CD40LG"	121.220574754559	104.685086845178	125.742541141073	157.04749453887	171.764554056961	74.141765505981	66.9222897367742	139.115249467079	88.4359983152942	83.0219594743249	162.459001630829	149.758372354125	172.917549626904	219.978244642091	107.281299828811	80.7231665599439	96.410785532424	169.926815610095	138.323288815573	151.276810316352	182.626186476677	170.830474414165	143.466033197179	113.472949694151	176.973672334661	96.3563843964732	165.933124616705	218.455689183531	138.847095981652
"CD44"	1917.1290996166	1254.12734040523	1366.69567966233	1641.77450790934	2520.29345271305	1534.14141184976	1159.2279028204	1627.64841876482	1042.88151013311	1425.81913201206	1596.61026583347	1488.37358364147	1866.29911312318	1929.08982312342	1211.90320351617	591.418279801429	1019.64046779092	1660.94550013294	928.833728892868	2225.28187975354	1581.08620942183	170.830474414165	1315.65525743473	1715.31384405163	1320.75451663358	1481.36100521012	1474.91877242541	896.47043077475	1571.30542780338
"CD46"	556.397118839309	530.596362674783	714.406247493008	720.376857449795	427.3578769244	477.99196221706	342.374434293337	417.39456076947	594.953178666142	427.272514434613	883.063611269513	976.424587748896	1406.85718376449	1517.35940225146	630.867683643324	339.077661135044	506.012007866927	685.232854696234	602.789501563404	894.95360983154	945.364454296519	1292.07629323153	833.10725477602	598.683282586339	944.862436594758	738.100787649453	893.152665309149	783.46797384288	901.373338715387
"CD47"	1977.70983541544	1527.46010215799	1801.57625819873	1834.47178370854	1226.21820724352	1233.49655272301	1009.08774579595	1076.36153192932	1427.84341079958	888.12741147659	2013.40771997866	2095.11962923421	2402.25705819177	2707.48149989441	1792.93872338901	1096.05915555092	1341.65249146921	1315.62569162739	1437.76276119933	2694.54254535487	2200.280294671	1679.69063967727	1584.86926872924	2118.88038963888	1950.60381647264	2057.72575755698	2271.79307624987	1710.05666558138	2080.47029238539
"CD48"	2523.11376707564	3127.30994186942	2971.54773224584	3509.77593170193	3055.52896135653	2397.59641293241	2612.78003590314	2832.63054099089	2841.66971586619	2520.38064572155	1928.64924162588	2540.65078698773	3541.09204003456	3288.47578675307	1952.30509428471	1490.35146261296	2606.61020304738	3694.66052513922	2371.53132023189	4648.96329623698	3084.83022887079	3682.42170647173	4429.58550797951	5051.70224743389	3626.89844082655	2119.65907051459	2050.56478582375	1807.98688573853	3079.29257831231
"CD5"	126.717168344113	104.685086845178	125.742541141073	157.04749453887	131.789594079836	74.141765505981	66.9222897367742	102.35953618683	88.4359983152942	83.0219594743249	126.034912048742	149.758372354125	201.016651441276	253.84952673675	107.281299828811	80.7231665599439	96.410785532424	158.994461039376	118.583968256804	159.67267328891	182.626186476677	170.830474414165	143.466033197179	113.472949694151	176.973672334661	60.2202209949094	110.614145213059	173.265191445061	165.651441063086
"CD53"	1691.29593718989	2178.65368487842	2629.84237669498	2094.14981592856	2871.8084261192	2505.54682350912	3808.07905289166	1556.77286008896	2113.753013733	3240.47161122211	1476.49899465102	1630.56915819172	2440.47183665932	2081.41804806279	1039.23395144169	1064.53675900926	2667.927462646	2466.73132995955	1571.15121987521	2709.06511914524	1857.49094265428	1938.0717322287	2285.91603994726	2798.2996759326	2082.71466287046	1699.85076953603	1636.75595883401	1687.46141671214	1807.63089398787
"CD55"	5007.69227586753	3521.23992366782	3841.24601804808	3844.83676130061	6893.90088893176	4463.70499228759	3904.17946095367	13758.8398588717	9035.99234586434	5751.26322062438	5757.65288712269	5157.15418957283	4268.46971254014	5945.15036350549	11348.5913804411	8397.99427148049	9621.45895838655	6166.85803238413	4930.83292727906	5379.47901325465	5815.82222144302	7170.95082448339	5161.11881125193	3968.71641555292	5221.96214957886	16171.0238153037	15238.8666624707	13205.9268858114	12363.4526785764
"CD58"	1211.96933491809	1077.2618861803	1014.67943573789	1340.24331839471	914.678193814486	871.165744695277	780.849276648682	866.321911418145	1105.89215893275	796.927788994044	1045.58563035637	1260.81573684938	1397.34671853501	1111.18165057534	883.193300840688	575.63690073896	774.323224003663	893.48232627434	637.333312541249	1296.5179028163	1100.1401473355	170.830474414165	1132.80779812493	1170.41673962032	1219.17162871348	1001.33248323664	907.488449037515	790.990985937393	1123.07557821989
"CD59"	1151.38859911924	1020.99365200102	1025.05319538203	1214.60532276362	1393.96701189638	1202.65357827252	1153.23835788896	934.561602209365	860.924443599389	892.942685126101	1087.93336080474	1099.67572819634	1320.7442440503	1799.34245291383	956.251866024109	867.410786269877	958.323208192295	1238.86154975038	775.705949658219	1402.94113887385	1426.31051638285	170.830474414165	1183.59477387673	1352.03019560581	1523.92029247377	800.034100607069	936.160016494248	903.993442869263	1254.6257723572
"CD6"	325.008259666174	474.3281284955	434.880578536402	460.698825229774	383.458434575091	169.599288594932	222.248924215827	572.276205176151	391.948344533384	100.830169781568	303.807155493493	606.746045592738	861.388773466425	789.682104135869	298.832060673154	205.036843062258	275.975873586564	575.552819166081	345.83289618963	783.689515843863	834.784298384891	170.830474414165	604.494130876315	396.871641555292	711.168702276837	345.822882212734	667.804623080693	730.728251424202	891.634328592495
"CD68"	473.770905525377	699.401065212633	714.406247493008	376.913986893287	543.221373935724	747.793846893325	240.251020155019	378.051791972816	447.928331466965	619.302306698726	466.266157124322	625.690479695535	1062.31896613289	304.563905392142	418.343428682449	520.422254811958	590.323239815032	323.395684393618	415.019214748115	1190.01902835359	398.033773425918	1356.65021256009	1747.48801735824	1230.95455828215	721.34468843608	433.573498749493	530.566879514953	504.723337560462	487.215313066365
"CD69"	137.71035552322	217.064527573476	125.742541141073	157.04749453887	91.2670319112439	74.141765505981	66.9222897367742	97.6247364681254	88.4359983152942	110.419206100852	126.034912048742	149.758372354125	172.917549626904	185.08897319486	107.281299828811	80.7231665599439	96.410785532424	118.829940986081	98.6966027938442	151.276810316352	182.626186476677	170.830474414165	143.466033197179	113.472949694151	176.973672334661	75.6985107285407	104.470237900902	158.19295467034	158.354539218744
"CD7"	490.319789450914	450.198215977687	362.390003568573	846.014853080891	766.871235634227	539.640840235283	504.527142325541	490.905987329969	377.975456799567	340.846654621841	777.131267692545	834.229013198655	1071.91589013718	1652.6594416569	395.117027269512	236.559239603916	413.987913076229	624.926659645798	355.751904770411	807.89380549448	1155.3845687447	170.830474414165	584.193687178914	491.054189801437	1097.2367684749	289.048999166329	385.113445938771	391.720880628592	782.004262979519
"CD74"	10053.9789131757	8915.61010625641	9815.39989020161	8544.09041663994	15349.4719608968	8580.50066377269	3916.19201196142	10067.7461977484	7160.17638559864	9150.18224150324	9007.40007684349	11546.6700252478	18480.9089514747	9566.41612406292	7171.75489355603	5929.84309232692	6984.19012553986	11111.3124618444	9733.26157432333	16346.3670155438	12300.5128508569	18476.59703645	24987.6224679859	19332.3297029176	14192.7576002228	12172.5664042311	16246.729411201	10516.5155934871	10295.1635045925
"CD79A"	214.839975247598	104.685086845178	125.742541141073	234.550433093802	203.708015225896	169.599288594932	66.9222897367742	97.6247364681254	88.4359983152942	83.0219594743249	126.034912048742	149.758372354125	172.917549626904	366.661255899017	175.994972369165	80.7231665599439	96.410785532424	268.615081599035	143.258118955265	151.276810316352	381.41479045654	170.830474414165	218.427035542705	113.472949694151	396.244052357307	201.29838262957	350.297971169882	173.265191445061	216.818022947403
"CD79B"	118.206313753837	104.685086845178	125.742541141073	201.020793009753	139.77545937207	74.141765505981	66.9222897367742	120.761799011071	88.4359983152942	83.0219594743249	126.034912048742	149.758372354125	172.917549626904	191.752176229875	107.281299828811	80.7231665599439	96.410785532424	148.002691498163	98.6966027938442	151.276810316352	182.626186476677	170.830474414165	143.466033197179	113.472949694151	176.973672334661	80.8579406397512	90.1344541725358	195.860440314296	119.369075735868
"CD80"	118.206313753837	104.685086845178	125.742541141073	157.04749453887	91.2670319112439	74.141765505981	66.9222897367742	97.6247364681254	88.4359983152942	83.0219594743249	126.034912048742	149.758372354125	172.917549626904	185.08897319486	107.281299828811	80.7231665599439	96.410785532424	118.829940986081	98.6966027938442	151.276810316352	182.626186476677	170.830474414165	143.466033197179	113.472949694151	176.973672334661	58.5071290322028	137.261557159973	52.4251713903363	75.5288186872009
"CD81"	782.28938442289	916.465592786109	786.896822460837	1072.16324521686	898.660829714063	817.190539406923	480.502040310039	567.053281775107	643.946721732815	643.295652986806	649.962041435364	929.026062898816	1292.03993081223	1229.63859342005	531.256996752273	804.325631603281	605.652554714688	909.940273100912	602.789501563404	1243.26846558494	1343.39822772244	1356.65021256009	1219.17435010963	941.712009511756	1208.99564255424	418.075054992771	823.497902177136	821.135459486837	847.794071543828
"CD82"	385.648098621892	393.929981798404	403.822170874557	460.698825229774	1074.44113317512	955.946853551366	438.474842355345	351.79073786289	377.975456799567	83.0219594743249	628.725158755151	149.758372354125	172.917549626904	389.24211062879	361.913464972495	157.69270587485	96.410785532424	564.620464595362	242.1027666533	783.689515843863	315.121484765506	170.830474414165	284.493143830007	665.916005280123	599.409828197498	428.414068838283	180.268908345072	226.00491386374	287.462625077504
"CD83"	118.206313753837	104.685086845178	125.742541141073	157.04749453887	111.847747607229	74.141765505981	66.9222897367742	97.6247364681254	88.4359983152942	83.0219594743249	126.034912048742	149.758372354125	172.917549626904	185.08897319486	107.281299828811	80.7231665599439	96.410785532424	118.829940986081	98.7952993966381	151.276810316352	182.626186476677	170.830474414165	157.453971433904	113.472949694151	176.973672334661	106.675244218894	114.710083421164	52.4251713903363	102.303740777327
"CD86"	352.550330770817	329.600995932042	310.584076618451	368.590469682727	275.580802856001	316.066346351997	222.248924215827	136.528193950673	230.994827599549	345.661928271352	197.811794460501	312.845239847768	555.065334302363	287.628264344812	179.267052013944	291.773885530917	352.670653477607	279.547436169755	251.972426932684	512.752748567276	420.131541989595	170.830474414165	497.827135194212	565.038553002023	406.42003851655	215.063580400495	313.410713702706	406.793117403314	377.614670444696
"CD8A"	253.434336688226	273.332761752759	341.705355550867	301.53118951463	159.762939360632	74.141765505981	66.9222897367742	202.132016857254	88.4359983152942	83.0219594743249	261.396407589091	312.845239847768	421.140692116326	366.661255899017	132.814249188068	80.7231665599439	96.410785532424	317.929507108259	133.38845867588	319.269708172662	398.033773425918	170.830474414165	143.466033197179	113.472949694151	176.973672334661	137.631823686157	348.250002065829	467.055851916506	577.367358433558
"CD8B"	247.878639941795	241.19444009129	352.016243924435	376.913986893287	179.750419349195	74.141765505981	66.9222897367742	259.87704847815	88.4359983152942	83.0219594743249	190.753839385771	322.354896492255	382.839454873966	654.289520243829	205.872814371489	80.7231665599439	96.410785532424	350.845400761403	202.574777234365	532.116180287769	641.291853812851	170.830474414165	162.547015612404	134.522181862416	284.485178277968	130.75930181224	229.443980436561	233.527925958253	511.577549869249
"CD9"	1873.03814458642	1318.45632627159	1201.02988170896	1189.4777236374	1290.10512958139	1541.85215546238	804.874378664184	1346.73323957779	1217.85213279992	480.074480660284	4740.36209452127	4863.25338382786	4038.83520663561	4484.24309807846	2380.62568385124	2058.11785461233	919.999920943156	2658.58226968158	2638.35758588504	1586.74246340822	2587.26518381508	2777.95975968594	1615.35580078364	982.108379602874	1930.25184415415	3040.13361311148	3205.92893723429	3133.87189537152	2416.65739106866
"CD96"	605.984667459043	474.3281284955	538.429561166076	586.33682086087	351.4693398902	74.141765505981	66.9222897367742	425.302164423388	237.981271466457	144.001588708217	395.623588921002	341.299330595051	334.941293627314	609.220355270881	215.796334605654	80.7231665599439	96.410785532424	476.923968147634	123.518798396496	357.996571613648	514.092714931846	170.830474414165	213.333991364206	174.918551953533	335.276622238016	165.162219228006	331.866249233411	293.790660471444	472.621509377681
"CD97"	727.205242213602	940.595505303922	1232.08828937081	904.672092291159	1338.02032133479	1094.74023857856	1585.690194168	517.167041439894	692.940264799488	710.501929181272	621.667203680421	919.591285440506	1359.04548129266	846.041696473703	527.93127645758	394.292307062046	705.341306955214	772.929351143961	637.333312541249	1069.14885691082	773.969778288157	170.830474414165	1473.18096188524	1224.25965425019	721.34468843608	535.069159034086	747.699231732967	587.607533528584	864.829983511062
"CD99"	3294.40996431942	3119.24919018234	4131.14544664882	4045.85755431036	2696.02812265815	2759.92722096014	2402.57712383993	2333.81695000701	2603.68844439974	1694.64423678992	2218.27746951389	2853.4960268355	3588.99020128122	3147.43798917859	2041.93862029168	1703.25881441482	1740.31108964579	2527.03752500999	2099.81957274043	2950.95673884109	3366.71374769754	4392.99106479745	3362.84381814188	2650.27421305658	4673.3437653414	1617.27973693357	2191.89846759759	2357.92693362315	2633.47541401606
"CDC42"	5250.07432221977	4759.29810324232	4255.44194856677	4339.06522661443	3411.01405065083	3561.69627314182	2774.96620508021	4707.0254811789	4598.49504039867	3418.09709351743	4528.43438991131	4521.95405323281	4938.43875856958	5347.31298008609	4163.58724635616	3603.64360156902	3932.93337961694	4560.75255001626	2994.06014235406	4498.97233880832	4361.84383780895	4974.49799970327	4825.83869167012	3995.60950463043	4561.58489126207	4941.28276527708	5360.94014736471	5514.39407786391	4991.66932135606
"CDKN1A"	380.151505032338	401.990733485483	289.899428600744	368.590469682727	259.609072271533	431.727500541328	240.251020155019	236.251862252864	293.961258400038	360.066238240147	141.28513640664	293.900805744971	373.242530869673	185.08897319486	136.139969482761	212.907351801852	183.999984188631	118.829940986081	143.258118955265	416.011228369969	182.626186476677	170.830474414165	675.581550325517	396.871641555292	264.133205959482	230.541870134126	206.892506697752	165.742179350548	233.883357905945
"CEACAM1"	118.206313753837	104.685086845178	125.742541141073	157.04749453887	91.2670319112439	74.141765505981	66.9222897367742	97.6247364681254	88.4359983152942	83.0219594743249	126.034912048742	149.758372354125	172.917549626904	185.08897319486	107.281299828811	80.7231665599439	96.410785532424	118.829940986081	98.6966027938442	151.276810316352	182.626186476677	170.830474414165	152.360927255404	174.918551953533	213.341761999434	115.281012078608	88.0864850684835	52.4251713903363	185.158884300177
"CEACAM8"	1801.46422160847	1816.91436728491	2029.35887147578	1834.47178370854	4313.69062976899	3623.3822220428	4438.75471137102	2365.34973988621	1224.88279466598	1411.41482204326	1412.91438152242	322.354896492255	669.969046029441	558.413432128892	1374.59529470656	654.503434468025	2000.95764833269	2527.03752500999	1007.88970773074	1722.21084704651	569.428449434279	2067.30498612301	695.953727039517	2623.38112397907	1493.48082083221	3102.0669260691	327.770311025306	693.060765780245	1215.64030887432
"CEBPB"	969.587288565844	1398.85447296869	1097.48089907929	1206.20328180579	7728.67479630796	3237.9191831772	3081.3029863503	1806.15524939679	1231.86923853289	3173.26533502765	755.894385012332	426.586723650726	765.678909747933	377.951683263903	833.361137070206	591.418279801429	1571.64042035681	2614.73402145772	662.056811541107	1006.21770381922	486.516160773868	170.830474414165	1264.86828168293	1715.31384405163	863.543034156981	1352.31479536058	411.760857885685	542.390823204419	650.454068842209
"CFD"	1096.30445690996	1254.12734040523	1118.22841836756	1164.35012451118	3399.0124359545	1881.087803535	2012.15248551559	1856.041489732	1049.86795400002	1617.84892427617	1024.34874767615	559.347520742658	1062.31896613289	705.096443385818	956.251866024109	583.507409478555	1034.96978269057	2642.1837378255	1180.85550412695	1630.31018477933	818.165315415513	1808.92389357159	1777.90281639604	2455.21421253234	1269.96307267353	2498.17177818039	1069.32563544612	903.993442869263	1430.01622354318
"CFL1"	1525.98440740515	1776.71529393636	2484.92409802989	2404.08304640102	1709.47714121355	1534.14141184976	1279.35341289791	1522.65301469335	1455.83340426637	2011.49754512368	1278.68720019051	1896.0158731894	3254.0489076539	3057.20711474609	979.478267437046	686.025831009683	1471.95166811628	2247.49008884023	1304.37430252345	3188.00750060681	2896.81656989305	1873.49781290014	2052.28160488565	2253.40257150129	2539.83765851089	1589.74934139172	2478.68558294762	2275.06895024073	3939.23834526627
"CFP"	1129.34312160415	1495.32178049652	1366.69567966233	1122.49696721657	1613.64675770675	1811.6911110214	1525.62743912924	910.936415984079	1182.87569546622	1397.01051207446	770.073312617815	682.523782003926	1148.5183646219	597.929927905994	534.582717046966	567.766391999366	873.963770851424	1107.31680507879	889.35508777533	1809.27065138357	785.018662569996	1808.92389357159	2311.30952782316	2273.60075654685	1229.25912803656	1159.62218059073	835.78571680145	881.398194000028	979.344265681138
"CHUK"	159.75583303831	104.685086845178	125.742541141073	167.569676672974	191.706400529568	74.141765505981	66.9222897367742	141.751117351718	88.4359983152942	83.0219594743249	141.28513640664	149.758372354125	201.016651441276	219.978244642091	119.511368009296	80.7231665599439	168.670669288976	142.536514212804	98.6966027938442	241.891619695847	259.877063356311	170.830474414165	223.520079721205	195.060000524245	264.133205959482	104.941998233097	139.309526264025	52.4251713903363	197.340002701619
"CIITA"	258.930930277779	168.804702537849	434.880578536402	226.148392135972	259.609072271533	246.706724721152	126.148516153819	147.022853120997	209.991277999666	134.412552388932	254.338452514362	149.758372354125	334.941293627314	203.042603594761	136.139969482761	80.7231665599439	161.006011839148	126.078567386231	108.714307977419	227.369045905478	187.922345884501	170.830474414165	360.673607457709	390.12000104849	176.973672334661	206.45781254078	266.307424309503	210.932677089018	129.10808585876
"CISH"	118.206313753837	160.796293394193	125.742541141073	157.04749453887	91.2670319112439	74.141765505981	162.186169177072	97.6247364681254	88.4359983152942	110.419206100852	126.034912048742	149.758372354125	172.917549626904	185.08897319486	107.281299828811	80.7231665599439	199.329299088287	118.829940986081	98.6966027938442	151.276810316352	182.626186476677	170.830474414165	143.466033197179	113.472949694151	176.973672334661	40.3080461813316	59.4149176117508	165.742179350548	58.845982615661
"CLEC4A"	605.984667459043	249.202849234946	352.016243924435	485.826424355993	1026.48030790576	516.508609397417	1609.7152961835	606.444862939995	517.925424133521	1425.81913201206	367.328751166059	149.758372354125	277.532667151182	197.397389912318	195.895653487409	80.7231665599439	229.987928887597	334.387453934831	133.38845867588	396.647796649476	182.626186476677	170.830474414165	335.280119581808	686.114190325682	213.341761999434	892.944147055039	135.189774461687	271.195411602209	253.361378151728
"CLEC4E"	413.190169726536	273.332761752759	269.214780583038	276.403590388411	599.122430981361	593.616045523637	1868.00187342258	598.537259286077	636.916059866749	2131.50578754382	409.739499070461	149.758372354125	172.917549626904	185.08897319486	162.692091190392	80.7231665599439	360.335310927435	296.005382996327	128.453628536188	338.633139893155	182.626186476677	170.830474414165	143.466033197179	309.440733815949	176.973672334661	1011.65134305906	92.1824232765881	271.195411602209	355.665118929055
"CLEC7A"	749.250719728693	1664.12648303437	1511.67682959798	670.121659197357	822.772292679864	2212.57563711224	1801.91611230751	729.793717467472	1826.77819919988	1166.58306355348	671.135906659552	436.096380295213	765.678909747933	270.78516778408	431.646309861222	544.114504197302	597.98789726486	411.151595811839	1180.85550412695	1335.16912785213	326.170369047345	170.830474414165	1523.96793763704	1876.72911499156	589.233842038255	1422.85387617791	524.422972202796	677.988529005524	606.613811793541
"CLU"	2098.93041017	2612.78274002537	3830.93512967451	3727.60080662734	2708.02973735447	4132.21715871035	3856.12925692267	2215.69101888058	2344.74784133255	2078.70382131815	2536.20053515684	3469.67684988655	4756.61595513689	4213.55047478098	2304.24139837312	2460.24030883069	3235.25673011155	4045.44651093013	3265.82123814691	4242.63378372726	4284.50164783608	3294.80736002599	2875.20277130467	1795.99311128417	3708.21784326433	1799.653491881	2646.66667666838	3186.5854052045	3505.60229937146
"CMA1"	118.206313753837	104.685086845178	362.390003568573	611.464419987089	91.2670319112439	74.141765505981	66.9222897367742	97.6247364681254	88.4359983152942	83.0219594743249	126.034912048742	149.758372354125	210.527116670756	185.08897319486	107.281299828811	80.7231665599439	214.658613987942	118.829940986081	108.714307977419	222.528187975354	210.111427541417	170.830474414165	143.466033197179	113.472949694151	176.973672334661	40.3080461813316	53.2710102995938	150.669942575826	70.644602130101
"CMKLR1"	118.206313753837	104.685086845178	125.742541141073	157.04749453887	91.2670319112439	74.141765505981	66.9222897367742	97.6247364681254	88.4359983152942	187.214518614603	126.034912048742	149.758372354125	172.917549626904	185.08897319486	107.281299828811	80.7231665599439	153.34135438932	118.829940986081	98.6966027938442	151.276810316352	182.626186476677	170.830474414165	143.466033197179	134.522181862416	176.973672334661	49.9013611724885	90.1344541725358	210.932677089018	63.347700285759
"CR1"	143.206949112773	104.685086845178	125.742541141073	157.04749453887	183.720535237334	74.141765505981	120.12551007751	141.751117351718	88.4359983152942	83.0219594743249	126.034912048742	149.758372354125	172.917549626904	185.08897319486	136.139969482761	80.7231665599439	96.410785532424	131.544744671591	98.6966027938442	151.276810316352	182.626186476677	170.830474414165	143.466033197179	113.472949694151	176.973672334661	68.8259888546237	77.8466395482218	52.4251713903363	75.5288186872009
"CREB1"	909.006552767003	514.527201844049	952.562620414201	737.102415618185	822.772292679864	547.351583847905	660.690305426304	627.434181280642	433.955443733149	432.046277104387	706.488699489225	739.431963498493	803.893688215479	738.87518099388	501.379154749949	354.859040197513	360.335310927435	509.780446830286	563.261512144469	614.410765099865	713.155258191424	170.830474414165	807.713766900119	672.667645786925	558.794370396694	559.173370650522	516.231095786587	542.390823204419	528.64288482779
"CSF1"	118.206313753837	209.003775886397	238.156372921193	157.04749453887	91.2670319112439	74.141765505981	264.276122170521	97.6247364681254	88.4359983152942	144.001588708217	126.034912048742	149.758372354125	382.839454873966	185.08897319486	107.281299828811	80.7231665599439	245.317243787253	118.829940986081	153.177127536046	151.276810316352	182.626186476677	170.830474414165	228.613123899705	113.472949694151	176.973672334661	73.9854187658341	174.125001032915	188.337428219783	143.731312538752
"CSF1R"	380.151505032338	514.527201844049	486.623634215954	184.295234841364	471.302952789664	300.681930009506	66.9222897367742	380.638847489221	426.968999866241	321.668581983272	346.154885941871	464.550471042496	1110.21712737954	344.080401169244	252.325617197364	307.514903010106	298.969845936047	444.00807449449	553.342503563688	977.172556238478	342.789352016723	170.830474414165	1955.72896454395	1365.47674014456	548.618384237451	368.193847843373	544.90266324332	482.128088691227	499.396431467807
"CSF2RB"	495.816383040467	586.864596854067	610.857264863334	435.571226103555	491.290432778226	786.347564956435	642.688209487111	346.519002093611	412.951894133266	364.840000909921	395.623588921002	149.758372354125	430.651157345806	185.08897319486	348.610583793722	323.296282072575	383.329283276918	285.073028425607	350.767726329322	546.638754078139	182.626186476677	170.830474414165	375.88100697661	632.328012170655	314.92464991953	607.341485837214	206.892506697752	263.672399507696	177.832559464527
"CSF3R"	1019.17483718558	1471.19186797871	1573.79364492167	846.014853080891	2883.76440729957	2944.94799678032	3561.80502666033	1575.12631054497	1686.82823186592	1459.40151461942	734.720519788143	322.354896492255	449.845005354392	242.559099371864	650.768364761569	883.151803749066	1287.95168392765	1129.24092919072	1017.80871631152	1615.78761098896	508.613929337545	1679.69063967727	954.981649977024	2367.783304793	833.103562515419	1904.5954901141	481.391807423464	1009.47288770662	677.258413923642
"CTLA4"	118.206313753837	104.685086845178	125.742541141073	157.04749453887	91.2670319112439	74.141765505981	66.9222897367742	97.6247364681254	88.4359983152942	83.0219594743249	126.034912048742	149.758372354125	172.917549626904	185.08897319486	107.281299828811	80.7231665599439	96.410785532424	118.829940986081	98.6966027938442	151.276810316352	182.626186476677	170.830474414165	143.466033197179	113.472949694151	176.973672334661	53.3275450979017	75.7986704441695	158.19295467034	219.260131225953
"CTNNB1"	303.02188530796	104.685086845178	227.782613277054	259.678032220021	415.401895744027	169.599288594932	120.12551007751	459.422009818998	174.97062266681	168.036445976034	233.101569834149	265.446714997687	325.430828397834	310.209119074585	159.366370895699	80.7231665599439	96.410785532424	509.780446830286	163.046787815431	237.050761765724	243.258080386934	170.830474414165	198.126591845305	228.704730108561	223.517748158677	177.214325036224	254.019609685189	52.4251713903363	277.723614954612
"CTSC"	154.259239448757	192.934615055663	125.742541141073	309.933230472459	91.2670319112439	74.141765505981	168.175714108514	97.6247364681254	160.997734932993	182.440755944829	176.637929236312	208.538533503119	306.236980389248	366.661255899017	107.281299828811	80.7231665599439	237.652586337425	120.612390100872	108.714307977419	290.224560591922	276.404733232451	170.830474414165	213.333991364206	242.151274647318	375.892080038821	115.281012078608	200.748599385595	256.123174827488	397.09269069048
"CTSS"	4396.21101481893	7275.61353573986	5694.62820319693	4414.44802399309	4888.80983135769	7732.46714991528	8366.9592743402	4581.04075876679	7006.20931253171	6826.60515071557	3129.63591853834	2910.32932914389	3703.80745423348	2278.81543797511	2865.37623712772	3169.95838922572	4960.23850485768	3546.65783364105	4841.90728816181	7048.4404230698	2747.61097554161	4909.83866513751	9580.51823087444	10036.1150356992	4399.03457322268	6617.04947721976	3597.18629048522	4083.05583597925	4002.58604555203
"CUL9"	118.206313753837	104.685086845178	125.742541141073	157.04749453887	91.2670319112439	74.141765505981	66.9222897367742	97.6247364681254	88.4359983152942	83.0219594743249	126.034912048742	149.758372354125	172.917549626904	185.08897319486	107.281299828811	80.7231665599439	96.410785532424	118.829940986081	98.6966027938442	151.276810316352	182.626186476677	170.830474414165	143.466033197179	113.472949694151	176.973672334661	58.5071290322028	69.6547631320125	52.4251713903363	104.745849055877
"CX3CR1"	870.412191326375	1262.18809209231	1221.77740099724	946.525249585768	678.981083903699	601.326789136259	144.150612093012	787.587561456602	888.91443706618	158.405898677012	423.85540921992	919.591285440506	1713.18062292856	1015.3055624604	298.832060673154	165.603576197725	168.670669288976	575.552819166081	375.49122532918	1136.84522952739	878.979835512246	170.830474414165	1777.90281639604	1325.13710652829	1137.85222627571	495.506811707109	1638.80392793806	1295.74053608355	1763.7612139479
"CXCL10"	118.206313753837	2604.72198833829	2919.80467656629	157.04749453887	91.2670319112439	1117.83539853368	726.776066541368	97.6247364681254	1490.85405959923	2717.22571163518	126.034912048742	1896.0158731894	2430.96137142984	185.08897319486	107.281299828811	3114.74374329872	1901.26889609217	118.829940986081	3918.00838940863	261.255051416341	182.626186476677	170.830474414165	3921.6440174449	1069.53928734222	176.973672334661	40.3080461813316	1286.45798766413	5122.67319723532	92.5647306544347
"CXCL11"	118.206313753837	104.685086845178	125.742541141073	157.04749453887	91.2670319112439	74.141765505981	66.9222897367742	97.6247364681254	88.4359983152942	120.008242420137	126.034912048742	149.758372354125	172.917549626904	185.08897319486	107.281299828811	80.7231665599439	96.410785532424	118.829940986081	207.509607374057	151.276810316352	182.626186476677	170.830474414165	157.453971433904	113.472949694151	176.973672334661	40.3080461813316	47.6271884663333	195.860440314296	58.845982615661
"CXCL3"	159.75583303831	233.133688404211	125.742541141073	167.569676672974	151.777074068399	262.128211946396	246.274026231329	97.6247364681254	230.994827599549	249.647032139295	282.57027281328	274.956371642174	392.43637887826	304.563905392142	152.714930306313	197.125972739383	283.640531036391	252.157134772463	222.314097793134	280.618483136834	215.590213135717	170.830474414165	177.826148147904	269.044363724831	176.973672334661	555.727032702019	192.556722969386	369.125631759358	185.158884300177
"CXCL6"	118.206313753837	176.865454224928	125.742541141073	157.04749453887	91.2670319112439	74.141765505981	66.9222897367742	97.6247364681254	88.4359983152942	83.0219594743249	126.034912048742	149.758372354125	172.917549626904	185.08897319486	107.281299828811	80.7231665599439	96.410785532424	118.829940986081	98.7952993966381	151.276810316352	182.626186476677	170.830474414165	143.466033197179	228.704730108561	176.973672334661	55.060791083699	47.6271884663333	52.4251713903363	58.845982615661
"CXCR1"	705.159764698512	908.457183642453	507.30828223366	452.296784271945	1505.76912598766	1911.93077798549	1411.52493512804	910.936415984079	1189.86213933313	1277.00226965433	649.962041435364	189.594099400323	220.124040675049	185.08897319486	424.994869271836	370.600057676702	720.670621854869	783.86170571468	311.289085211785	783.689515843863	182.626186476677	170.830474414165	162.547015612404	867.72764631117	274.309192118725	812.086206415287	131.093836253582	256.123174827488	282.607831511712
"CXCR2"	826.380339453071	1069.25347703665	755.838414798992	611.464419987089	2128.89478636168	2520.96831073437	2174.33865469266	1372.99429368772	1329.85632466624	1502.61444452581	868.947701120053	236.992624250403	306.236980389248	191.752176229875	869.890419661916	646.592564145151	1111.66456258161	1079.86708871101	602.789501563404	1117.48179780689	254.306964668773	170.830474414165	284.493143830007	982.108379602874	568.970356555937	1911.48816601111	254.019609685189	595.130545623097	443.375056017698
"CXCR3"	118.206313753837	104.685086845178	125.742541141073	157.04749453887	91.2670319112439	74.141765505981	66.9222897367742	97.6247364681254	88.4359983152942	83.0219594743249	126.034912048742	149.758372354125	191.419727436983	304.563905392142	107.281299828811	80.7231665599439	96.410785532424	126.078567386231	98.6966027938442	237.050761765724	248.736865981234	170.830474414165	143.466033197179	113.472949694151	284.485178277968	53.3275450979017	112.662114317111	150.669942575826	260.65827999607
"CXCR4"	1112.79423767862	908.457183642453	610.857264863334	829.289294912501	866.717368545128	601.326789136259	822.876474603376	1436.01106107789	867.910887466297	758.530132737169	777.131267692545	407.642289547929	679.479511258921	676.870374973602	790.234054539023	339.077661135044	620.981869614343	1430.71248947241	637.333312541249	769.166942053493	663.389622376529	1292.07629323153	604.494130876315	262.349459692876	538.442398078207	1090.7961917361	1032.43837797894	768.395737068158	1364.25583797018
"CXCR6"	121.220574754559	104.685086845178	125.742541141073	157.04749453887	91.2670319112439	74.141765505981	66.9222897367742	97.6247364681254	88.4359983152942	83.0219594743249	126.034912048742	149.758372354125	172.917549626904	185.08897319486	107.281299828811	80.7231665599439	96.410785532424	118.829940986081	98.6966027938442	151.276810316352	182.626186476677	170.830474414165	143.466033197179	113.472949694151	176.973672334661	40.3080461813316	53.2710102995938	52.4251713903363	63.347700285759
"CYBB"	1173.43407663434	1985.71906982275	3012.97989955183	954.927290543597	1385.98114660415	1796.26962379616	2144.29054660085	777.044089918044	2393.74138439923	4306.26601597376	946.648224398103	2000.24770034787	3790.00685272249	1438.32641069725	879.867580545995	1143.40329273833	2905.58004898343	1238.86154975038	2238.14286155601	4484.44976501795	1509.22280504326	2390.3454132402	5333.78018220473	5199.67097383507	1534.09627863301	1297.25400427689	2304.58439550894	1679.93840461763	1505.54504223038
"CYSLTR1"	118.206313753837	104.685086845178	125.742541141073	157.04749453887	91.2670319112439	74.141765505981	144.150612093012	97.6247364681254	88.4359983152942	83.0219594743249	126.034912048742	149.758372354125	172.917549626904	185.08897319486	107.281299828811	80.7231665599439	96.410785532424	118.829940986081	98.6966027938442	151.276810316352	182.626186476677	170.830474414165	193.033547666805	195.060000524245	176.973672334661	115.281012078608	133.141805357635	203.409664994505	177.832559464527
"DAXX"	220.336568837151	184.926205912007	125.742541141073	201.020793009753	91.2670319112439	169.599288594932	66.9222897367742	97.6247364681254	88.4359983152942	83.0219594743249	155.401046556099	149.758372354125	201.016651441276	203.042603594761	107.281299828811	80.7231665599439	199.329299088287	118.829940986081	98.6966027938442	159.67267328891	182.626186476677	170.830474414165	143.466033197179	113.472949694151	176.973672334661	86.0173705509616	114.710083421164	195.860440314296	175.390451185978
"DDIT3"	118.206313753837	257.263600922024	125.742541141073	157.04749453887	91.860267618667	362.330808027729	222.248924215827	107.631271956108	314.96480799992	249.647032139295	141.28513640664	149.758372354125	172.917549626904	185.08897319486	107.281299828811	197.125972739383	153.34135438932	118.829940986081	118.583968256804	198.323898324738	182.626186476677	170.830474414165	162.547015612404	195.060000524245	176.973672334661	290.762091129035	88.0864850684835	165.742179350548	92.5647306544347
"DDX58"	148.762645859203	2114.32469901206	2246.7677251087	157.04749453887	231.681360506693	3723.62188900689	1777.89101029201	136.528193950673	2610.7191062658	2011.49754512368	126.034912048742	1061.78685999075	880.496162700197	185.08897319486	179.267052013944	2405.06602448697	1418.29906596749	142.536514212804	1916.98411606484	527.275322357646	182.626186476677	170.830474414165	1396.92876524093	1459.65928839071	284.485178277968	423.234484903982	610.461488167227	896.47043077475	192.455786144519
"DEFA1"	118.206313753837	104.685086845178	125.742541141073	157.04749453887	91.2670319112439	74.141765505981	66.9222897367742	97.6247364681254	88.4359983152942	83.0219594743249	148.34309148137	149.758372354125	172.917549626904	185.08897319486	107.281299828811	80.7231665599439	96.410785532424	712.623156093525	301.370076631003	164.513531219033	293.023716201828	170.830474414165	143.466033197179	113.472949694151	203.165775840191	474.869092062267	57.3669485076985	52.4251713903363	163.209332784536
"DOCK9"	148.762645859203	104.685086845178	125.742541141073	157.04749453887	115.817863495369	74.141765505981	66.9222897367742	120.761799011071	88.4359983152942	83.0219594743249	126.034912048742	149.758372354125	172.917549626904	203.042603594761	107.281299828811	80.7231665599439	96.410785532424	169.926815610095	128.453628536188	151.276810316352	237.687981699395	170.830474414165	143.466033197179	113.472949694151	176.973672334661	67.0927428688264	92.1824232765881	52.4251713903363	85.2678288100928
"DPP4"	336.060550002157	200.995366742741	352.016243924435	184.295234841364	163.778688764727	74.141765505981	210.236373208076	97.6247364681254	146.980629200019	115.234479750363	254.338452514362	236.992624250403	354.1351416359	530.187363716675	232.42493607912	220.777860541447	245.317243787253	241.16536523125	242.1027666533	377.360003334141	480.946062086329	170.830474414165	289.514454991908	228.704730108561	335.276622238016	185.820092895939	245.827733268979	376.674856439566	270.42671311027
"EGR1"	118.206313753837	104.685086845178	207.097965259348	157.04749453887	91.2670319112439	74.141765505981	66.9222897367742	149.658721005636	88.4359983152942	83.0219594743249	126.034912048742	149.758372354125	172.917549626904	185.08897319486	107.281299828811	80.7231665599439	96.410785532424	118.829940986081	98.6966027938442	232.209903835601	182.626186476677	170.830474414165	208.240947185706	113.472949694151	176.973672334661	232.275116119923	55.3189794036462	271.195411602209	194.897894423069
"EIF2A"	655.572216078777	418.059894316217	590.172616845628	644.994060071138	355.485089294295	285.260442784262	246.274026231329	399.041110313463	482.948986799822	398.463894497022	529.850770252912	682.523782003926	660.372122025148	716.386870750704	428.320589566529	252.340618666385	367.999968377262	405.626003555986	385.360885608565	585.365617519125	746.301911036941	170.830474414165	457.154514782812	376.673456509733	680.640743799108	332.05768444181	442.48039444647	595.130545623097	555.447229909224
"EIF2AK2"	165.252426627863	1197.85910622595	1314.95262398277	217.824874925412	143.791208776165	1410.80658493056	1201.28856191997	133.892326066034	1224.88279466598	830.510171601409	148.34309148137	644.634913798332	899.60355193397	276.430381466523	179.267052013944	851.629407207408	958.323208192295	153.468868783523	1052.35252728936	686.947995646556	210.111427541417	170.830474414165	822.92116641902	739.90036848071	233.69373431792	492.060473758605	739.507355316758	911.542667549472	226.557033070295
"ELK1"	118.206313753837	104.685086845178	125.742541141073	157.04749453887	91.2670319112439	74.141765505981	66.9222897367742	97.6247364681254	88.4359983152942	83.0219594743249	126.034912048742	149.758372354125	172.917549626904	185.08897319486	107.281299828811	80.7231665599439	96.410785532424	118.829940986081	98.6966027938442	151.276810316352	182.626186476677	170.830474414165	143.466033197179	113.472949694151	176.973672334661	63.6665589434132	51.2230411955415	52.4251713903363	68.2024938515511
"ENTPD1"	118.206313753837	104.685086845178	125.742541141073	157.04749453887	91.2670319112439	74.141765505981	66.9222897367742	97.6247364681254	88.4359983152942	83.0219594743249	126.034912048742	149.758372354125	172.917549626904	185.08897319486	107.281299828811	80.7231665599439	96.410785532424	118.829940986081	98.6966027938442	151.276810316352	182.626186476677	170.830474414165	143.466033197179	113.472949694151	176.973672334661	65.3796509061198	75.7986704441695	52.4251713903363	75.5288186872009
"EOMES"	220.336568837151	160.796293394193	125.742541141073	217.824874925412	187.736284641429	74.141765505981	66.9222897367742	141.751117351718	88.4359983152942	83.0219594743249	296.686182962739	189.594099400323	334.941293627314	355.370828534131	146.117130366841	80.7231665599439	96.410785532424	191.850939722027	103.779477837727	203.164756254861	348.268137611023	170.830474414165	213.333991364206	147.968726401172	375.892080038821	123.866625915232	243.779764164927	52.4251713903363	255.803486430278
"ETS1"	2010.80760326651	1238.05817957449	2081.10192715533	2161.13057234939	1765.42383177515	778.636821343813	540.564795348794	1740.50261412197	846.907337866415	403.279168146533	1398.79847137297	2009.75735699236	3053.03225621262	2887.94324875939	1132.19319774336	473.118479207831	705.341306955214	2126.87769873936	874.501249054857	1959.26160881224	2719.94310829039	1938.0717322287	1341.04874531063	982.108379602874	2255.35248023293	806.906622480986	1440.10329765652	1077.25863431432	1853.91325931509
"EWSR1"	1211.96933491809	1045.12356451883	1097.48089907929	1038.71212888008	822.772292679864	655.301994424613	612.6401013953	714.076134896104	692.940264799488	643.295652986806	1094.99131587947	1327.23357498844	1655.68553767761	1517.35940225146	624.216243053938	496.770367009895	682.299129212965	805.785829826612	607.724331703096	1083.59579229603	1326.77924475306	170.830474414165	954.981649977024	766.85019403307	1219.17162871348	817.245636326498	1038.60609888533	896.47043077475	1108.4523515399
"F13A1"	1189.923857403	434.129055146952	662.663191813456	779.034096660063	826.788042083959	639.880507199369	384.401632248031	987.083710429216	916.904430532971	561.685066823545	2069.93437803252	1592.60541079994	1789.69663863846	1957.31589153564	1085.74039491748	362.729548937108	452.311200325367	1386.86424124855	988.150387171968	1693.16569946577	1254.91584037449	1615.11672034872	736.554614434319	665.916005280123	1280.05057199661	877.465857321407	839.881655009555	798.540210617602	911.112348838279
"FADD"	121.220574754559	104.685086845178	125.742541141073	209.422833967583	123.803728787602	74.141765505981	162.186169177072	110.267139840748	88.4359983152942	124.823516069647	126.034912048742	218.048190147606	239.231429908822	185.08897319486	107.281299828811	80.7231665599439	161.006011839148	148.002691498163	98.7952993966381	198.323898324738	182.626186476677	170.830474414165	167.640059790904	161.415270939929	203.165775840191	92.9100464479693	124.949928941425	203.409664994505	131.55019413731
"FAS"	418.686763316089	1302.38716544086	1553.0461256334	460.698825229774	559.193104520191	1379.96361048007	1813.92866331527	291.409838357354	1077.85794746681	988.957581258158	324.981020717682	616.180823051048	813.490612219772	462.537344013954	302.157780967847	788.544252540812	1272.622369028	296.005382996327	869.566418915164	909.47618362191	480.946062086329	170.830474414165	904.194674225222	1486.60911394307	436.859510158112	555.727032702019	602.269611751018	1152.59360560224	757.642026176635
"FASLG"	148.762645859203	168.804702537849	125.742541141073	157.04749453887	91.860267618667	74.141765505981	66.9222897367742	97.6247364681254	88.4359983152942	83.0219594743249	126.034912048742	199.10375604481	229.720964679343	186.106962547431	107.281299828811	80.7231665599439	96.410785532424	118.829940986081	98.7952993966381	198.323898324738	182.626186476677	170.830474414165	143.466033197179	113.472949694151	203.165775840191	77.431756714338	213.036414009909	203.409664994505	236.296043193187
"FCAR"	319.51166607662	313.531835101307	320.95783626259	318.335271430289	367.441070474668	740.083103280703	2528.69217884888	380.638847489221	874.897331333206	3590.94881314297	614.609248605692	149.758372354125	277.532667151182	185.08897319486	381.814146090739	488.8998582703	1755.64040454544	438.54189720913	271.76109579285	638.539416345323	182.626186476677	170.830474414165	147.339616093503	336.333822893463	203.165775840191	1665.44785212026	137.261557159973	361.602619664844	355.665118929055
"FCER1A"	154.259239448757	908.457183642453	2350.31670773837	2873.18391258862	91.2670319112439	254.417468333774	780.849276648682	133.892326066034	314.96480799992	470.485444340999	190.753839385771	455.04081439801	870.899238695904	547.123004764005	107.281299828811	80.7231665599439	1410.63440851766	224.766833375171	405.149554468731	764.32608412337	574.907235028579	170.830474414165	360.673607457709	571.790193508825	579.057855879012	79.1448486770446	110.614145213059	323.935134020888	324.005980281829
"FCER1G"	2165.06684271527	2789.6481942503	2567.72556137129	1658.578589825	3526.8319141462	4556.1968447563	2198.36375670816	2394.19784951254	5431.38527253211	4488.66526093885	2818.77080797012	2654.39227079069	3923.93149490853	1940.38025048831	2330.79352008075	2349.85137855997	4201.24459575367	2620.25961371357	2213.46871085754	7551.51145577683	1669.56859676978	3746.99562580029	5389.66020213503	5731.06479725277	1991.21927427344	2668.4934273196	2349.63971579809	2003.87353863852	2796.6847468006
"FCGR1A"	336.060550002157	1037.06281283175	838.639878140388	167.569676672974	663.009353319231	1287.47175801136	2108.2528935776	451.563218533314	1112.87860279966	1421.00385836254	367.328751166059	511.948995892577	430.651157345806	185.08897319486	448.221270684773	891.062674071941	2123.6403729227	471.398375891782	904.159578194407	967.490840378231	182.626186476677	170.830474414165	807.713766900119	1654.7760253898	274.309192118725	1446.93793377126	563.334385179791	1175.18885447147	416.570710936264
"FCGR2A"	1839.99947989222	2443.97803748752	2712.70671130694	1390.49851664715	3646.66552704566	5712.62303223584	5802.19598132319	1417.60879825365	2715.69263626606	3245.28688487162	1151.51797393333	502.43933924809	1033.61465289482	411.730420871965	1411.12457729827	962.018337478132	2046.94559303166	1655.47932284758	1511.8839098975	3347.60453549056	530.711697901223	1292.07629323153	1630.63493331914	4567.39969813926	1127.67624011646	2981.62648407928	706.73984965192	979.328414157176	852.64886510962
"FCGR2B"	159.75583303831	241.19444009129	125.742541141073	209.422833967583	187.736284641429	262.128211946396	66.9222897367742	152.245776522042	209.991277999666	187.214518614603	126.034912048742	149.758372354125	382.839454873966	185.08897319486	107.281299828811	197.125972739383	176.335326738803	180.918585151308	197.639947094673	285.383702661799	182.626186476677	170.830474414165	558.800199303013	585.236738047582	176.973672334661	180.660662984728	192.556722969386	263.672399507696	114.484859178768
"FCGR3"	231.388859173135	602.933757684801	383.07465158628	217.824874925412	802.830446207257	578.194558298393	126.148516153819	338.660210807927	566.918967200194	456.081134372204	254.338452514362	682.523782003926	1263.33561757416	564.058645811335	365.239185267188	378.510927999577	360.335310927435	345.31980850555	311.289085211785	556.320469938386	337.219253329184	170.830474414165	1843.96892468335	1486.60911394307	650.201272157546	192.692614769856	817.353994864979	504.723337560462	550.563013352124
"FCGRT"	369.099214696355	273.332761752759	258.841020938899	376.913986893287	355.485089294295	377.752295252973	450.487393363096	273.007575533113	153.967073066927	201.618828583398	282.57027281328	149.758372354125	172.917549626904	185.08897319486	252.325617197364	181.384955260194	268.311216136736	290.539205710967	217.379267653442	324.110566102785	287.45361751429	170.830474414165	325.094031224808	262.349459692876	609.585814356741	249.466497816261	90.1344541725358	52.4251713903363	146.173420817302
"FKBP5"	688.610880772975	538.657114361862	952.562620414201	686.847217365747	714.940294476729	639.880507199369	1723.85126132957	351.79073786289	776.91024519986	1977.91516251632	423.85540921992	682.523782003926	794.383222985999	609.220355270881	481.42483298179	339.077661135044	713.005964405042	581.078411421934	587.93566284293	1257.79103937531	862.452165636107	170.830474414165	548.614110946014	901.372375895486	528.266411918965	464.530078216756	452.720239966731	406.793117403314	760.084134455185
"FLT3LG"	429.679950495196	426.068303459874	476.249874571815	393.718068808946	219.679745810364	269.838955559018	234.261475223578	254.654125077105	223.964165733483	110.419206100852	452.150246974863	312.845239847768	545.554869072884	654.289520243829	351.936304088415	197.125972739383	283.640531036391	405.626003555986	360.686734910104	633.6985584152	867.930951230407	170.830474414165	548.614110946014	390.12000104849	487.65095411816	252.912835764765	454.768209070784	421.865354178036	501.838539746357
"FN1"	275.479814203316	104.685086845178	310.584076618451	309.933230472459	295.568282844563	431.727500541328	180.188265116265	433.160955709073	468.931881066848	451.265860722693	466.266157124322	445.531157753523	526.361021064297	654.289520243829	242.402096963199	181.384955260194	191.664641638459	345.31980850555	138.323288815573	1006.21770381922	613.623986561635	170.830474414165	508.013223551212	417.069826600851	477.474967958917	743.260217560664	340.05812564962	346.530382890123	794.18538138096
"FOS"	2319.32608216403	964.725417821736	2816.25569393662	1465.88131402581	4493.39541560223	3769.84927979986	2480.64197481788	5014.20171447586	3240.64872226564	1982.68892518609	1229.21849721138	417.151946192416	1607.87383520577	535.832577399119	1334.74029182015	1222.22946488411	636.311184513998	2313.26246117603	1195.65999454603	4092.6428262986	541.760582183062	3682.42170647173	2687.19053479977	699.560734864439	1523.92029247377	8772.84471113591	501.895312058221	1401.19376833521	3030.56810470654
"FPR2"	118.206313753837	104.685086845178	125.742541141073	157.04749453887	199.692265821802	208.153006658042	138.16106716157	97.6247364681254	300.947702266946	955.333687671056	126.034912048742	149.758372354125	172.917549626904	185.08897319486	116.185647714603	80.7231665599439	329.676681128124	118.829940986081	108.714307977419	333.792281963031	182.626186476677	170.830474414165	167.640059790904	376.673456509733	176.973672334661	151.397021457081	94.2303923806405	52.4251713903363	116.926967457318
"FYN"	1476.39685878542	1020.99365200102	1346.01103164462	1273.26256197389	1042.45203849023	531.930096622661	462.499944370847	945.105073747922	587.922516800076	441.676824403408	1208.04463198719	1279.83505013835	1895.00342636125	1940.38025048831	770.279732770865	465.247970468237	636.311184513998	1364.94011713661	676.861301960184	1393.25942301361	1608.75407667305	1550.45738578296	1158.20128600083	854.281101772414	1584.88772259306	566.045892524439	930.016109182091	655.393280136289	1274.10379260298
"GBP1"	528.855047734665	8770.93531623637	12942.3025320273	1407.30259856281	2256.66863103742	12412.0358924735	18115.3619145718	375.415924088176	11121.7553661306	10676.7900323171	317.923065642952	4199.67403592673	6680.3236947362	575.349073176221	411.691988093063	7073.24638506525	9000.47708877221	433.075719923771	9086.0092532013	3744.3279705452	757.35079531878	170.830474414165	9067.48369616132	9350.00084537347	1239.4351141958	497.219903669816	3238.69644289913	5732.84976704744	1076.76378990136
"GFI1"	118.206313753837	104.685086845178	125.742541141073	157.04749453887	91.2670319112439	74.141765505981	66.9222897367742	97.6247364681254	88.4359983152942	83.0219594743249	126.034912048742	149.758372354125	210.527116670756	185.08897319486	107.281299828811	80.7231665599439	96.410785532424	118.829940986081	98.6966027938442	151.276810316352	182.626186476677	170.830474414165	143.466033197179	134.522181862416	176.973672334661	40.3080461813316	67.6067940279601	52.4251713903363	104.745849055877
"GNAQ"	820.824642706641	578.85618771041	610.857264863334	837.691335870331	926.634174994859	670.723481649857	714.763515533617	656.331103275207	475.962542932914	369.655274559431	734.720519788143	587.726732303764	756.08198574364	547.123004764005	713.84976906091	559.855521676491	590.323239815032	740.013457490817	612.659161842788	682.107137716433	613.623986561635	1421.30954712585	619.773263411815	632.328012170655	660.377258316789	631.425543430559	452.720239966731	474.605076596714	448.259272574797
"GNAS"	3806.71612812855	2709.2500475532	2754.13887861293	4221.82927194116	3103.44415310994	2389.88566931979	1705.81570424551	3764.55627531562	2134.75656333289	1305.81088959192	4372.97032589919	3801.46652383712	3368.86616060617	4862.19478134237	3555.99960477569	3020.13619209046	1977.96367598321	4626.52492235206	3586.97998363808	3033.17568524802	5390.12058076588	5168.30517292614	3535.57692211129	1970.9116632377	4703.78323698297	2646.14261571206	4707.47130801239	3194.13462988471	4151.20157464788
"GNB1"	1862.04495740731	1969.64990899202	2805.88193429248	2454.33824465346	2688.04225736591	1580.40587352549	1970.09182641603	2378.48026694117	1763.81176839939	1838.68733647787	1624.84208613239	1744.31064199467	2899.913766018	2075.77283438035	1441.00241930059	977.799716540601	1548.64644800733	1967.94265267048	1363.64161250115	2351.06854753159	2100.74902304122	3359.38127935455	2138.57642385375	2320.69203066992	2570.36561698862	1899.43606020289	1636.75595883401	1461.4565028484	1885.57239796232
"GNLY"	118.206313753837	104.685086845178	125.742541141073	1147.62456634279	551.207239227958	269.838955559018	504.527142325541	97.6247364681254	88.4359983152942	83.0219594743249	148.34309148137	149.758372354125	698.673359267507	1336.80510889987	107.281299828811	80.7231665599439	222.32327143777	137.070336927444	98.6966027938442	1194.85988628371	1039.32562723877	170.830474414165	345.394474922209	403.623282062094	1534.09627863301	79.1448486770446	141.357495368077	286.267648376931	2570.1277137303
"GP1BB"	859.419004147269	675.323495238242	1056.11160304387	770.632055702234	1030.49605730986	1248.91803994825	780.849276648682	569.689149659746	538.928973733403	422.457240785102	996.116927377234	1478.86392699699	1512.16397148728	1302.93382680521	906.419702253626	1301.09599861318	659.305156863482	1249.7939043211	1269.7811432442	1180.4129508985	1503.74401944896	1485.8834664544	1092.13517771353	551.592008463266	1615.32719423462	560.886462613229	878.816881580782	1227.92857689015	1062.16998621268
"GPI"	964.090694976291	819.998285258277	1035.3640837556	1323.51776022632	918.648309702626	539.640840235283	468.489489302288	834.837933907175	503.952536399704	657.699962955602	635.846131285905	862.683103945939	1282.44300680794	1398.90245940675	405.094188153591	173.474084937319	459.975857775195	1041.544432743	499.010023725676	1209.38246007408	1315.73036047122	170.830474414165	853.407698473421	672.667645786925	1107.41275463414	516.144531351951	790.730396512299	881.398194000028	1403.21187846174
"GPR183"	402.137879390552	233.133688404211	341.705355550867	494.228465313823	267.594937563767	254.417468333774	132.138061085261	254.654125077105	88.4359983152942	110.419206100852	360.27079609133	322.354896492255	392.43637887826	642.999092878943	282.203459199688	80.7231665599439	96.410785532424	438.54189720913	187.770286815289	391.882577124511	580.477333716118	170.830474414165	340.373163760308	181.613455985488	548.618384237451	457.657556342839	413.808826989737	444.460603047271	584.6642602779
"GRB2"	572.946002764846	578.85618771041	672.974080187024	653.396101028967	583.150700396893	601.326789136259	570.612903440605	525.025832725579	475.962542932914	489.663516979568	529.850770252912	464.550471042496	928.39432394685	705.096443385818	298.832060673154	331.20715239545	567.329267465549	542.69634048343	474.286524725818	803.052947564356	652.34073809469	170.830474414165	767.041146488719	760.098553526268	721.34468843608	605.608239851416	587.933828022652	474.605076596714	725.982887529409
"GTF3C1"	118.206313753837	104.685086845178	125.742541141073	157.04749453887	91.2670319112439	74.141765505981	66.9222897367742	97.6247364681254	88.4359983152942	83.0219594743249	126.034912048742	149.758372354125	201.016651441276	185.08897319486	107.281299828811	80.7231665599439	96.410785532424	118.829940986081	98.6966027938442	151.276810316352	182.626186476677	170.830474414165	143.466033197179	113.472949694151	176.973672334661	65.3796509061198	67.6067940279601	52.4251713903363	70.644602130101
"GZMA"	605.984667459043	948.656256991001	1118.22841836756	2236.51336972804	1030.49605730986	555.062327460527	684.715407441805	320.257947983686	510.938980266612	892.942685126101	367.328751166059	966.989810290587	1760.99232540039	1754.18074345428	239.076376668506	157.69270587485	406.323255626401	372.769524873335	202.574777234365	1470.63751149042	1083.52116436612	170.830474414165	701.046771218017	1096.43237641973	1493.48082083221	123.866625915232	303.170868182445	602.653557717611	3169.41520068819
"GZMB"	14560.3582124132	19117.5382171229	18284.8516200292	20807.3795989494	10696.313605934	8063.95498349252	3057.27788433479	6174.52051976776	8532.03980946464	8593.27093734947	7509.66419951226	16457.3219339257	21600.9467581677	19629.2408742345	5654.36818877732	3879.63610803746	4139.92733615505	8354.04192617393	5237.18718235115	14164.5772187562	14594.8456315634	9690.5294916179	11541.3402395969	8912.78957020191	14710.8480259826	3754.15034316759	9353.5035429032	9409.11248562338	17620.6644964857
"GZMH"	8164.39188466374	9816.05888075521	10405.5725070472	10353.4346012223	5639.70933640745	3446.07218983525	1375.48728210479	4917.06510169007	6663.254511065	3274.09550480921	4563.72416528496	11167.4818264471	13638.1800566236	10796.054717483	2822.19551394662	1655.95503881069	1218.9697668792	5805.08027705201	3369.60071598464	8054.65812688902	9503.2275525936	5168.30517292614	6319.32009725275	4708.61678403363	9011.41090844479	2159.24157186466	5682.56655107786	5582.20603705731	10202.5987739381
"GZMK"	1217.46592850764	876.26651943756	724.780007137147	1315.11571926849	950.591770871561	424.016756928705	204.213367131767	861.0989880171	559.932523333285	163.221172326523	1434.08824674661	2095.11962923421	2622.38109886682	4343.20530050398	743.727611063234	80.7231665599439	329.676681128124	1978.8750072412	820.168769216845	2336.54597374122	3488.34278789101	1356.65021256009	1117.52866558943	1015.69637271234	2600.80508863018	1323.07130785603	3039.99581261759	2855.1272590891	6363.22206117058
"HAVCR2"	118.206313753837	104.685086845178	125.742541141073	157.04749453887	91.2670319112439	74.141765505981	66.9222897367742	97.6247364681254	88.4359983152942	100.830169781568	126.034912048742	149.758372354125	172.917549626904	185.08897319486	107.281299828811	80.7231665599439	96.410785532424	118.829940986081	98.6966027938442	151.276810316352	182.626186476677	170.830474414165	143.466033197179	113.472949694151	176.973672334661	40.3080461813316	55.3189794036462	52.4251713903363	60.9055920072091
"HDAC4"	187.297904142954	241.19444009129	248.467261294761	242.952474051631	175.7346699451	254.417468333774	486.525046386349	152.245776522042	139.994185333111	192.029792264113	169.579974161583	149.758372354125	172.917549626904	185.08897319486	107.281299828811	80.7231665599439	291.305188486219	118.829940986081	153.177127536046	256.414193486217	182.626186476677	170.830474414165	218.427035542705	289.24254877039	176.973672334661	223.669348260209	131.093836253582	195.860440314296	133.99230241586
"HIF1A"	391.144692211445	401.990733485483	569.487968827921	603.140902776529	830.803791488053	493.413449442304	510.550148401851	462.057877703638	496.966092532796	1416.23009569277	296.686182962739	322.354896492255	564.662258306656	372.30646958146	295.50634037846	189.255463999789	429.317227975884	482.390145432994	232.233106373915	827.257237214973	436.750524958973	170.830474414165	365.766651636209	746.652008987511	436.859510158112	631.425543430559	270.403362517607	278.744636282418	487.215313066365
"HLA-A"	4666.13513227582	6552.08255800941	7692.8657957403	5067.84412502206	898.660829714063	1218.07506549776	973.050092772697	540.792227665181	832.890232133441	969.737997639852	1730.83744716538	1602.11506744443	2411.76752342125	1957.31589153564	654.094085056262	993.58109560307	1479.61632556611	1381.39806396319	1279.65080352359	1944.73903502187	1133.28680018102	170.830474414165	1605.24144544324	1890.17565953031	1381.72194675287	1904.5954901141	1517.94993720474	1958.65682831435	2238.82483160413
"HLA-B"	8318.59202095562	13554.3109894531	13480.6692219228	9666.58738385651	9506.05460926347	12419.7466360862	11075.8397183053	6003.92129278972	8378.07273639771	9006.13914181529	3694.7764641649	3991.06062323744	5359.5794506859	3705.85142130748	4063.97655946511	6063.92427198299	7827.49526659197	4335.98571664109	4575.13037081005	6235.7057596452	3809.03437134405	6912.56973193197	10063.1379665497	11024.918319334	7324.94029793164	6505.23495711274	5293.35716693098	5732.84976704744	7466.79019615337
"HLA-C"	137.71035552322	241.19444009129	125.742541141073	184.295234841364	283.566668148235	362.330808027729	288.301224186023	267.784652132068	307.978364133012	211.24937588242	126.034912048742	149.758372354125	172.917549626904	185.08897319486	107.281299828811	80.7231665599439	96.410785532424	306.997152537539	158.111957675738	212.846472115108	182.626186476677	170.830474414165	193.033547666805	228.704730108561	176.973672334661	44.7419312612781	51.2230411955415	52.4251713903363	58.845982615661
"HLA-DMA"	809.831455527534	787.859963596808	900.756693464079	737.102415618185	1334.05020544665	732.372359668081	420.439285271284	690.450948670817	811.886682533559	835.32544525092	685.251816809012	891.137194693222	1445.15842100685	564.058645811335	461.524151863546	449.466591405768	482.969830124678	635.859014216517	706.519631099734	1310.96483820151	668.959721064068	170.830474414165	1762.69541687714	1493.30401797502	731.520674595323	667.561706832123	641.181024728012	617.725794492332	577.367358433558
"HLA-DMB"	291.969594971976	385.869230111325	125.742541141073	226.148392135972	179.750419349195	254.417468333774	144.150612093012	133.892326066034	321.951251866829	340.846654621841	190.753839385771	265.446714997687	488.059783821938	225.623458324534	179.267052013944	80.7231665599439	275.975873586564	118.829940986081	251.972426932684	556.320469938386	315.121484765506	170.830474414165	767.041146488719	773.545098065025	314.92464991953	144.524499583164	206.892506697752	241.077150638461	182.716776021627
"HLA-DPA1"	2187.05321707348	1977.65831813568	2339.94294809423	1893.1290229188	1086.39711435549	786.347564956435	342.374434293337	685.179212901538	720.930258266279	801.701551663818	720.604609638684	1090.16607155185	1760.99232540039	648.644306561386	1972.20577540295	1742.69208127935	2062.27490793132	1847.33026256961	1561.28155959582	3386.33139893155	1957.02221428407	5685.06735802898	7391.15483126888	6719.92481736245	3647.25041314504	1594.90877130293	2427.48635534631	1664.86616784291	1946.47798996953
"HLA-DPB1"	997.129359670488	828.059036945356	745.464655154853	804.161695786282	1597.67502712228	663.012738037235	234.261475223578	1233.87904422064	748.920251733069	744.125822768374	762.952340087061	682.523782003926	1033.61465289482	620.41823814917	511.302674984114	331.20715239545	452.311200325367	1178.55535469995	681.845480401273	1262.63189730543	867.930951230407	170.830474414165	2016.70202865275	1385.67492519012	985.477894395562	849.935461779558	1102.09314111095	798.540210617602	1074.35110461412
"HLA-DQA1"	385.648098621892	104.685086845178	125.742541141073	410.443626977336	503.246413958599	300.681930009506	162.186169177072	259.87704847815	88.4359983152942	83.0219594743249	1031.40670275088	796.340144993061	1301.63685481652	953.300756440125	836.686857364899	465.247970468237	751.32925165418	1567.78282639985	1106.73435542877	1707.68827325614	1415.26163210101	2842.53367901449	2722.77011103267	2065.09421148385	1737.2620544732	820.671820251911	1161.5080587227	693.060765780245	852.64886510962
"HLA-DQB1"	325.008259666174	297.462674270573	279.525668956606	360.188428724898	463.31708749743	231.285237495908	126.148516153819	288.773970472715	216.977721866574	192.029792264113	508.676905028724	511.948995892577	947.501713180623	772.746463088539	444.89555039008	252.340618666385	398.658598176573	652.316961043089	415.019214748115	841.779811005343	663.389622376529	170.830474414165	960.074694155524	941.712009511756	599.409828197498	325.185162567893	497.799373850116	376.674856439566	380.027355731939
"HLA-DRA"	10081.5209842803	9840.1364507296	8624.74376813679	7672.94796443283	8020.22732974843	8318.3724518263	3225.45359844331	6578.83336585051	9637.9319683974	9879.86224332308	6019.04929471178	7593.49827021592	12346.1401258114	6238.51638601934	5498.32753817632	4329.10269944323	5887.8548778579	6325.85249342351	6585.97495613183	13124.4735094261	8170.87820915301	12274.5966628438	19730.0227494089	19009.4424245629	9438.09443244366	9700.21192962981	12252.1418601527	9243.39651885853	9849.34634029626
"HLA-DRB1"	2671.87641293484	2870.04634094739	2567.72556137129	2194.66021243343	5116.47544246029	2991.21245845605	1285.37641897422	3286.78081504061	2491.72847053257	3773.34805810807	2310.15692039742	2995.69160138574	5148.96587524033	2481.85804156987	1421.04809753243	985.670225280195	1571.64042035681	2411.95072716497	2020.76359390256	4349.05701978481	2476.68502790346	3617.76237190597	5008.68615097992	4997.85933280402	2946.25769702744	3441.01728640791	4125.70520089612	2870.19949586382	3198.66165404818
"HMGB1"	53140.0029669785	27100.6135697625	23948.3585442937	26277.2653099909	29021.410241749	18594.9030724311	15538.6195316919	64457.2691891304	50443.3186050548	21660.8443366487	67092.6688705551	53685.3064423206	42225.6010311419	42310.0436495325	57762.2901725287	38197.1126534169	26043.1080581243	33882.1593182726	40039.6819561193	28009.8847293397	45791.2334316958	38438.9921241172	29518.8536604856	15760.48492892	28690.263864206	47391.2985206846	45628.5135023436	35783.2987716022	33511.6396029579
"HMGB2"	435.235647241626	377.860820967669	455.565226554109	661.719618239527	375.426935766902	269.838955559018	522.562699409601	496.177723099248	321.951251866829	652.884689306091	438.034336825404	322.354896492255	478.549318592458	806.617745183198	205.872814371489	157.69270587485	429.317227975884	641.325191501877	202.574777234365	396.647796649476	591.526217997957	170.830474414165	411.46058320951	369.978552477778	518.090425759721	233.98820808263	245.827733268979	203.409664994505	609.026497080783
"HRAS"	118.206313753837	104.685086845178	125.742541141073	157.04749453887	91.2670319112439	74.141765505981	66.9222897367742	97.6247364681254	88.4359983152942	83.0219594743249	126.034912048742	149.758372354125	172.917549626904	185.08897319486	107.281299828811	80.7231665599439	96.410785532424	118.829940986081	98.6966027938442	151.276810316352	182.626186476677	170.830474414165	143.466033197179	113.472949694151	176.973672334661	51.6144531351951	81.9425777563265	52.4251713903363	97.4489472115345
"HSH2D"	118.206313753837	289.401922583494	258.841020938899	157.04749453887	227.665611102598	624.459019974125	342.374434293337	147.022853120997	636.916059866749	340.846654621841	126.034912048742	246.50228089489	277.532667151182	185.08897319486	119.511368009296	323.296282072575	291.305188486219	175.392992895455	306.304906770696	280.618483136834	182.626186476677	170.830474414165	330.187075403308	322.887278354706	284.485178277968	153.130267442879	155.693279096444	286.267648376931	131.55019413731
"HSPB1"	118.206313753837	104.685086845178	125.742541141073	157.04749453887	91.2670319112439	74.141765505981	66.9222897367742	97.6247364681254	88.4359983152942	83.0219594743249	126.034912048742	149.758372354125	172.917549626904	185.08897319486	107.281299828811	80.7231665599439	337.341338577952	118.829940986081	98.6966027938442	151.276810316352	182.626186476677	170.830474414165	143.466033197179	113.472949694151	176.973672334661	930.793402419309	520.327033994692	572.535296753862	182.716776021627
"ICAM1"	121.220574754559	104.685086845178	125.742541141073	167.569676672974	91.2670319112439	74.141765505981	120.12551007751	118.125931126432	88.4359983152942	177.625482295318	360.27079609133	218.048190147606	296.726515159768	389.24211062879	159.366370895699	80.7231665599439	176.335326738803	153.468868783523	153.177127536046	151.276810316352	182.626186476677	170.830474414165	143.466033197179	113.472949694151	176.973672334661	130.75930181224	194.604692073438	316.412121926374	187.571569587419
"ICAM2"	875.908784915929	892.388022811718	859.387397428666	896.270051333329	615.094161565828	740.083103280703	522.562699409601	601.173127170716	566.918967200194	388.874858177738	819.478998140922	843.738669843142	1052.80850090341	1376.32160467698	587.686960462228	457.337100145362	467.640515225023	657.783138328449	583.000832703238	817.575521354726	1105.71024602304	170.830474414165	756.926791148318	652.469460741366	1066.70880999717	495.506811707109	823.497902177136	828.65847158135	847.794071543828
"ICAM3"	440.732240831179	353.730908449856	383.07465158628	385.316027851117	363.470954586529	516.508609397417	522.562699409601	372.780056203537	335.968357599803	484.889754309794	261.396407589091	149.758372354125	239.231429908822	253.84952673675	182.592772308637	189.255463999789	398.658598176573	306.997152537539	301.370076631003	483.783239391695	199.062543259578	170.830474414165	243.820523418606	289.24254877039	274.309192118725	289.048999166329	147.501402680234	278.744636282418	311.824861880388
"ICAM4"	236.885452762688	104.685086845178	125.742541141073	175.893193883534	411.386146339932	74.141765505981	66.9222897367742	527.661700610218	139.994185333111	83.0219594743249	960.764134547562	834.229013198655	669.969046029441	840.489027277858	863.238979072529	638.722055405556	436.981885425712	1112.78298236415	607.724331703096	251.573335556094	409.082657707757	170.830474414165	609.587175054815	403.623282062094	518.090425759721	485.187951884688	708.787818755973	587.607533528584	638.272950440767
"ICOS"	137.71035552322	104.685086845178	125.742541141073	209.422833967583	151.777074068399	74.141765505981	66.9222897367742	144.386985236358	88.4359983152942	83.0219594743249	126.034912048742	149.758372354125	248.828353913115	203.042603594761	122.837088303989	80.7231665599439	96.410785532424	263.148904313675	118.583968256804	208.005614184984	226.639097417556	170.830474414165	157.453971433904	168.166911446731	325.100636078773	79.1448486770446	110.614145213059	180.788203539575	202.194796267411
"IDO1"	1305.647838568	5322.03278757857	5694.62820319693	1440.75371489959	2819.8774849617	7323.87188021182	8817.41320655843	871.593647187424	4038.56251706538	5323.99070618977	883.063611269513	1507.31801774427	2316.05765970276	485.118198743727	932.971823961257	2957.05103742387	4308.54980005126	838.701723479757	3577.11032335869	2486.53693116988	425.701640677134	1292.07629323153	4058.7975451814	5347.63970023624	1107.41275463414	3286.15377297924	2501.23705668643	4685.73560628256	1610.29089128625
"IDO2"	242.382046352242	466.267376808422	538.429561166076	175.893193883534	950.591770871561	755.504590505947	1880.01442443033	212.626676027577	517.925424133521	403.279168146533	126.034912048742	149.758372354125	172.917549626904	185.08897319486	149.38921001162	260.211127405979	298.969845936047	224.766833375171	360.686734910104	314.428850242538	182.626186476677	170.830474414165	143.466033197179	141.273822369218	176.973672334661	86.0173705509616	47.6271884663333	52.4251713903363	58.845982615661
"IFI16"	2032.8530807816	5643.62537436696	5031.96501138347	2077.42425776017	1965.11609759695	9012.19109343127	5838.23363434645	1254.86836256128	6250.30261693174	4042.21467386567	1568.31542807852	2843.98637019102	3254.0489076539	2199.78244642091	1118.9439572145	3382.86574102757	2537.62828599893	1485.55250723749	3557.32165449853	4000.74216403141	1940.40323131469	2067.30498612301	3880.9713970335	3908.17859689109	2265.52846639217	2111.05330265488	3103.48285484321	2531.19212506821	2504.3673281573
"IFI35"	118.206313753837	401.990733485483	341.705355550867	157.04749453887	91.2670319112439	477.99196221706	318.349332277835	97.6247364681254	391.948344533384	360.066238240147	126.034912048742	208.538533503119	239.231429908822	185.08897319486	107.281299828811	260.211127405979	199.329299088287	118.829940986081	256.907257072376	174.119608674122	182.626186476677	170.830474414165	248.913567597106	322.887278354706	176.973672334661	84.304278588255	194.604692073438	226.00491386374	112.072173891526
"IFI44"	192.794497732507	5410.49168596275	6160.5043181246	469.100866187604	375.426935766902	9821.67088922557	5003.34460873532	414.807505253065	8266.06854453139	5199.16719012012	126.034912048742	1488.37358364147	1349.44855728836	185.08897319486	507.976954689421	5133.42833104651	3618.58601338847	118.829940986081	2934.79283237635	1596.42417926847	182.626186476677	170.830474414165	3764.11831299439	3161.52658790358	274.309192118725	2727.00055635181	2355.78362311025	2636.67156990557	550.563013352124
"IFIH1"	220.336568837151	2910.24541429594	2143.21874247902	368.590469682727	395.414415755464	3338.15885014129	1399.51238412029	233.664806736458	3163.66518573218	1843.46109914765	211.92770460996	1090.16607155185	1339.85163328407	355.370828534131	239.076376668506	2641.62526409088	1625.2930225056	290.539205710967	2183.81038171799	1402.94113887385	326.170369047345	170.830474414165	1473.18096188524	1399.12146972888	406.42003851655	935.952832330519	1259.83438931145	1574.45895978027	645.569852285109
"IFIT1"	468.274311935823	17847.341715887	9411.64059059763	653.396101028967	467.332836901524	27391.2674864744	8871.48641666574	884.724174242387	21844.5317258617	11348.8943052415	628.725158755151	4152.27551107665	4517.29806645325	885.558192250806	1553.8623467205	20588.8876085298	7819.83060914214	663.308730584302	11630.5063698294	4518.33577052881	845.83318266673	170.830474414165	7081.26819956297	4843.19570237089	589.233842038255	2763.13671975337	4355.12536773845	8610.59848759147	1298.46602940587
"IFIT2"	325.008259666174	10346.65524343	6481.4621543872	494.228465313823	623.080026858062	18803.0560790891	7225.73346745899	322.893815868325	13389.4754529305	6428.18276719829	247.280497439632	1801.21882348924	1244.14176956558	287.628264344812	431.646309861222	7317.67613340876	2560.62225834842	306.997152537539	7549.45119260534	1785.06636173296	331.740467734884	170.830474414165	3362.84381814188	2213.06293788502	436.859510158112	1804.81292179221	1876.43978479083	3683.78573067045	574.925250155008
"IFIT3"	457.22202159984	12830.7800117226	8448.70421053929	686.847217365747	742.913639757525	18417.5930402235	10877.615896105	661.554026676252	15097.3072343963	8132.41604030749	317.923065642952	3024.14569213303	2708.49403858102	276.430381466523	849.989738543671	14950.8184017338	8034.48922313009	427.550127667918	8858.76032526847	2723.58769293561	447.799409240812	1292.07629323153	5628.45941439174	4553.89641712565	792.399617878447	4194.596363791	3771.31129151814	7375.12068602111	1447.08155850172
"IFITM1"	4875.47851393386	11255.060084529	12590.2234168323	4514.95842049796	9322.33407402614	15179.6738570463	18553.8367569271	5305.61155283321	10960.7576311976	12405.0581626941	3094.28312570867	7053.09518357606	8575.32712109745	5505.19387422131	3223.96398180552	6040.23202259764	11461.4105948801	6627.32405370519	7885.41442851558	9946.14772467953	4842.78989989528	3746.99562580029	7228.60781565648	11778.3219688283	4602.20034906287	9586.64400951391	10539.5872308745	11706.7766847333	7189.06658119876
"IFNAR1"	181.801310553401	104.685086845178	125.742541141073	157.04749453887	179.750419349195	74.141765505981	228.238469147268	186.414434285886	202.9606161336	144.001588708217	162.459001630829	149.758372354125	172.917549626904	185.08897319486	189.244212898023	80.7231665599439	183.999984188631	118.829940986081	143.258118955265	232.209903835601	199.062543259578	170.830474414165	172.733103969404	242.151274647318	264.133205959482	142.811407620458	114.710083421164	173.265191445061	151.028214383094
"IFNAR2"	275.479814203316	409.999142629139	341.705355550867	335.060829598679	271.610686967862	292.971186396884	756.82417463318	183.778566401246	258.984821066339	369.655274559431	240.222542364903	149.758372354125	229.720964679343	276.430381466523	199.221373782102	173.474084937319	398.658598176573	186.384762436667	222.314097793134	425.692944230216	309.551386077968	170.830474414165	309.886631705907	430.516371139608	233.69373431792	192.692614769856	141.357495368077	150.669942575826	168.093549341636
"IFNG"	137.71035552322	104.685086845178	125.742541141073	157.04749453887	91.2670319112439	74.141765505981	66.9222897367742	97.6247364681254	88.4359983152942	83.0219594743249	126.034912048742	149.758372354125	172.917549626904	185.08897319486	107.281299828811	80.7231665599439	96.410785532424	118.829940986081	98.6966027938442	151.276810316352	182.626186476677	170.830474414165	143.466033197179	113.472949694151	176.973672334661	55.060791083699	61.4628867158032	52.4251713903363	99.8910554900845
"IFNGR1"	881.464481662359	659.201991864084	445.19146690997	611.464419987089	1062.43951847879	1387.67435409269	1075.14004576615	863.686043533506	923.890874399879	960.148961320567	635.846131285905	236.992624250403	306.236980389248	248.204313054307	577.709799578148	307.514903010106	812.646511252802	783.86170571468	380.426055468873	1185.25380882862	375.93600486224	170.830474414165	558.800199303013	1378.98002115817	690.816729958351	1756.64480660552	452.720239966731	534.867811109906	735.721897652301
"IFNGR2"	495.816383040467	651.193582720428	424.506818892264	477.502907145433	1110.35471023219	863.455001082655	943.001984680885	761.326507346676	531.942529866495	590.493686761136	494.49797742324	388.697855445132	478.549318592458	377.951683263903	498.053434455256	370.600057676702	781.987881453491	805.785829826612	484.2055333066	904.635325691787	331.740467734884	170.830474414165	777.227234845719	1358.78183611261	538.442398078207	684.753088528461	335.962187441515	474.605076596714	496.983746180565
"IGF2R"	1156.8851927088	1816.91436728491	2050.04351949349	1315.11571926849	2524.30920211714	2505.54682350912	3856.12925692267	1065.86687275899	1091.87505319978	1454.62775194965	1158.57592900806	521.383773350887	1263.33561757416	767.101249406096	893.170461724768	796.414761280407	1816.95766414406	2094.02122005671	1531.62323045627	2346.22768960147	834.784298384891	1292.07629323153	848.314654294921	1318.44220249634	822.927576356176	1954.49685128659	696.500004131659	1250.52382575939	1291.16912756153
"IKBKAP"	297.46618856153	192.934615055663	125.742541141073	184.295234841364	199.692265821802	74.141765505981	66.9222897367742	170.648039346283	195.974172266692	110.419206100852	204.869749535231	149.758372354125	296.726515159768	361.016042216574	199.221373782102	80.7231665599439	161.006011839148	219.241241119319	148.242297396354	212.846472115108	254.306964668773	170.830474414165	172.733103969404	141.273822369218	176.973672334661	160.002789316796	245.827733268979	467.055851916506	304.527960036045
"IKBKB"	264.427523867332	104.685086845178	279.525668956606	326.658788640849	215.663996406269	74.141765505981	66.9222897367742	207.403752626532	88.4359983152942	110.419206100852	282.57027281328	149.758372354125	325.430828397834	332.789973804358	225.773495489733	80.7231665599439	96.410785532424	142.536514212804	98.6966027938442	270.936767276587	210.111427541417	170.830474414165	213.333991364206	255.597819186074	375.892080038821	251.199743802058	254.019609685189	188.337428219783	209.521121103061
"IKBKE"	118.206313753837	104.685086845178	125.742541141073	157.04749453887	91.2670319112439	74.141765505981	66.9222897367742	97.6247364681254	88.4359983152942	83.0219594743249	126.034912048742	149.758372354125	172.917549626904	185.08897319486	107.281299828811	80.7231665599439	96.410785532424	118.829940986081	98.6966027938442	151.276810316352	182.626186476677	170.830474414165	157.453971433904	113.472949694151	176.973672334661	51.6144531351951	81.9425777563265	150.669942575826	95.0068389329846
"IKBKG"	118.206313753837	104.685086845178	125.742541141073	157.04749453887	131.789594079836	74.141765505981	66.9222897367742	97.6247364681254	88.4359983152942	83.0219594743249	126.034912048742	149.758372354125	172.917549626904	185.08897319486	107.281299828811	80.7231665599439	96.410785532424	118.829940986081	98.6966027938442	151.276810316352	182.626186476677	170.830474414165	143.466033197179	113.472949694151	176.973672334661	91.176800462172	49.1750720914892	52.4251713903363	58.845982615661
"IKZF1"	964.090694976291	860.197358606826	1097.48089907929	1005.18248879604	647.037622734764	593.616045523637	636.665203410802	519.802909324534	587.922516800076	465.670170691488	777.131267692545	891.137194693222	1416.45410776879	1308.57904048766	591.012680756921	346.948169874639	567.329267465549	657.783138328449	686.780310540965	1049.78542519033	1144.33568446286	1292.07629323153	1066.74168983763	928.265464973	1188.64367023575	813.799298377994	1077.51751186233	768.395737068158	1115.74925338424
"IKZF2"	380.151505032338	225.125279260555	310.584076618451	326.658788640849	107.831998203135	74.141765505981	66.9222897367742	107.631271956108	88.4359983152942	83.0219594743249	176.637929236312	149.758372354125	229.720964679343	242.559099371864	185.91849260333	80.7231665599439	161.006011839148	118.829940986081	98.6966027938442	178.960466604245	226.639097417556	170.830474414165	208.240947185706	215.258185569804	243.869720477163	61.933312957616	122.901959837373	52.4251713903363	153.470322661644
"IKZF3"	716.152951877619	643.13283103335	1025.05319538203	804.161695786282	778.872850330555	200.44226304542	324.338877209276	632.657104681687	307.978364133012	216.023138552193	529.850770252912	758.37639760129	1052.80850090341	1184.4768839605	464.849872158239	236.559239603916	268.311216136736	679.707262440381	454.54720416705	870.749320180924	1359.92589759858	170.830474414165	685.767638682517	491.054189801437	1300.40254431509	311.419964796968	655.516808456379	467.055851916506	774.707361135177
"IL10RA"	925.496333535663	940.595505303922	1138.91306638527	896.270051333329	846.775522072521	747.793846893325	630.67565847936	740.337189006029	832.890232133441	1017.76620119575	777.131267692545	1241.87130274658	1205.92699109803	1037.88641719018	527.93127645758	599.288788541024	697.62844411262	899.007918530192	671.926471820492	1291.67704488617	995.130090111413	1744.26455900583	1635.72797749764	1143.5236505428	965.125922077076	705.410962196393	811.210087552822	640.321043361567	845.351963265278
"IL10RB"	605.984667459043	747.66089024826	880.072045446372	854.416894038721	1110.35471023219	686.144968875101	1033.11284781145	658.918158791613	650.933165599723	744.125822768374	551.024635477101	559.347520742658	622.070884782789	603.575141588437	494.727714160563	402.162815801641	935.329235842811	827.709953938544	548.407673423995	1020.74027760959	702.106373909585	170.830474414165	701.046771218017	1082.98583188097	863.543034156981	517.877777337748	335.962187441515	354.053394984636	506.722756303457
"IL11RA"	330.563956412604	192.934615055663	125.742541141073	276.403590388411	271.610686967862	200.44226304542	126.148516153819	246.795333791421	88.4359983152942	83.0219594743249	275.512317738551	284.391149100484	440.248081350099	400.439993507079	232.42493607912	189.255463999789	206.993956538114	241.16536523125	187.770286815289	314.428850242538	469.89717780449	170.830474414165	193.033547666805	168.166911446731	243.869720477163	120.440441989819	157.741248200496	218.455689183531	199.752687988861
"IL12RB1"	220.336568837151	353.730908449856	383.07465158628	251.275991262191	91.2670319112439	223.574493883286	234.261475223578	97.6247364681254	195.974172266692	196.845065913624	126.034912048742	149.758372354125	220.124040675049	197.397389912318	107.281299828811	80.7231665599439	191.664641638459	118.829940986081	177.851278234507	319.269708172662	193.492444572039	170.830474414165	269.214011294507	275.796004231633	264.133205959482	125.599871901029	200.748599385595	180.788203539575	216.818022947403
"IL12RB2"	225.892265583582	104.685086845178	248.467261294761	251.275991262191	199.692265821802	74.141765505981	66.9222897367742	144.386985236358	139.994185333111	83.0219594743249	126.034912048742	149.758372354125	277.532667151182	231.268672006977	175.994972369165	80.7231665599439	96.410785532424	137.070336927444	98.6966027938442	222.528187975354	210.111427541417	170.830474414165	167.640059790904	195.060000524245	284.485178277968	70.5390808173303	135.189774461687	52.4251713903363	168.093549341636
"IL13RA1"	435.235647241626	466.267376808422	683.347839831163	368.590469682727	415.401895744027	516.508609397417	1069.15050083471	304.540365412317	398.934788400292	763.303895406943	247.280497439632	189.594099400323	382.839454873966	185.08897319486	348.610583793722	307.514903010106	567.329267465549	356.311578046763	370.556395189488	507.987529042311	182.626186476677	170.830474414165	487.641046837212	598.683282586339	406.42003851655	323.451916582095	149.549371784287	406.793117403314	226.557033070295
"IL15"	225.892265583582	233.133688404211	217.408853632916	157.04749453887	179.750419349195	262.128211946396	180.188265116265	102.35953618683	88.4359983152942	110.419206100852	126.034912048742	236.992624250403	267.935743146888	185.08897319486	107.281299828811	80.7231665599439	229.987928887597	208.308886548599	98.6966027938442	333.792281963031	187.922345884501	170.830474414165	309.886631705907	403.623282062094	176.973672334661	158.289697354089	190.508753865333	173.265191445061	170.535657620186
"IL16"	909.006552767003	554.726275192597	952.562620414201	1172.75216546901	930.649924398954	678.434225262479	1057.13794982695	724.570794066427	489.93543066673	379.244310878716	649.962041435364	559.347520742658	660.372122025148	896.848619615692	564.46055904929	315.425773332981	590.323239815032	915.465865356765	499.010023725676	1107.80008194665	1083.52116436612	170.830474414165	690.860682861017	793.743283110584	853.367047997738	510.985101440741	352.345940273934	241.077150638461	528.64288482779
"IL17RA"	501.312976630021	458.258967664766	714.406247493008	628.268501902748	754.915254453854	593.616045523637	1123.19024979715	651.059367505929	699.926708666396	547.28075685475	473.324112199052	255.9370583532	612.560419553309	270.78516778408	474.773392392404	457.337100145362	843.305141052113	657.783138328449	429.823705167192	865.908462250801	326.170369047345	170.830474414165	701.046771218017	780.296738571827	477.474967958917	648.637079149988	331.866249233411	301.339885151653	355.665118929055
"IL18"	118.206313753837	104.685086845178	125.742541141073	157.04749453887	91.2670319112439	74.141765505981	66.9222897367742	97.6247364681254	88.4359983152942	83.0219594743249	126.034912048742	149.758372354125	172.917549626904	185.08897319486	107.281299828811	80.7231665599439	96.410785532424	118.829940986081	98.6966027938442	151.276810316352	182.626186476677	170.830474414165	143.466033197179	113.472949694151	176.973672334661	70.5390808173303	77.8466395482218	52.4251713903363	90.1520453671926
"IL18R1"	118.206313753837	104.685086845178	125.742541141073	157.04749453887	91.2670319112439	74.141765505981	66.9222897367742	97.6247364681254	88.4359983152942	163.221172326523	126.034912048742	149.758372354125	172.917549626904	185.08897319486	107.281299828811	80.7231665599439	96.410785532424	118.829940986081	98.6966027938442	151.276810316352	182.626186476677	170.830474414165	143.466033197179	161.415270939929	176.973672334661	53.3275450979017	51.2230411955415	52.4251713903363	75.5288186872009
"IL18RAP"	126.717168344113	434.129055146952	248.467261294761	167.569676672974	459.346971609291	431.727500541328	678.725862510364	110.267139840748	216.977721866574	460.854897041977	211.92770460996	149.758372354125	172.917549626904	185.08897319486	107.281299828811	197.125972739383	406.323255626401	158.994461039376	133.38845867588	425.692944230216	182.626186476677	170.830474414165	172.733103969404	538.14546392451	176.973672334661	115.281012078608	47.6271884663333	52.4251713903363	70.644602130101
"IL1B"	253.434336688226	305.471083414229	125.742541141073	157.04749453887	706.954429184495	678.434225262479	360.376530232529	301.904497527678	363.958351066593	187.214518614603	204.869749535231	149.758372354125	210.527116670756	185.08897319486	142.791410072148	260.211127405979	436.981885425712	274.081258884395	227.298276234223	212.846472115108	182.626186476677	170.830474414165	152.360927255404	383.425097016535	203.165775840191	197.852044681066	151.597340888339	256.123174827488	92.5647306544347
"IL1R1"	402.137879390552	200.995366742741	258.841020938899	268.080073177851	603.0925468695	370.041551640351	516.539693333292	330.801419522243	279.988370666222	408.052930816307	536.908725327642	149.758372354125	172.917549626904	185.08897319486	348.610583793722	80.7231665599439	421.652570526056	504.314269544926	108.714307977419	372.519145404018	182.626186476677	170.830474414165	198.126591845305	544.840367956464	294.661164437211	523.037207248959	112.662114317111	158.19295467034	112.072173891526
"IL1R2"	831.876933042625	409.999142629139	569.487968827921	1047.03564609064	1365.99366661559	855.744257470033	2198.36375670816	543.42809554982	167.984178799901	1387.42147575518	367.328751166059	149.758372354125	172.917549626904	185.08897319486	365.239185267188	173.474084937319	574.993924915377	465.932198606422	98.6966027938442	208.005614184984	182.626186476677	170.830474414165	143.466033197179	154.720366907974	233.69373431792	887.784717143828	73.7507013401171	52.4251713903363	160.796647497294
"IL1RAP"	534.351641324218	490.397289326235	745.464655154853	452.296784271945	1234.20407253575	1241.20729633563	1934.05417339278	624.798313396003	755.906695599978	926.525067733466	649.962041435364	265.446714997687	459.355470583872	236.91388568942	687.297647353279	441.596082666173	1057.96375504005	526.238393656858	335.963235910246	1388.41856508348	276.404733232451	170.830474414165	345.394474922209	1735.45529262234	599.409828197498	627.979205482055	221.228290426118	286.267648376931	238.738151471737
"IL1RN"	118.206313753837	313.531835101307	125.742541141073	157.04749453887	355.485089294295	570.483814685771	258.28657723908	246.795333791421	286.97481453313	230.427448520989	126.034912048742	149.758372354125	172.917549626904	185.08897319486	107.281299828811	307.514903010106	199.329299088287	367.243932617482	296.435246491311	285.383702661799	182.626186476677	170.830474414165	248.913567597106	269.044363724831	176.973672334661	227.115686208713	83.9905468603788	195.860440314296	58.845982615661
"IL21"	118.206313753837	104.685086845178	125.742541141073	157.04749453887	303.554148136797	74.141765505981	66.9222897367742	254.654125077105	88.4359983152942	83.0219594743249	126.034912048742	149.758372354125	172.917549626904	185.08897319486	107.281299828811	80.7231665599439	96.410785532424	312.463329822899	98.6966027938442	151.276810316352	182.626186476677	170.830474414165	143.466033197179	113.472949694151	176.973672334661	40.3080461813316	47.6271884663333	52.4251713903363	58.845982615661
"IL21R"	187.297904142954	104.685086845178	207.097965259348	192.697275799193	131.789594079836	74.141765505981	66.9222897367742	97.6247364681254	88.4359983152942	83.0219594743249	183.695884311042	149.758372354125	258.425277917409	186.106962547431	126.162808598682	80.7231665599439	96.410785532424	263.148904313675	108.714307977419	270.936767276587	226.639097417556	170.830474414165	147.339616093503	195.060000524245	176.973672334661	60.2202209949094	141.357495368077	52.4251713903363	119.369075735868
"IL29"	118.206313753837	104.685086845178	125.742541141073	157.04749453887	91.2670319112439	74.141765505981	66.9222897367742	97.6247364681254	88.4359983152942	83.0219594743249	126.034912048742	149.758372354125	172.917549626904	185.08897319486	107.281299828811	80.7231665599439	96.410785532424	118.829940986081	98.6966027938442	151.276810316352	182.626186476677	170.830474414165	143.466033197179	113.472949694151	176.973672334661	65.3796509061198	92.1824232765881	52.4251713903363	65.789808564309
"IL2RB"	413.190169726536	265.324352609103	496.997393860092	477.502907145433	283.566668148235	161.88854498231	66.9222897367742	246.795333791421	258.984821066339	158.405898677012	423.85540921992	341.299330595051	689.076435263214	970.143853000857	335.361343264864	80.7231665599439	206.993956538114	389.227471699907	182.7861083742	619.251623029988	845.83318266673	170.830474414165	416.55362738801	383.425097016535	792.399617878447	173.76798708772	321.626403713149	180.788203539575	553.005121630674
"IL2RG"	969.587288565844	594.925348541145	983.621028076046	1105.69288530091	962.59338556789	447.148987766572	318.349332277835	664.189894560891	510.938980266612	360.066238240147	777.131267692545	900.571972151532	1272.93254157846	1398.90245940675	604.261921285779	260.211127405979	367.999968377262	1025.08648591642	528.668352865226	1069.14885691082	1205.15020455959	170.830474414165	701.046771218017	443.962915678365	853.367047997738	294.208429077539	692.404065923554	504.723337560462	886.750112035395
"IL6R"	594.991480279936	385.869230111325	455.565226554109	502.630506271653	2212.76918868811	501.124193054926	1003.06473971964	1186.57985940183	447.928331466965	288.04468839617	529.850770252912	341.299330595051	401.946844107739	298.918691709698	408.36626779837	260.211127405979	345.005996027779	1068.93473414029	365.621565049796	566.002185798632	265.355848950612	170.830474414165	457.154514782812	376.673456509733	548.618384237451	476.582184024974	178.220939241019	233.527925958253	289.904733356054
"IL6ST"	440.732240831179	281.393513439838	269.214780583038	360.188428724898	331.527493417593	185.020775820176	174.198720184823	312.399156698001	230.994827599549	211.24937588242	332.038975792411	284.391149100484	516.850555834817	451.246916649068	341.959143204336	80.7231665599439	398.658598176573	422.083950382558	271.76109579285	406.329512509722	409.082657707757	170.830474414165	274.307055473007	235.456370615363	274.309192118725	178.927416998931	188.460784761281	180.788203539575	211.933806390303
"IL7"	231.388859173135	209.003775886397	238.156372921193	293.20767230407	115.817863495369	74.141765505981	66.9222897367742	175.870962747328	167.984178799901	120.008242420137	126.034912048742	149.758372354125	334.941293627314	197.397389912318	107.281299828811	80.7231665599439	96.410785532424	118.829940986081	98.6966027938442	151.276810316352	182.626186476677	170.830474414165	177.826148147904	134.522181862416	264.133205959482	106.675244218894	194.604692073438	210.932677089018	187.571569587419
"IL7R"	2517.61717348609	1390.79372128161	1843.00842550471	1432.43019768903	1677.53368004462	1071.6080077407	780.849276648682	1748.41021777589	1126.85149053348	489.663516979568	2175.92973906551	1858.05212579763	3110.44088268876	3311.05664148284	2148.20074777212	662.37394320762	973.65252309195	2313.26246117603	1037.54803687029	2389.79541097258	2648.07970391182	2519.49325189731	1676.32886489244	1096.43237641973	1788.05349843325	1114.88024932945	2167.32283834896	1356.00327059674	1902.63773292086
"IL8"	727.205242213602	747.66089024826	900.756693464079	1047.03564609064	1485.82727951505	1140.96762937154	1717.82825525326	1900.65599429793	902.887324799997	2016.31281877319	784.189222767274	149.758372354125	497.656707826231	321.499546439471	926.374024021785	449.466591405768	1548.64644800733	1419.7207199312	528.668352865226	1664.12055188503	353.838236298562	170.830474414165	457.154514782812	941.712009511756	1056.6213106741	14147.7009751625	258.115547893293	572.535296753862	1378.84964165886
"IL9"	347.053737181264	305.471083414229	403.822170874557	301.53118951463	135.805343483931	339.198577189863	198.223822200325	97.6247364681254	209.991277999666	139.227826038443	240.222542364903	149.758372354125	277.532667151182	259.494740419193	182.592772308637	291.773885530917	352.670653477607	131.544744671591	335.963235910246	362.837429543771	204.541328853878	170.830474414165	452.133203620911	504.500734340194	213.341761999434	40.3080461813316	47.6271884663333	52.4251713903363	58.845982615661
"ILF3"	407.693576136982	345.670156762777	714.406247493008	711.974816491966	591.136565689127	354.620064415107	240.251020155019	391.182319027779	202.9606161336	345.661928271352	367.328751166059	426.586723650726	746.485061739347	671.225161291158	351.936304088415	80.7231665599439	161.006011839148	454.999844035702	291.500416351619	595.047333379372	707.585159503885	170.830474414165	477.526691496811	383.425097016535	518.090425759721	228.828778171419	358.489847586091	301.339885151653	477.476302943473
"IRAK1"	286.473001382423	209.003775886397	217.408853632916	343.462870556508	255.638956383394	161.88854498231	168.175714108514	223.121335197901	202.9606161336	211.24937588242	197.811794460501	149.758372354125	392.43637887826	327.144760121914	109.587847775131	80.7231665599439	191.664641638459	202.84270926324	148.242297396354	377.360003334141	320.600270359806	170.830474414165	355.580563279209	302.689093309147	314.92464991953	134.205639760744	178.220939241019	150.669942575826	192.455786144519
"IRAK2"	118.206313753837	104.685086845178	125.742541141073	157.04749453887	91.2670319112439	74.141765505981	66.9222897367742	97.6247364681254	88.4359983152942	83.0219594743249	126.034912048742	149.758372354125	172.917549626904	185.08897319486	107.281299828811	80.7231665599439	96.410785532424	118.829940986081	98.6966027938442	151.276810316352	182.626186476677	170.830474414165	143.466033197179	113.472949694151	176.973672334661	86.0173705509616	102.42226879685	52.4251713903363	95.0068389329846
"IRAK3"	925.496333535663	699.401065212633	1397.75408732417	1055.43768704847	2688.04225736591	1919.64152159811	3922.18155689286	664.189894560891	916.904430532971	1910.66737534211	692.309771883741	322.354896492255	478.549318592458	377.951683263903	358.587744677801	165.603576197725	942.993893292639	559.154287310002	261.842087212069	1015.89941967946	364.887120580401	170.830474414165	736.554614434319	1271.35092837326	629.84929983906	605.608239851416	188.460784761281	271.195411602209	492.099529623465
"IRAK4"	325.008259666174	273.332761752759	331.331595906728	276.403590388411	235.651476394832	223.574493883286	204.213367131767	204.767884741893	195.974172266692	244.831758489784	240.222542364903	236.992624250403	411.543768112033	355.370828534131	189.244212898023	80.7231665599439	260.646558686908	197.317117007387	153.177127536046	285.383702661799	265.355848950612	170.830474414165	259.099655954106	289.24254877039	243.869720477163	196.138952718359	213.036414009909	210.932677089018	243.622368028836
"IRF1"	1206.47274132853	2508.25468081046	2826.56658231019	1465.88131402581	2540.28093270161	2744.5057337349	3717.9681897611	1415.02174273724	2162.74655679968	2213.11637370708	932.532314248644	1156.58390969091	1875.80957835266	1020.95077614285	690.623367647972	1608.61090162328	2614.27486049721	1611.63107462372	2124.49372343889	1891.48959779051	1006.17897439325	1356.65021256009	2103.06858063745	2630.13276448587	1239.4351141958	1348.86845741208	1259.83438931145	2357.92693362315	1052.40155309848
"IRF3"	699.663171108958	635.124421889694	786.896822460837	762.230014744404	651.053372138859	485.702705829682	342.374434293337	506.672382269571	377.975456799567	499.29406427859	536.908725327642	862.683103945939	1043.21157689911	1094.24600952801	491.40199386587	228.688730864321	452.311200325367	690.699031981593	360.686734910104	807.89380549448	984.081205829574	170.830474414165	751.833746969818	639.02291620261	934.686450435515	502.379333581026	712.883756964077	467.055851916506	972.017940845488
"IRF4"	165.252426627863	104.685086845178	125.742541141073	443.973267061385	163.778688764727	169.599288594932	126.148516153819	157.51751229132	88.4359983152942	168.036445976034	126.034912048742	149.758372354125	172.917549626904	772.746463088539	136.139969482761	80.7231665599439	96.410785532424	191.850939722027	118.583968256804	382.200861264264	619.194085249173	170.830474414165	193.033547666805	255.597819186074	609.585814356741	165.162219228006	129.04586714953	248.600162732975	289.904733356054
"IRF5"	203.846788068491	361.791660136934	207.097965259348	157.04749453887	107.831998203135	323.777089964619	234.261475223578	136.528193950673	307.978364133012	259.236068458579	126.034912048742	255.9370583532	172.917549626904	185.08897319486	107.281299828811	228.688730864321	229.987928887597	118.829940986081	281.630756072234	266.095909346464	182.626186476677	170.830474414165	355.580563279209	221.953089601759	203.165775840191	160.002789316796	174.125001032915	188.337428219783	143.731312538752
"IRF7"	220.336568837151	956.664666134657	962.936380058339	157.04749453887	1050.43790378246	1094.74023857856	973.050092772697	454.15027404972	713.899596400213	676.919546573908	126.034912048742	492.929682603603	497.656707826231	185.08897319486	156.040650601006	599.288788541024	475.30517267485	564.620464595362	647.25232112203	338.633139893155	182.626186476677	170.830474414165	634.980662930716	652.469460741366	176.973672334661	259.805511661773	286.787115350026	610.202782397819	129.10808585876
"IRF8"	181.801310553401	104.685086845178	125.742541141073	157.04749453887	167.748804652866	74.141765505981	66.9222897367742	196.909093456209	88.4359983152942	139.227826038443	141.28513640664	149.758372354125	172.917549626904	185.08897319486	119.511368009296	80.7231665599439	96.410785532424	224.766833375171	123.518798396496	151.276810316352	193.492444572039	170.830474414165	177.826148147904	113.472949694151	176.973672334661	203.011474592277	206.892506697752	150.669942575826	97.4489472115345
"IRGC"	118.206313753837	104.685086845178	125.742541141073	157.04749453887	91.2670319112439	74.141765505981	204.213367131767	97.6247364681254	88.4359983152942	216.023138552193	126.034912048742	149.758372354125	172.917549626904	185.08897319486	107.281299828811	80.7231665599439	153.34135438932	118.829940986081	98.6966027938442	151.276810316352	182.626186476677	170.830474414165	143.466033197179	147.968726401172	176.973672334661	56.7738830464055	47.6271884663333	52.4251713903363	58.845982615661
"ISG20"	314.015072487067	1069.25347703665	1221.77740099724	703.651299281406	331.527493417593	1711.48851494007	991.052188711889	217.898411796856	1091.87505319978	1041.75954748383	233.101569834149	957.4801536461	957.098637184916	772.746463088539	185.91849260333	1167.05518054039	551.999952565894	241.16536523125	993.085217311661	653.061990135693	652.34073809469	170.830474414165	975.353826691023	591.931642079537	528.266411918965	283.889569255118	696.500004131659	941.66092851322	557.889338187774
"ITGA2B"	721.708648624049	506.46645015697	631.604784151611	737.102415618185	1130.34219022076	1194.9428346599	636.665203410802	1076.36153192932	636.916059866749	460.854897041977	1377.62460614878	1365.12244319403	1770.58924940469	1607.59027668395	800.157574773188	662.37394320762	398.658598176573	1425.24631218705	864.631588775472	1194.85988628371	945.364454296519	1292.07629323153	1117.52866558943	477.60764526268	1259.78708651429	784.555810873438	1069.32563544612	1039.59114867037	1471.4437953046
"ITGA4"	2236.64076569322	1648.05732220363	1843.00842550471	1826.06974275071	1226.21820724352	1156.38911659679	324.338877209276	1357.22789874811	1371.863423866	676.919546573908	1624.84208613239	1858.05212579763	2450.06876066361	3124.85713444882	1238.4553252238	693.936701332558	789.652538903319	1573.24900368521	988.150387171968	2505.90036289038	2675.74757116303	2390.3454132402	2682.16922363787	2139.07857468443	2316.31991035222	1648.23631640083	2155.03502372465	1732.67812703631	2740.66337135049
"ITGA5"	892.457668841466	819.998285258277	786.896822460837	703.651299281406	1877.22594586642	1071.6080077407	930.989433673135	1472.76677435814	461.945437199939	379.244310878716	883.063611269513	473.985248500806	650.775198020855	586.639500541108	690.623367647972	410.033324541235	429.317227975884	1425.24631218705	568.196342284161	962.725620853266	491.994946368168	170.830474414165	726.440259093917	921.570560941045	833.103562515419	1025.41654082998	393.305322354981	354.053394984636	472.621509377681
"ITGA6"	121.220574754559	104.685086845178	125.742541141073	157.04749453887	143.791208776165	74.141765505981	66.9222897367742	131.256458181395	88.4359983152942	83.0219594743249	169.579974161583	246.50228089489	172.917549626904	197.397389912318	162.692091190392	80.7231665599439	96.410785532424	290.539205710967	192.705116954981	212.846472115108	276.404733232451	170.830474414165	143.466033197179	113.472949694151	203.165775840191	65.3796509061198	116.758052525216	158.19295467034	124.253292292968
"ITGAL"	864.915597736822	900.396431955374	942.188860770062	971.652848711987	531.219759239395	477.99196221706	528.552244341043	698.309739956501	573.94962906626	369.655274559431	346.154885941871	540.328207453684	1100.62020337525	800.972531500755	335.361343264864	228.688730864321	390.993940726746	663.308730584302	548.407673423995	1020.74027760959	1039.32562723877	170.830474414165	1092.13517771353	800.494923617386	894.07099263471	541.961834931094	1100.0451720069	783.46797384288	1247.29944752155
"ITGAM"	347.053737181264	627.063670202615	745.464655154853	544.483663566261	459.346971609291	1094.74023857856	1159.2279028204	336.024342923288	615.912510266867	1358.61285581759	452.150246974863	388.697855445132	679.479511258921	315.854332757028	262.302778081443	465.247970468237	1065.62841248988	465.932198606422	597.805323122314	1262.63189730543	414.652756395295	170.830474414165	711.161126558418	820.636372188098	518.090425759721	421.521392941275	249.923671477084	293.790660471444	348.368217084713
"ITGAX"	347.053737181264	297.462674270573	372.763763212712	351.786387767068	722.926159768963	308.355602739375	192.200816124016	401.676978198102	251.954159200273	153.632136007238	148.34309148137	149.758372354125	258.425277917409	185.08897319486	172.669252074472	80.7231665599439	96.410785532424	509.780446830286	217.379267653442	517.593606497399	204.541328853878	170.830474414165	330.187075403308	322.887278354706	176.973672334661	519.590869300455	251.971640581136	158.19295467034	282.607831511712
"ITGB1"	1267.05347712737	980.79457865247	931.815101125924	980.054889669816	874.703233837362	1040.76503329021	528.552244341043	934.561602209365	853.893781733323	331.257618302556	1469.44103957629	1422.0306246886	1454.75534501115	2019.32069755592	929.646103666564	496.770367009895	536.670637666238	1430.71248947241	918.964068613484	1291.67704488617	1608.75407667305	170.830474414165	1087.11386655163	558.286912495221	1148.02821243495	904.976098840166	1218.8750072304	858.802945130793	1237.56043739866
"ITGB2"	826.380339453071	828.059036945356	993.994787720185	904.672092291159	994.536846736825	678.434225262479	516.539693333292	729.793717467472	440.941887600057	854.545028869226	558.082590551831	597.236388948251	1215.43745632751	755.810822041209	488.076273571177	212.907351801852	436.981885425712	882.54997170362	429.823705167192	933.680473272527	801.637645539374	170.830474414165	980.375137852925	1009.00146868039	944.862436594758	442.179266609208	489.583683839673	444.460603047271	757.642026176635
"ITLN1"	118.206313753837	104.685086845178	125.742541141073	157.04749453887	91.2670319112439	74.141765505981	66.9222897367742	97.6247364681254	88.4359983152942	83.0219594743249	126.034912048742	149.758372354125	172.917549626904	185.08897319486	107.281299828811	80.7231665599439	96.410785532424	118.829940986081	98.6966027938442	151.276810316352	182.626186476677	170.830474414165	143.466033197179	113.472949694151	176.973672334661	40.3080461813316	81.9425777563265	158.19295467034	65.789808564309
"JAK1"	1052.21350187978	892.388022811718	931.815101125924	1155.94808355335	858.731503252894	655.301994424613	714.763515533617	968.730259973209	580.936072933168	643.295652986806	784.189222767274	701.5430952929	1387.74979453072	1263.50987551471	750.37905165262	394.292307062046	597.98789726486	1195.01330152652	612.659161842788	1064.3079989807	1371.06609497365	1292.07629323153	1010.86166990733	786.991642603782	924.510464276272	932.506494382015	997.622903210051	693.060765780245	937.916693919712
"JAK2"	567.449409175292	1310.39557458451	1138.91306638527	519.356064440042	778.872850330555	1133.25688575892	1555.67554722105	753.418903692758	1553.82049039972	1003.36189122695	805.363087991463	1213.4172119993	1311.147320046	1026.59598982529	551.157677870518	749.110985676279	1004.31115289126	635.859014216517	1007.88970773074	740.121794472754	724.204142473263	170.830474414165	1483.29531722564	968.661835064117	579.057855879012	861.967413564685	993.526965001946	971.805402062663	699.178542447976
"JAK3"	347.053737181264	353.730908449856	559.114209183782	368.590469682727	399.430165159559	323.777089964619	150.173618169321	312.399156698001	160.997734932993	240.016484840273	310.865110568223	360.243764697848	507.253631830524	434.311275601738	225.773495489733	80.7231665599439	229.987928887597	279.547436169755	172.916448094815	295.065418522045	514.092714931846	170.830474414165	284.493143830007	356.532007939021	355.540107720335	135.91873172345	237.63585685277	323.935134020888	243.622368028836
"JUN"	118.206313753837	104.685086845178	125.742541141073	157.04749453887	135.805343483931	74.141765505981	66.9222897367742	118.125931126432	88.4359983152942	83.0219594743249	126.034912048742	149.758372354125	172.917549626904	185.08897319486	107.281299828811	80.7231665599439	96.410785532424	137.070336927444	98.6966027938442	151.276810316352	182.626186476677	170.830474414165	143.466033197179	113.472949694151	176.973672334661	104.941998233097	77.8466395482218	52.4251713903363	99.8910554900845
"KCNJ2"	650.075622489224	1093.33104701104	1760.14409089274	804.161695786282	682.996833307794	1133.25688575892	2480.64197481788	433.160955709073	538.928973733403	686.508582893192	565.14054562656	208.538533503119	430.651157345806	219.978244642091	315.407021496705	551.985012936897	1011.97581034109	603.002535533866	583.000832703238	735.356574947789	232.209196105095	170.830474414165	472.433647318311	1170.41673962032	548.618384237451	548.834356805011	198.700630281543	549.940047884627	370.288345609047
"KIR3DL2"	154.259239448757	192.934615055663	125.742541141073	293.20767230407	223.649861698503	74.141765505981	66.9222897367742	97.6247364681254	153.967073066927	196.845065913624	126.034912048742	149.758372354125	172.917549626904	208.687817277204	107.281299828811	80.7231665599439	96.410785532424	118.829940986081	98.6966027938442	151.276810316352	182.626186476677	170.830474414165	143.466033197179	215.258185569804	264.133205959482	41.2955933127742	47.6271884663333	52.4251713903363	73.0867104086509
"KIR3DS1"	118.206313753837	104.685086845178	125.742541141073	201.020793009753	99.8461329109008	74.141765505981	66.9222897367742	97.6247364681254	88.4359983152942	158.405898677012	126.034912048742	149.758372354125	172.917549626904	185.08897319486	107.281299828811	80.7231665599439	96.410785532424	118.829940986081	98.6966027938442	151.276810316352	182.626186476677	170.830474414165	143.466033197179	113.472949694151	176.973672334661	40.3080461813316	47.6271884663333	52.4251713903363	58.845982615661
"KLRB1"	118.206313753837	104.685086845178	125.742541141073	184.295234841364	167.748804652866	74.141765505981	66.9222897367742	97.6247364681254	88.4359983152942	83.0219594743249	126.034912048742	149.758372354125	172.917549626904	185.08897319486	107.281299828811	80.7231665599439	96.410785532424	118.829940986081	98.6966027938442	151.276810316352	182.626186476677	170.830474414165	143.466033197179	134.522181862416	213.341761999434	41.2955933127742	47.6271884663333	52.4251713903363	60.9055920072091
"KLRC1"	159.75583303831	104.685086845178	125.742541141073	293.20767230407	103.861882314996	74.141765505981	66.9222897367742	97.6247364681254	88.4359983152942	83.0219594743249	183.695884311042	189.594099400323	172.917549626904	270.78516778408	107.281299828811	80.7231665599439	96.410785532424	118.829940986081	98.6966027938442	169.354389149156	182.626186476677	170.830474414165	177.826148147904	154.720366907974	284.485178277968	73.9854187658341	143.40546447213	180.788203539575	187.571569587419
"KLRC2"	319.51166607662	297.462674270573	238.156372921193	360.188428724898	219.679745810364	161.88854498231	66.9222897367742	220.534279681495	244.967715333365	177.625482295318	310.865110568223	246.50228089489	239.231429908822	417.375634554409	292.180620083767	80.7231665599439	96.410785532424	131.544744671591	98.6966027938442	151.276810316352	281.974831919989	170.830474414165	304.793587527407	242.151274647318	680.640743799108	84.304278588255	143.40546447213	52.4251713903363	197.340002701619
"KLRC3"	308.518478897513	217.064527573476	238.156372921193	435.571226103555	579.134950992798	308.355602739375	66.9222897367742	396.405242428823	258.984821066339	302.448998364965	289.62822788801	218.048190147606	239.231429908822	434.311275601738	242.402096963199	80.7231665599439	96.410785532424	339.85363122019	98.6966027938442	261.255051416341	392.554987831617	170.830474414165	325.094031224808	282.490908263588	538.442398078207	94.6231384106759	94.2303923806405	210.932677089018	224.114924791745
"KLRD1"	936.548623871647	1165.72078456448	1221.77740099724	1072.16324521686	295.568282844563	377.752295252973	186.211271192574	546.06396343446	951.88086786667	523.28741056667	635.846131285905	1194.4727778965	1397.34671853501	1917.79939575854	488.076273571177	244.42974834351	352.670653477607	570.086641880722	395.279894189346	1277.1544710958	1641.90072951856	170.830474414165	711.161126558418	800.494923617386	1280.05057199661	667.561706832123	1646.99580435427	1514.19622526708	3054.93034150942
"KLRF1"	484.823195861361	876.26651943756	455.565226554109	737.102415618185	515.248028654928	208.153006658042	66.9222897367742	320.257947983686	454.958993333031	235.242722170499	247.280497439632	464.550471042496	669.969046029441	682.515588656045	195.895653487409	80.7231665599439	96.410785532424	372.769524873335	158.111957675738	469.260665601325	608.145200967334	170.830474414165	421.64667156651	383.425097016535	640.025285998303	115.281012078608	374.87360041851	361.602619664844	730.837681095201
"KLRG1"	314.015072487067	313.531835101307	538.429561166076	611.464419987089	115.817863495369	74.141765505981	66.9222897367742	238.887730137503	272.957708800156	83.0219594743249	254.338452514362	255.9370583532	440.248081350099	445.601702966625	107.281299828811	80.7231665599439	96.410785532424	257.623312057823	177.851278234507	353.155713683525	530.711697901223	170.830474414165	143.466033197179	168.166911446731	203.165775840191	84.304278588255	200.748599385595	165.742179350548	260.65827999607
"KLRK1"	1570.07536243533	1366.6638087638	1283.89421632093	1591.51930965691	1270.11764959283	408.595269703461	174.198720184823	1270.63475750089	510.938980266612	230.427448520989	784.189222767274	938.535719543303	1320.7442440503	1511.71418856902	567.786279343983	189.255463999789	183.999984188631	1271.71802843303	410.084384608423	875.590178111047	1415.26163210101	170.830474414165	614.680219233315	524.698919385753	1137.85222627571	407.75619517035	764.082984565386	625.275019172541	1174.2127371129
"LAG3"	118.206313753837	104.685086845178	125.742541141073	157.04749453887	91.2670319112439	74.141765505981	66.9222897367742	97.6247364681254	88.4359983152942	83.0219594743249	126.034912048742	149.758372354125	229.720964679343	185.08897319486	107.281299828811	80.7231665599439	96.410785532424	118.829940986081	98.6966027938442	151.276810316352	182.626186476677	170.830474414165	143.466033197179	113.472949694151	176.973672334661	41.2955933127742	65.5588249239078	173.265191445061	143.731312538752
"LAIR1"	1597.61743353998	1889.25176229492	2702.33295166281	2688.88867774726	1258.16166841245	1441.64955938105	2090.25079763841	897.805888929116	1357.84631813303	1785.8853702522	628.725158755151	701.5430952929	1081.51281414147	1218.34816605516	584.361240167535	504.681237332769	996.646495441433	531.704570942218	464.416864446434	865.908462250801	967.462222860196	1808.92389357159	1371.53527736503	1338.58365106705	1381.72194675287	278.730139343908	426.096641614051	391.720880628592	686.997424046534
"LCK"	644.579028899671	699.401065212633	693.721599475301	753.906497533844	559.193104520191	316.066346351997	258.28657723908	488.270119445329	300.947702266946	254.420794809069	600.493338456232	654.144570442819	1129.32451661331	1071.66515479824	385.139866385432	283.863015208043	329.676681128124	603.002535533866	360.686734910104	943.362189132773	1022.70664426939	170.830474414165	513.034534713113	403.623282062094	558.794370396694	256.359173713269	446.576332654574	369.125631759358	747.903016053743
"LCP2"	1636.15269182373	2001.78823065349	2919.80467656629	1499.41095410986	1633.58860417935	2320.52604768895	2919.11681717322	1546.27820091864	1385.83631159982	1809.87871654028	1455.32512942683	1459.91949289419	2162.93916950813	1714.75679216378	1274.98460781551	1537.65523821709	1970.29901853338	1759.63376612188	1847.84714580775	2176.94893885747	1641.90072951856	2261.11215934588	1818.57543680744	2482.10730160985	1584.88772259306	2023.32284014121	1427.81548303221	1453.93349075389	1641.95002993348
"LEF1"	291.969594971976	200.995366742741	217.408853632916	192.697275799193	395.414415755464	262.128211946396	198.223822200325	378.051791972816	182.001284532876	83.0219594743249	339.096930867141	149.758372354125	478.549318592458	400.439993507079	308.809221557233	189.255463999789	260.646558686908	427.550127667918	167.981617955123	319.269708172662	386.984889144079	170.830474414165	238.727479240106	141.273822369218	253.957219800239	118.707196004022	139.309526264025	210.932677089018	136.43441069441
"LGALS3"	1393.77064547149	1093.33104701104	1097.48089907929	1800.94214362449	1461.86968363835	716.950872442837	744.811623625429	1564.63165137465	895.900880933088	1180.98737352227	1087.93336080474	635.125257153845	1148.5183646219	1500.42376120413	826.763337130734	386.381436739172	996.646495441433	1946.01852855855	592.870492982622	2689.70168742474	1735.86190246081	2261.11215934588	1219.17435010963	1600.93311075992	1462.95286235448	2568.71085899772	944.351892910457	994.400650931898	2584.75094041029
"LILRA1"	118.206313753837	104.685086845178	125.742541141073	157.04749453887	155.792823472493	74.141765505981	66.9222897367742	149.658721005636	146.980629200019	83.0219594743249	126.034912048742	149.758372354125	172.917549626904	185.08897319486	107.281299828811	80.7231665599439	96.410785532424	118.829940986081	98.6966027938442	151.276810316352	182.626186476677	170.830474414165	143.466033197179	113.472949694151	176.973672334661	89.4637084994655	75.7986704441695	52.4251713903363	58.845982615661
"LILRA2"	716.152951877619	1077.2618861803	1076.79625106158	720.376857449795	223.649861698503	192.731519432798	138.16106716157	280.915179187031	209.991277999666	182.440755944829	126.034912048742	149.758372354125	172.917549626904	185.08897319486	129.488528893375	80.7231665599439	237.652586337425	118.829940986081	98.6966027938442	151.276810316352	182.626186476677	170.830474414165	426.73971574501	793.743283110584	253.957219800239	600.448809940206	147.501402680234	263.672399507696	214.375914668853
"LILRA3"	446.228834420733	1286.31800461012	1428.81249498602	837.691335870331	2045.02038403524	1881.087803535	3321.55400650532	561.781546005828	958.911529732735	1709.04854675871	840.715880821135	625.690479695535	861.388773466425	270.78516778408	620.890522759245	1316.87737767564	2445.60419120823	1386.86424124855	1200.59482468572	2525.26379461087	298.502501796129	170.830474414165	396.253183690609	975.356739096072	274.309192118725	827.564496148919	178.220939241019	497.200325465949	472.621509377681
"LILRA4"	118.206313753837	104.685086845178	125.742541141073	157.04749453887	91.2670319112439	74.141765505981	66.9222897367742	97.6247364681254	88.4359983152942	144.001588708217	126.034912048742	149.758372354125	172.917549626904	185.08897319486	107.281299828811	80.7231665599439	96.410785532424	118.829940986081	98.6966027938442	151.276810316352	182.626186476677	170.830474414165	143.466033197179	113.472949694151	176.973672334661	44.7419312612781	67.6067940279601	52.4251713903363	58.845982615661
"LILRA5"	137.71035552322	257.263600922024	320.95783626259	157.04749453887	319.525878721265	454.859731379194	444.464387286786	162.740435692365	321.951251866829	388.874858177738	183.695884311042	149.758372354125	172.917549626904	185.08897319486	175.994972369165	165.603576197725	482.969830124678	219.241241119319	172.916448094815	333.792281963031	182.626186476677	170.830474414165	162.547015612404	302.689093309147	176.973672334661	204.744720578074	71.7027322360648	52.4251713903363	148.615529095852
"LILRB2"	118.206313753837	192.934615055663	125.742541141073	157.04749453887	207.678131114036	231.285237495908	144.150612093012	97.6247364681254	258.984821066339	177.625482295318	226.043614759419	149.758372354125	363.64560686538	185.08897319486	179.267052013944	157.69270587485	268.311216136736	169.926815610095	197.639947094673	507.987529042311	259.877063356311	170.830474414165	365.766651636209	275.796004231633	176.973672334661	295.921521040246	260.163516997346	52.4251713903363	272.839398397512
"LILRB3"	118.206313753837	225.125279260555	279.525668956606	175.893193883534	347.499224002061	354.620064415107	528.552244341043	157.51751229132	293.961258400038	316.853308333761	162.459001630829	149.758372354125	172.917549626904	185.08897319486	122.837088303989	197.125972739383	275.975873586564	126.078567386231	118.583968256804	304.747134382292	182.626186476677	170.830474414165	152.360927255404	195.060000524245	176.973672334661	184.086846910141	53.2710102995938	52.4251713903363	90.1520453671926
"LITAF"	925.496333535663	924.526344473187	828.328989766821	603.140902776529	2656.09879619698	1603.53810436336	1723.85126132957	1352.00497534707	972.884417466552	1435.40816833134	974.943062153046	455.04081439801	937.90478917633	620.41823814917	869.890419661916	410.033324541235	1019.64046779092	1408.78836536048	548.407673423995	1731.89256290676	574.907235028579	170.830474414165	645.166751287715	2488.85894211665	914.334478117028	2563.55142908651	675.996499496902	821.135459486837	718.65656269376
"LTB"	600.48807386949	522.535610987705	590.172616845628	527.758105397872	774.857100926461	493.413449442304	750.80116855687	364.921264917853	328.981913732895	302.448998364965	360.27079609133	417.151946192416	669.969046029441	575.349073176221	378.488425796046	212.907351801852	314.347366228468	652.316961043089	345.83289618963	672.425421856186	580.477333716118	170.830474414165	431.761026906911	484.302549294635	711.168702276837	278.730139343908	243.779764164927	323.935134020888	324.005980281829
"LTB4R"	118.206313753837	104.685086845178	125.742541141073	157.04749453887	99.8461329109008	74.141765505981	180.188265116265	97.6247364681254	88.4359983152942	124.823516069647	126.034912048742	149.758372354125	172.917549626904	185.08897319486	107.281299828811	80.7231665599439	96.410785532424	118.829940986081	98.6966027938442	151.276810316352	182.626186476677	170.830474414165	143.466033197179	113.472949694151	176.973672334661	106.675244218894	47.6271884663333	52.4251713903363	58.845982615661
"LTBR"	118.206313753837	104.685086845178	125.742541141073	157.04749453887	91.2670319112439	74.141765505981	66.9222897367742	97.6247364681254	88.4359983152942	83.0219594743249	126.034912048742	149.758372354125	172.917549626904	185.08897319486	107.281299828811	80.7231665599439	96.410785532424	118.829940986081	98.6966027938442	151.276810316352	182.626186476677	170.830474414165	143.466033197179	141.273822369218	176.973672334661	87.7506165367589	67.6067940279601	52.4251713903363	73.0867104086509
"LTF"	118.206313753837	104.685086845178	125.742541141073	157.04749453887	91.2670319112439	74.141765505981	144.150612093012	97.6247364681254	88.4359983152942	336.03138097233	126.034912048742	149.758372354125	172.917549626904	185.08897319486	107.281299828811	80.7231665599439	96.410785532424	449.47425177985	98.6966027938442	151.276810316352	182.626186476677	170.830474414165	143.466033197179	113.472949694151	477.474967958917	820.671820251911	63.5108558198555	52.4251713903363	177.832559464527
"LY96"	325.008259666174	924.526344473187	559.114209183782	485.826424355993	471.302952789664	1110.16172580381	2216.36585264736	252.018257192466	853.893781733323	1190.57640984156	218.98565968469	149.758372354125	363.64560686538	185.08897319486	315.407021496705	410.033324541235	1326.32317656956	230.233010660531	523.733522725534	822.416379284849	182.626186476677	170.830474414165	411.46058320951	1352.03019560581	457.211482476598	529.909729122876	172.077031928862	512.272562240671	314.266970158937
"MAF"	126.717168344113	104.685086845178	125.742541141073	184.295234841364	91.2670319112439	74.141765505981	66.9222897367742	97.6247364681254	88.4359983152942	83.0219594743249	126.034912048742	149.758372354125	172.917549626904	185.08897319486	107.281299828811	80.7231665599439	96.410785532424	118.829940986081	98.6966027938442	154.831815358787	221.160311823256	170.830474414165	143.466033197179	113.472949694151	176.973672334661	75.6985107285407	110.614145213059	180.788203539575	133.99230241586
"MAFF"	118.206313753837	104.685086845178	125.742541141073	175.893193883534	91.2670319112439	74.141765505981	138.16106716157	97.6247364681254	88.4359983152942	83.0219594743249	126.034912048742	149.758372354125	172.917549626904	185.08897319486	107.281299828811	80.7231665599439	96.410785532424	118.829940986081	98.6966027938442	151.276810316352	182.626186476677	170.830474414165	143.466033197179	141.273822369218	176.973672334661	40.3080461813316	47.6271884663333	52.4251713903363	58.845982615661
"MAFG"	126.717168344113	104.685086845178	125.742541141073	157.04749453887	123.803728787602	74.141765505981	66.9222897367742	144.386985236358	88.4359983152942	96.0148961320567	126.034912048742	149.758372354125	172.917549626904	185.08897319486	107.281299828811	80.7231665599439	96.410785532424	118.829940986081	98.7952993966381	188.642182464491	182.626186476677	170.830474414165	147.339616093503	147.968726401172	176.973672334661	161.736035302593	170.02906282481	52.4251713903363	182.716776021627
"MALT1"	479.26749911493	265.324352609103	424.506818892264	469.100866187604	391.444299867325	208.153006658042	252.26357116277	346.519002093611	258.984821066339	177.625482295318	254.338452514362	360.243764697848	641.264732791375	575.349073176221	285.529179494381	80.7231665599439	367.999968377262	493.322500003714	296.435246491311	585.365617519125	519.662813619384	170.830474414165	492.734091015712	410.318186094049	365.716093879578	349.269220161238	514.183126682535	331.458146115401	421.454927493364
"MAP2K1"	225.892265583582	313.531835101307	248.467261294761	251.275991262191	303.554148136797	74.141765505981	66.9222897367742	231.028938851819	153.967073066927	168.036445976034	240.222542364903	407.642289547929	306.236980389248	355.370828534131	209.198534666182	80.7231665599439	191.664641638459	263.148904313675	212.44443751375	435.374660090462	326.170369047345	170.830474414165	370.859695814708	289.24254877039	253.957219800239	134.205639760744	163.885155512653	52.4251713903363	209.521121103061
"MAP2K4"	1063.26579221576	908.457183642453	807.581470478543	879.54449316494	722.926159768963	701.566456100345	744.811623625429	784.951693571963	1196.84858320003	840.14071890043	1568.31542807852	1820.16325759204	1387.74979453072	1585.00942195418	919.722583432399	875.281295009472	988.981837991605	909.940273100912	830.03842949623	1001.37684588909	1558.98844085815	170.830474414165	1005.84035874542	955.158554050513	1432.51339071292	1123.48601718916	1151.26821320244	1401.19376833521	1159.61893342421
"MAP2K6"	118.206313753837	104.685086845178	125.742541141073	175.893193883534	91.2670319112439	74.141765505981	66.9222897367742	115.490063241792	88.4359983152942	83.0219594743249	126.034912048742	149.758372354125	201.016651441276	203.042603594761	107.281299828811	80.7231665599439	96.410785532424	126.078567386231	98.6966027938442	151.276810316352	182.626186476677	170.830474414165	143.466033197179	113.472949694151	176.973672334661	79.1448486770446	145.453433576182	218.455689183531	219.260131225953
"MAP3K1"	446.228834420733	514.527201844049	517.682041877799	586.33682086087	351.4693398902	501.124193054926	288.301224186023	364.921264917853	272.957708800156	230.427448520989	381.507678771543	322.354896492255	669.969046029441	642.999092878943	385.139866385432	283.863015208043	306.682708778641	400.159826270626	286.565586211927	599.888191309495	519.662813619384	170.830474414165	756.926791148318	605.378186618294	568.970356555937	411.202533118854	516.231095786587	354.053394984636	445.817164296248
"MAP3K5"	253.434336688226	200.995366742741	414.133059248125	309.933230472459	291.552533440469	269.838955559018	192.200816124016	252.018257192466	160.997734932993	240.016484840273	226.043614759419	312.845239847768	334.941293627314	315.854332757028	142.791410072148	80.7231665599439	161.006011839148	224.766833375171	192.705116954981	391.882577124511	414.652756395295	170.830474414165	386.067095333609	390.12000104849	294.661164437211	318.292486670885	262.211486101398	241.077150638461	306.940645323288
"MAP3K7"	154.259239448757	104.685086845178	125.742541141073	175.893193883534	111.847747607229	74.141765505981	66.9222897367742	107.631271956108	88.4359983152942	83.0219594743249	126.034912048742	149.758372354125	172.917549626904	186.106962547431	142.791410072148	80.7231665599439	96.410785532424	131.544744671591	98.6966027938442	151.276810316352	187.922345884501	170.830474414165	157.453971433904	195.060000524245	176.973672334661	86.0173705509616	143.40546447213	52.4251713903363	160.796647497294
"MAP4K1"	545.403931660202	369.80006928059	455.565226554109	527.758105397872	443.329607508867	208.153006658042	198.223822200325	275.643443417752	88.4359983152942	192.029792264113	324.981020717682	464.550471042496	574.25918231095	631.708665514056	209.198534666182	189.255463999789	214.658613987942	465.932198606422	271.76109579285	551.479612008262	624.672870843474	170.830474414165	401.27449485251	369.978552477778	650.201272157546	244.307067905051	342.106094753672	218.455689183531	467.737292820581
"MAP4K2"	258.930930277779	265.324352609103	248.467261294761	268.080073177851	223.649861698503	277.54969917164	210.236373208076	149.658721005636	88.4359983152942	148.816862357727	324.981020717682	149.758372354125	306.236980389248	310.209119074585	182.592772308637	80.7231665599439	214.658613987942	175.392992895455	202.574777234365	372.519145404018	243.258080386934	170.830474414165	294.607499170408	336.333822893463	375.892080038821	196.138952718359	198.700630281543	52.4251713903363	258.245594708828
"MAP4K4"	1889.58702851195	988.855330339549	1635.91046024536	2697.29071870509	1054.45365318656	616.748276361503	660.690305426304	3402.31969065064	1028.86440440013	854.545028869226	1540.08360777961	1592.60541079994	1349.44855728836	2921.81453085405	2679.45774452439	1450.91819574843	1525.65247565784	2746.3381810998	2149.21722243875	1543.17474203711	3333.56709485202	4328.4171454689	2240.22210837395	1271.35092837326	3352.58924870783	1684.37247980239	2521.71674772695	1491.60097639785	2421.54160762576
"MAPK1"	1063.26579221576	643.13283103335	993.994787720185	1139.22252538496	1106.38459434405	601.326789136259	702.750964525866	871.593647187424	580.936072933168	691.323856542703	734.720519788143	616.180823051048	976.206026418689	1060.46727191995	627.541963348631	291.773885530917	544.335295116066	811.311422082465	533.603183004919	1165.89037710813	1100.1401473355	170.830474414165	853.407698473421	1035.8945577579	1046.44532451485	886.051471158031	741.55532442081	723.205239329689	891.634328592495
"MAPK14"	132.213761933666	209.003775886397	279.525668956606	209.422833967583	219.679745810364	277.54969917164	366.399536308839	149.658721005636	237.981271466457	158.405898677012	126.034912048742	149.758372354125	172.917549626904	185.08897319486	107.281299828811	80.7231665599439	176.335326738803	186.384762436667	113.649138117112	348.314855753401	182.626186476677	170.830474414165	143.466033197179	248.90291515412	176.973672334661	187.533184858645	110.614145213059	52.4251713903363	109.630065612976
"MAPK3"	385.648098621892	369.80006928059	569.487968827921	653.396101028967	627.095776262157	516.508609397417	636.665203410802	451.563218533314	349.941245333619	609.671759399705	296.686182962739	398.132632903442	564.662258306656	389.24211062879	298.832060673154	181.384955260194	444.646542875539	411.151595811839	311.289085211785	754.644368263124	442.229310553273	170.830474414165	452.133203620911	585.236738047582	721.34468843608	368.193847843373	251.971640581136	241.077150638461	453.11406614059
"MAPK8"	126.717168344113	104.685086845178	125.742541141073	157.04749453887	91.2670319112439	74.141765505981	66.9222897367742	97.6247364681254	88.4359983152942	83.0219594743249	126.034912048742	149.758372354125	191.419727436983	185.08897319486	107.281299828811	80.7231665599439	96.410785532424	118.829940986081	98.6966027938442	151.276810316352	182.626186476677	170.830474414165	143.466033197179	113.472949694151	176.973672334661	68.8259888546237	108.566176109007	52.4251713903363	141.289204260202
"MAPKAPK2"	203.846788068491	241.19444009129	310.584076618451	242.952474051631	155.792823472493	192.731519432798	168.175714108514	160.15338017596	174.97062266681	110.419206100852	233.101569834149	218.048190147606	267.935743146888	332.789973804358	149.38921001162	80.7231665599439	96.410785532424	191.850939722027	133.38845867588	280.618483136834	232.209196105095	170.830474414165	177.826148147904	181.613455985488	264.133205959482	332.05768444181	319.578434609097	339.007370795609	387.353680567588
"MAPKAPK5"	137.71035552322	104.685086845178	125.742541141073	157.04749453887	91.2670319112439	74.141765505981	66.9222897367742	97.6247364681254	88.4359983152942	83.0219594743249	190.753839385771	218.048190147606	201.016651441276	253.84952673675	107.281299828811	80.7231665599439	96.410785532424	118.829940986081	98.6966027938442	151.276810316352	187.922345884501	170.830474414165	143.466033197179	168.166911446731	223.517748158677	185.820092895939	210.988444905857	346.530382890123	197.340002701619
"MAX"	2396.39659873153	2090.24712903766	2402.05976341792	2286.76856798048	2296.64359101454	1981.29039961633	2150.31355267716	2743.35271949079	2204.75365599944	1848.27637279716	2741.07028469207	3014.63603548854	2708.49403858102	3474.5827493005	2898.57979942474	2444.4992913515	2322.96967201099	2642.1837378255	2376.51549867298	2254.32702733428	2808.42549563834	2777.95975968594	2646.58964740496	1795.99311128417	2875.11428074891	3079.69596043846	3773.35926062219	3066.05993617812	3091.47369671375
"MBP"	118.206313753837	104.685086845178	125.742541141073	157.04749453887	111.847747607229	74.141765505981	198.223822200325	97.6247364681254	88.4359983152942	83.0219594743249	126.034912048742	149.758372354125	172.917549626904	185.08897319486	107.281299828811	80.7231665599439	96.410785532424	118.829940986081	98.6966027938442	151.276810316352	182.626186476677	170.830474414165	143.466033197179	113.472949694151	176.973672334661	65.3796509061198	47.6271884663333	52.4251713903363	58.845982615661
"MCL1"	3261.31219646835	4301.03913557755	5394.35501495205	2948.56670996728	4912.81306075035	6267.68535969637	7658.18530373802	3502.04335895283	4815.47276226524	4263.05308606737	2564.43235545576	2445.85373728757	3397.57047384423	2887.94324875939	2237.83427377909	2483.93255821603	3909.89120187469	3135.50623782922	3063.24646091254	5079.49709839732	2305.29035189509	3488.61453324886	4048.6114568244	5394.73097435931	3210.39090298693	4899.9871719643	2421.34244803415	2696.93430441876	2969.66251269933
"MEF2A"	118.206313753837	104.685086845178	125.742541141073	157.04749453887	91.2670319112439	74.141765505981	66.9222897367742	97.6247364681254	88.4359983152942	83.0219594743249	126.034912048742	149.758372354125	172.917549626904	185.08897319486	107.281299828811	80.7231665599439	96.410785532424	118.829940986081	98.6966027938442	151.276810316352	182.626186476677	170.830474414165	143.466033197179	113.472949694151	176.973672334661	87.7506165367589	90.1344541725358	52.4251713903363	114.484859178768
"MEF2C"	118.206313753837	104.685086845178	125.742541141073	157.04749453887	91.2670319112439	74.141765505981	66.9222897367742	97.6247364681254	88.4359983152942	83.0219594743249	126.034912048742	149.758372354125	172.917549626904	185.08897319486	107.281299828811	80.7231665599439	96.410785532424	118.829940986081	98.6966027938442	151.276810316352	182.626186476677	170.830474414165	143.466033197179	113.472949694151	176.973672334661	68.8259888546237	100.374299692797	52.4251713903363	102.303740777327
"MEF2D"	231.388859173135	257.263600922024	227.782613277054	209.422833967583	203.708015225896	185.020775820176	144.150612093012	175.870962747328	88.4359983152942	83.0219594743249	155.401046556099	199.10375604481	172.917549626904	281.983050662369	126.162808598682	80.7231665599439	96.410785532424	148.002691498163	138.323288815573	232.209903835601	293.023716201828	170.830474414165	208.240947185706	235.456370615363	223.517748158677	173.76798708772	180.268908345072	158.19295467034	236.296043193187
"MIF"	325.008259666174	289.401922583494	279.525668956606	569.61126269248	267.594937563767	246.706724721152	150.173618169321	257.289992961745	88.4359983152942	369.655274559431	247.280497439632	265.446714997687	488.059783821938	530.187363716675	156.040650601006	80.7231665599439	298.969845936047	367.243932617482	177.851278234507	387.041719194387	530.711697901223	170.830474414165	386.067095333609	430.516371139608	589.233842038255	175.501233073518	264.25945520545	376.674856439566	582.251574990657
"MKNK1"	137.71035552322	257.263600922024	125.742541141073	157.04749453887	111.847747607229	161.88854498231	66.9222897367742	144.386985236358	167.984178799901	153.632136007238	148.34309148137	149.758372354125	172.917549626904	185.08897319486	107.281299828811	80.7231665599439	96.410785532424	137.070336927444	98.7952993966381	151.276810316352	182.626186476677	170.830474414165	193.033547666805	161.415270939929	176.973672334661	204.744720578074	143.40546447213	188.337428219783	143.731312538752
"MME"	402.137879390552	546.665523505518	496.997393860092	745.504456576014	307.569897540892	300.681930009506	498.5375973941	506.672382269571	251.954159200273	201.618828583398	395.623588921002	149.758372354125	191.419727436983	185.08897319486	169.343531779779	80.7231665599439	229.987928887597	400.159826270626	345.83289618963	237.050761765724	182.626186476677	170.830474414165	143.466033197179	403.623282062094	176.973672334661	564.332800561733	79.8946086522741	241.077150638461	255.803486430278
"MMP9"	633.526738563687	1414.92363379942	3106.15512253736	1566.39171053069	1969.13184700104	1534.14141184976	4072.35517506218	1094.71498238532	944.894423999761	3778.16333175758	671.135906659552	149.758372354125	794.383222985999	287.628264344812	707.198328471524	457.337100145362	2169.62831762167	1814.41436891646	691.715140680657	1035.26285139996	370.365906174701	170.830474414165	299.700543348908	847.529461265612	772.136132396128	999.619391273933	106.518207004954	595.130545623097	523.75866827069
"MR1"	118.206313753837	192.934615055663	207.097965259348	157.04749453887	91.860267618667	308.355602739375	366.399536308839	97.6247364681254	195.974172266692	163.221172326523	126.034912048742	149.758372354125	172.917549626904	185.08897319486	107.281299828811	197.125972739383	260.646558686908	118.829940986081	148.242297396354	151.276810316352	182.626186476677	170.830474414165	143.466033197179	174.918551953533	176.973672334661	61.933312957616	77.8466395482218	52.4251713903363	58.845982615661
"MS4A1"	506.809570219574	337.661747619121	248.467261294761	510.954023482213	391.444299867325	362.330808027729	240.251020155019	249.382389307826	174.97062266681	129.638789719158	381.507678771543	274.956371642174	191.419727436983	456.892130331511	348.610583793722	189.255463999789	161.006011839148	641.325191501877	326.093575630861	246.732477625971	591.526217997957	170.830474414165	528.313667248613	221.953089601759	853.367047997738	433.573498749493	704.691880547868	429.388366272549	362.991443764705
"MS4A2"	118.206313753837	257.263600922024	559.114209183782	879.54449316494	91.2670319112439	74.141765505981	174.198720184823	97.6247364681254	88.4359983152942	83.0219594743249	126.034912048742	149.758372354125	306.236980389248	304.563905392142	107.281299828811	80.7231665599439	490.634487574506	118.829940986081	103.779477837727	266.095909346464	204.541328853878	170.830474414165	143.466033197179	141.273822369218	176.973672334661	40.3080461813316	59.4149176117508	165.742179350548	228.999141348845
"MX1"	118.206313753837	4526.16441483811	4327.86965226403	157.04749453887	115.817863495369	8580.50066377269	3507.76527769789	139.115249467079	5445.40237826508	4935.15735899177	141.28513640664	2218.29589049548	2201.24040675049	185.08897319486	258.97705778675	3974.284020829	2376.62227415978	118.829940986081	3428.86802596234	1698.0065573959	182.626186476677	170.830474414165	3830.18442128169	2307.24548613117	233.69373431792	1949.33742137538	3068.66738007432	3314.6600989111	436.078154173356
"MX2"	528.855047734665	5876.75906277117	6046.64444712136	887.946534122769	1026.48030790576	9073.87704233224	4306.61665028576	569.689149659746	5676.35298786548	4339.84839858112	565.14054562656	3981.62584577913	4134.5450703541	575.349073176221	836.686857364899	4794.35066991147	2644.93349029652	471.398375891782	4802.37929874287	2834.85178692328	619.194085249173	1292.07629323153	4632.80514400331	2778.10149088704	772.136132396128	2040.51422183755	2654.85855308459	2583.93184748689	679.671099210884
"MYC"	209.343381658045	104.685086845178	125.742541141073	184.295234841364	251.623206979299	74.141765505981	66.9222897367742	191.63735768693	88.4359983152942	83.0219594743249	126.034912048742	149.758372354125	258.425277917409	197.397389912318	172.669252074472	80.7231665599439	183.999984188631	241.16536523125	98.7952993966381	208.005614184984	326.170369047345	170.830474414165	233.706168078205	208.506545063002	176.973672334661	123.866625915232	147.501402680234	165.742179350548	175.390451185978
"MYD88"	358.106027517248	490.397289326235	362.390003568573	435.571226103555	367.441070474668	555.062327460527	300.313775193774	388.546451143139	566.918967200194	552.09603050426	190.753839385771	417.151946192416	526.361021064297	355.370828534131	195.895653487409	252.340618666385	436.981885425712	422.083950382558	439.742713747973	691.788853576679	364.887120580401	170.830474414165	670.560239163616	457.409460217121	436.859510158112	313.133056759674	399.449229667138	293.790660471444	387.353680567588
"NCF4"	407.693576136982	361.791660136934	424.506818892264	360.188428724898	802.830446207257	524.219353010039	450.487393363096	441.019746994757	195.974172266692	436.861550753897	275.512317738551	149.758372354125	172.917549626904	185.08897319486	195.895653487409	80.7231665599439	237.652586337425	515.246624115645	207.509607374057	401.488654579599	182.626186476677	170.830474414165	193.033547666805	336.333822893463	176.973672334661	597.022626014793	137.261557159973	188.337428219783	226.557033070295
"NCR1"	118.206313753837	104.685086845178	125.742541141073	157.04749453887	99.8461329109008	74.141765505981	66.9222897367742	97.6247364681254	88.4359983152942	83.0219594743249	155.401046556099	149.758372354125	172.917549626904	185.08897319486	107.281299828811	80.7231665599439	96.410785532424	118.829940986081	98.6966027938442	151.276810316352	182.626186476677	170.830474414165	143.466033197179	113.472949694151	176.973672334661	86.0173705509616	47.6271884663333	52.4251713903363	65.789808564309
"NFATC1"	148.762645859203	209.003775886397	331.331595906728	234.550433093802	295.568282844563	215.863750270664	300.313775193774	257.289992961745	88.4359983152942	124.823516069647	141.28513640664	149.758372354125	191.419727436983	203.042603594761	107.281299828811	80.7231665599439	153.34135438932	263.148904313675	133.38845867588	198.323898324738	210.111427541417	170.830474414165	157.453971433904	134.522181862416	203.165775840191	178.927416998931	143.40546447213	316.412121926374	168.093549341636
"NFATC2"	236.885452762688	192.934615055663	227.782613277054	192.697275799193	131.789594079836	74.141765505981	66.9222897367742	104.995404071469	88.4359983152942	83.0219594743249	197.811794460501	265.446714997687	392.43637887826	349.725614851687	116.185647714603	80.7231665599439	96.410785532424	118.829940986081	128.453628536188	261.255051416341	381.41479045654	170.830474414165	198.126591845305	113.472949694151	176.973672334661	106.675244218894	223.276259530171	241.077150638461	231.441249627395
"NFATC3"	1008.12254684959	643.13283103335	931.815101125924	1097.36936809035	663.009353319231	416.306013316084	306.336781270084	653.695235390568	405.965450266358	364.840000909921	791.247177842004	985.934244393383	1244.14176956558	1331.15989521743	577.709799578148	339.077661135044	367.999968377262	701.631386552313	489.140363446292	977.172556238478	1133.28680018102	170.830474414165	772.134190667219	598.683282586339	863.543034156981	406.043103207644	630.941179207751	610.202782397819	721.098670972309
"NFE2L2"	1079.75557298442	940.595505303922	1035.3640837556	837.691335870331	694.998448004122	801.769052181679	636.665203410802	876.816570588469	1266.84567586659	748.899585438147	1109.17024348496	1374.63209983852	1693.98677491997	1173.27900108222	730.478370534376	788.544252540812	682.299129212965	608.468712819226	795.445270216988	1098.1183660864	1072.47228008429	170.830474414165	1178.50172969823	961.910194557315	883.895006475467	913.58186669988	1028.34243977084	986.877638837385	704.033336013768
"NFIL3"	363.602621106801	329.600995932042	414.133059248125	510.954023482213	395.414415755464	447.148987766572	456.476938294537	278.279311302392	286.97481453313	537.691720535465	190.753839385771	149.758372354125	277.532667151182	332.789973804358	169.343531779779	80.7231665599439	291.305188486219	164.460638324735	143.258118955265	324.110566102785	182.626186476677	170.830474414165	143.466033197179	174.918551953533	176.973672334661	192.692614769856	135.189774461687	188.337428219783	131.55019413731
"NFKB1"	413.190169726536	393.929981798404	538.429561166076	435.571226103555	319.525878721265	339.198577189863	228.238469147268	299.268629643039	230.994827599549	244.831758489784	282.57027281328	483.494905145293	535.95794506859	513.251722669346	318.732741791398	205.036843062258	252.981901237081	400.159826270626	281.630756072234	503.146671112188	475.467276492029	170.830474414165	563.893243481513	430.516371139608	396.244052357307	289.048999166329	327.770311025306	195.860440314296	253.361378151728
"NFKB2"	159.75583303831	176.865454224928	125.742541141073	157.04749453887	167.748804652866	74.141765505981	120.12551007751	126.03353478035	88.4359983152942	83.0219594743249	126.034912048742	149.758372354125	296.726515159768	203.042603594761	107.281299828811	80.7231665599439	96.410785532424	120.612390100872	108.714307977419	183.801324534368	182.626186476677	170.830474414165	203.219636023804	262.349459692876	213.341761999434	215.063580400495	145.453433576182	52.4251713903363	141.289204260202
"NFKBIA"	617.036957795027	763.730051078995	869.698285802234	770.632055702234	998.55259614092	1087.02949496594	2210.37630771592	611.66778634104	685.909602933422	2126.73202487404	565.14054562656	341.299330595051	689.076435263214	513.251722669346	507.976954689421	410.033324541235	1119.32922003144	690.699031981593	573.131172423853	1117.48179780689	392.554987831617	170.830474414165	751.833746969818	1298.24401745078	1056.6213106741	815.512390340701	567.430323387895	813.586234806628	833.170844863836
"NFKBIZ"	269.924117456886	273.332761752759	289.899428600744	234.550433093802	351.4693398902	370.041551640351	318.349332277835	262.512916362789	335.968357599803	259.236068458579	211.92770460996	149.758372354125	325.430828397834	327.144760121914	166.017811485085	212.907351801852	268.311216136736	257.623312057823	143.258118955265	435.374660090462	226.639097417556	170.830474414165	304.793587527407	443.962915678365	213.341761999434	423.234484903982	280.643208037869	339.007370795609	370.288345609047
"NLRP3"	118.206313753837	104.685086845178	125.742541141073	157.04749453887	91.2670319112439	74.141765505981	66.9222897367742	97.6247364681254	88.4359983152942	83.0219594743249	126.034912048742	149.758372354125	172.917549626904	185.08897319486	107.281299828811	80.7231665599439	96.410785532424	118.829940986081	98.6966027938442	159.67267328891	182.626186476677	170.830474414165	177.826148147904	113.472949694151	176.973672334661	101.515814307684	55.3189794036462	52.4251713903363	68.2024938515511
"NOD1"	118.206313753837	104.685086845178	125.742541141073	157.04749453887	91.2670319112439	74.141765505981	66.9222897367742	97.6247364681254	88.4359983152942	83.0219594743249	126.034912048742	149.758372354125	172.917549626904	185.08897319486	107.281299828811	80.7231665599439	96.410785532424	118.829940986081	98.6966027938442	151.276810316352	182.626186476677	170.830474414165	143.466033197179	113.472949694151	176.973672334661	58.5071290322028	77.8466395482218	158.19295467034	95.0068389329846
"NOD2"	402.137879390552	385.869230111325	496.997393860092	393.718068808946	670.995218611465	570.483814685771	906.964331657633	414.807505253065	412.951894133266	672.104272924397	374.449723696813	293.900805744971	468.952394588165	293.273478027255	305.48350126254	410.033324541235	490.634487574506	564.620464595362	469.351694586126	730.515717017665	270.92594763815	170.830474414165	599.401086697815	531.393823417708	528.266411918965	648.637079149988	354.393909377986	406.793117403314	326.448088560379
"NOTCH1"	220.336568837151	241.19444009129	125.742541141073	251.275991262191	335.497609305733	238.99598110853	252.26357116277	175.870962747328	88.4359983152942	163.221172326523	247.280497439632	149.758372354125	277.532667151182	186.106962547431	185.91849260333	80.7231665599439	96.410785532424	191.850939722027	113.649138117112	280.618483136834	226.639097417556	170.830474414165	187.940503488305	309.440733815949	176.973672334661	233.98820808263	143.40546447213	180.788203539575	170.535657620186
"NOTCH2"	550.900525249755	570.795436023332	849.013637784527	695.249258323576	647.037622734764	655.301994424613	480.502040310039	490.905987329969	559.932523333285	460.854897041977	515.734860103453	492.929682603603	966.609102414396	468.182557696398	428.320589566529	291.773885530917	475.30517267485	553.628695054149	474.286524725818	1098.1183660864	469.89717780449	170.830474414165	1285.16872538033	1029.19965372595	589.233842038255	848.202215793761	702.643911443816	617.725794492332	623.649723760775
"NR3C1"	583.939189943953	393.929981798404	610.857264863334	544.483663566261	655.023488026998	346.909320802485	432.451836279035	674.684553731215	412.951894133266	350.435690941125	522.792815178183	445.531157753523	631.667808787082	575.349073176221	361.913464972495	252.340618666385	252.981901237081	564.620464595362	350.767726329322	619.251623029988	563.85835074674	170.830474414165	533.406711427113	410.318186094049	589.233842038255	335.504022390313	378.969538626614	346.530382890123	509.164864582007
"NUP107"	118.206313753837	104.685086845178	125.742541141073	157.04749453887	91.2670319112439	74.141765505981	66.9222897367742	97.6247364681254	88.4359983152942	83.0219594743249	126.034912048742	149.758372354125	172.917549626904	185.08897319486	107.281299828811	80.7231665599439	96.410785532424	118.829940986081	98.6966027938442	151.276810316352	182.626186476677	170.830474414165	143.466033197179	113.472949694151	176.973672334661	92.9100464479693	92.1824232765881	165.742179350548	165.651441063086
"OAS1"	402.137879390552	2765.51828173248	1977.55294452566	335.060829598679	315.555762833126	2042.97634851731	786.838821580123	139.115249467079	4472.47374279938	3456.53626075404	388.565633846272	1422.0306246886	1473.86273424492	642.999092878943	182.592772308637	2389.2846454245	1755.64040454544	356.311578046763	1936.772784925	1281.99532902593	381.41479045654	170.830474414165	1899.84894461365	1096.43237641973	314.92464991953	247.753405853555	1468.77486511325	1484.07796430333	450.701380853347
"OAS2"	567.449409175292	6889.74430562853	6253.67954111014	552.885704524091	391.444299867325	12003.4406227701	5243.59562889034	309.763288813362	7433.17831239795	5002.36363518623	395.623588921002	3972.11618913464	3225.34459441584	688.160802338488	248.999896902671	6213.74646911824	3281.24467481052	306.997152537539	6156.15125096464	2249.48616940416	635.721755125313	1292.07629323153	4891.83306694082	3154.77494739678	487.65095411816	770.790613102513	2734.75316173686	3035.94167521437	662.63518724365
"OAS3"	176.304716963847	3207.70808856651	3271.82092049073	251.275991262191	307.569897540892	5882.22232083077	3189.41594542005	204.767884741893	3688.57705373261	2779.61671418013	169.579974161583	1952.84917549779	1808.89048664705	231.268672006977	225.773495489733	3288.21782823604	1908.98175893476	164.460638324735	3547.45199421914	1301.35876074642	204.541328853878	170.830474414165	2600.89571583166	1614.37965529868	243.869720477163	700.251532285183	1503.61415347638	1687.46141671214	319.121763724729
"OASL"	118.206313753837	1181.78994539521	1283.89421632093	157.04749453887	91.2670319112439	1511.04625189465	1069.15050083471	97.6247364681254	1497.84050346614	1272.18699600482	126.034912048742	815.284579095858	995.313415652462	185.08897319486	107.281299828811	1032.97400088432	958.323208192295	118.829940986081	1091.8805167083	527.275322357646	182.626186476677	170.830474414165	1071.83473401613	706.312375371241	176.973672334661	63.6665589434132	729.267509796496	971.805402062663	272.839398397512
"PDCD2"	118.206313753837	104.685086845178	125.742541141073	157.04749453887	91.2670319112439	74.141765505981	66.9222897367742	97.6247364681254	88.4359983152942	83.0219594743249	126.034912048742	149.758372354125	172.917549626904	185.08897319486	107.281299828811	80.7231665599439	96.410785532424	118.829940986081	98.6966027938442	151.276810316352	182.626186476677	170.830474414165	143.466033197179	113.472949694151	176.973672334661	48.1681151866912	61.4628867158032	173.265191445061	146.173420817302
"PDGFB"	118.206313753837	104.685086845178	125.742541141073	157.04749453887	91.2670319112439	74.141765505981	66.9222897367742	97.6247364681254	88.4359983152942	83.0219594743249	126.034912048742	149.758372354125	210.527116670756	185.08897319486	107.281299828811	80.7231665599439	96.410785532424	118.829940986081	98.6966027938442	151.276810316352	182.626186476677	170.830474414165	143.466033197179	113.472949694151	176.973672334661	40.3080461813316	73.7507013401171	165.742179350548	82.8257205315428
"PECAM1"	418.686763316089	377.860820967669	362.390003568573	502.630506271653	802.830446207257	531.930096622661	210.236373208076	611.66778634104	321.951251866829	297.633724715455	360.27079609133	350.734108053361	526.361021064297	535.832577399119	275.605659260216	189.255463999789	329.676681128124	844.167900765116	296.435246491311	503.146671112188	508.613929337545	170.830474414165	558.800199303013	686.114190325682	508.002926436646	249.466497816261	491.631652943726	391.720880628592	450.701380853347
"PLA2G4A"	118.206313753837	104.685086845178	125.742541141073	157.04749453887	91.2670319112439	74.141765505981	66.9222897367742	97.6247364681254	88.4359983152942	139.227826038443	126.034912048742	149.758372354125	172.917549626904	185.08897319486	107.281299828811	80.7231665599439	96.410785532424	118.829940986081	98.6966027938442	151.276810316352	182.626186476677	170.830474414165	143.466033197179	113.472949694151	176.973672334661	70.5390808173303	47.6271884663333	52.4251713903363	65.789808564309
"PLAUR"	118.206313753837	104.685086845178	125.742541141073	157.04749453887	167.748804652866	192.731519432798	150.173618169321	102.35953618683	88.4359983152942	801.701551663818	141.28513640664	149.758372354125	191.419727436983	185.08897319486	107.281299828811	80.7231665599439	275.975873586564	191.850939722027	148.242297396354	324.110566102785	182.626186476677	170.830474414165	143.466033197179	154.720366907974	176.973672334661	218.509918348999	67.6067940279601	52.4251713903363	112.072173891526
"PLCB1"	118.206313753837	104.685086845178	125.742541141073	157.04749453887	91.2670319112439	74.141765505981	66.9222897367742	97.6247364681254	88.4359983152942	83.0219594743249	126.034912048742	149.758372354125	172.917549626904	185.08897319486	107.281299828811	80.7231665599439	96.410785532424	118.829940986081	98.6966027938442	151.276810316352	182.626186476677	170.830474414165	213.333991364206	221.953089601759	176.973672334661	115.281012078608	83.9905468603788	52.4251713903363	82.8257205315428
"PML"	118.206313753837	337.661747619121	476.249874571815	192.697275799193	99.8461329109008	555.062327460527	198.223822200325	97.6247364681254	328.981913732895	379.244310878716	126.034912048742	246.50228089489	459.355470583872	185.08897319486	107.281299828811	496.770367009895	214.658613987942	118.829940986081	415.019214748115	212.846472115108	182.626186476677	170.830474414165	391.160139512109	208.506545063002	176.973672334661	103.22890627039	344.154063857725	384.197868534079	155.912430940194
"POU2F2"	118.206313753837	104.685086845178	125.742541141073	157.04749453887	91.2670319112439	74.141765505981	66.9222897367742	97.6247364681254	88.4359983152942	83.0219594743249	126.034912048742	149.758372354125	172.917549626904	185.08897319486	107.281299828811	80.7231665599439	96.410785532424	118.829940986081	98.6966027938442	151.276810316352	182.626186476677	170.830474414165	143.466033197179	141.273822369218	176.973672334661	110.121582167398	170.02906282481	173.265191445061	107.187957334426
"PPP1R12B"	118.206313753837	104.685086845178	125.742541141073	157.04749453887	91.2670319112439	74.141765505981	66.9222897367742	97.6247364681254	88.4359983152942	83.0219594743249	126.034912048742	149.758372354125	172.917549626904	185.08897319486	107.281299828811	80.7231665599439	96.410785532424	118.829940986081	98.6966027938442	151.276810316352	182.626186476677	170.830474414165	143.466033197179	113.472949694151	176.973672334661	72.2521727800369	75.7986704441695	52.4251713903363	73.0867104086509
"PRDM1"	347.053737181264	474.3281284955	517.682041877799	326.658788640849	307.569897540892	408.595269703461	624.652652403051	265.148784247429	405.965450266358	360.066238240147	261.396407589091	246.50228089489	478.549318592458	406.085207189522	252.325617197364	181.384955260194	383.329283276918	224.766833375171	266.776917351761	478.942381461572	436.750524958973	170.830474414165	289.514454991908	443.962915678365	396.244052357307	314.846148722381	383.065476834719	444.460603047271	523.75866827069
"PRF1"	1289.09895464246	1358.65539962014	1780.82873891045	1750.68694537205	822.772292679864	531.930096622661	270.299128246831	771.821166517	804.90023866665	787.33875267476	791.247177842004	1554.71654259435	2182.13301751672	2211.07287378579	514.628395278807	354.859040197513	390.993940726746	811.311422082465	523.733522725534	1548.01559996723	1890.72890859304	170.830474414165	899.101630046723	625.576371663853	1473.12884851372	552.280694753515	1536.38165914121	1521.7192373616	2448.31652971588
"PRKCA"	118.206313753837	104.685086845178	125.742541141073	157.04749453887	91.2670319112439	74.141765505981	66.9222897367742	97.6247364681254	88.4359983152942	83.0219594743249	126.034912048742	149.758372354125	172.917549626904	185.08897319486	107.281299828811	80.7231665599439	96.410785532424	118.829940986081	98.6966027938442	151.276810316352	182.626186476677	170.830474414165	143.466033197179	113.472949694151	176.973672334661	77.431756714338	100.374299692797	158.19295467034	82.8257205315428
"PRKCB"	947.541811050754	1125.52171121593	1294.2051046945	1072.16324521686	946.621654983422	1094.74023857856	1285.37641897422	582.819676714709	923.890874399879	1219.38502977915	720.604609638684	692.033438648413	1138.92144061761	1037.88641719018	776.931173360251	607.159297280618	1203.64045197955	904.474095815552	790.510440077295	1291.67704488617	1039.32562723877	1744.26455900583	1107.41431024903	1123.32546549724	1087.06078231566	1028.86287877849	870.625005164573	738.27747610441	1020.74241445126
"PRKCD"	556.397118839309	450.198215977687	631.604784151611	670.121659197357	922.66405910672	855.744257470033	1009.08774579595	506.672382269571	426.968999866241	624.0760693685	353.2128410166	559.347520742658	736.974596509867	394.794779824636	424.994869271836	307.514903010106	551.999952565894	537.23016319807	479.270703166908	788.530373773987	403.603872113456	170.830474414165	665.467194985116	733.205464448754	589.233842038255	516.144531351951	249.923671477084	263.672399507696	282.607831511712
"PSMB10"	242.382046352242	289.401922583494	269.214780583038	343.462870556508	235.651476394832	231.285237495908	168.175714108514	154.881644406681	244.967715333365	369.655274559431	126.034912048742	227.482967605916	315.833904393541	248.204313054307	107.281299828811	80.7231665599439	222.32327143777	213.775063833959	247.037596792992	324.110566102785	221.160311823256	170.830474414165	406.36753903101	235.456370615363	264.133205959482	163.4491272653	327.770311025306	346.530382890123	428.751829337706
"PSMB5"	137.71035552322	104.685086845178	125.742541141073	157.04749453887	91.2670319112439	74.141765505981	66.9222897367742	118.125931126432	88.4359983152942	144.001588708217	126.034912048742	149.758372354125	191.419727436983	208.687817277204	107.281299828811	80.7231665599439	96.410785532424	126.078567386231	98.6966027938442	208.005614184984	182.626186476677	170.830474414165	238.727479240106	181.613455985488	203.165775840191	111.834674130104	129.04586714953	218.455689183531	211.933806390303
"PSMB7"	490.319789450914	562.734684336253	372.763763212712	745.504456576014	339.513358709827	385.463038865595	174.198720184823	383.27471537386	370.944794933502	417.641967135591	275.512317738551	464.550471042496	708.183824496987	862.977337521033	448.221270684773	220.777860541447	406.323255626401	515.246624115645	395.279894189346	788.530373773987	829.214199697352	170.830474414165	563.893243481513	605.378186618294	751.784160077642	421.521392941275	639.13305562396	640.321043361567	1152.29260858857
"PSMB8"	1740.82438265275	4027.70637382479	4452.16615418198	2144.405014181	2743.9889479275	4024.26674813364	5075.41991478183	1396.619479913	3121.65808653241	4056.61898383446	1497.6728598752	3005.20125803023	4029.23828263131	2453.63197315766	1069.11179344402	2002.90320868533	3258.25070246104	1677.40344695951	3048.44197049347	3129.91720544533	2266.57360036204	2002.73106679446	3784.49048970839	3941.82332647541	2468.78272906853	1481.36100521012	2515.57284041479	2614.07632103634	2389.85304598722
"PSMB9"	842.870120221731	1784.72370308001	1511.67682959798	929.799691417378	2092.93557578865	2042.97634851731	1880.01442443033	1086.85619109964	1392.82275546673	1872.26971908524	720.604609638684	929.026062898816	1263.33561757416	750.165608358766	375.162705501353	528.333125134833	1318.65851911973	1112.78298236415	933.817907333957	1151.36780331776	762.920894006318	170.830474414165	1330.93438997023	1594.18147025312	1117.50025395722	1001.33248323664	960.759459337109	1303.26354817806	1203.45919047288
"PSMC2"	672.121100004314	482.336537639157	797.270582104975	846.014853080891	331.527493417593	370.041551640351	246.274026231329	522.438777209173	517.925424133521	513.656863267648	678.193861734282	900.571972151532	832.684460228358	1128.11729162267	730.478370534376	481.029349530706	536.670637666238	493.322500003714	558.326682004777	875.590178111047	1133.28680018102	170.830474414165	721.347214915418	571.790193508825	863.543034156981	483.454705898891	710.835787860025	602.653557717611	906.257555272487
"PSMD7"	336.060550002157	225.125279260555	320.95783626259	385.316027851117	227.665611102598	192.731519432798	180.188265116265	252.018257192466	300.947702266946	331.257618302556	190.753839385771	341.299330595051	622.070884782789	575.349073176221	255.651337492057	197.125972739383	206.993956538114	306.997152537539	207.509607374057	507.987529042311	414.652756395295	170.830474414165	355.580563279209	322.887278354706	375.892080038821	206.45781254078	397.401260563085	241.077150638461	545.708219786332
"PTAFR"	396.641285800998	393.929981798404	289.899428600744	368.590469682727	778.872850330555	1040.76503329021	864.937133702938	401.676978198102	454.958993333031	465.670170691488	381.507678771543	149.758372354125	220.124040675049	185.08897319486	292.180620083767	244.42974834351	574.993924915377	301.471560281686	311.289085211785	449.897233880832	182.626186476677	170.830474414165	380.97405115511	565.038553002023	386.068066198064	622.819775570845	204.8445375937	248.600162732975	233.883357905945
"PTGER4"	319.51166607662	426.068303459874	528.055801521937	410.443626977336	447.345356912962	346.909320802485	516.539693333292	409.535769483786	370.944794933502	364.840000909921	275.512317738551	379.188198800645	583.769647540429	631.708665514056	325.384182380784	268.121997728854	306.682708778641	394.693648985267	331.028405770554	566.002185798632	563.85835074674	170.830474414165	650.188062449616	410.318186094049	396.244052357307	399.150427310636	368.729693106353	271.195411602209	389.795788846138
"PTGS1"	118.206313753837	104.685086845178	125.742541141073	157.04749453887	147.761324664304	200.44226304542	180.188265116265	128.620590296755	139.994185333111	124.823516069647	204.869749535231	199.10375604481	306.236980389248	310.209119074585	132.814249188068	80.7231665599439	96.410785532424	246.690957487103	138.323288815573	396.647796649476	293.023716201828	170.830474414165	152.360927255404	113.472949694151	176.973672334661	94.6231384106759	104.470237900902	158.19295467034	207.079012824511
"PTGS2"	578.442596354399	249.202849234946	248.467261294761	234.550433093802	726.941909173058	747.793846893325	498.5375973941	530.297568494857	293.961258400038	523.28741056667	423.85540921992	149.758372354125	172.917549626904	185.08897319486	395.117027269512	165.603576197725	314.347366228468	296.005382996327	98.7952993966381	169.354389149156	182.626186476677	170.830474414165	143.466033197179	477.60764526268	325.100636078773	3895.22850480225	116.758052525216	241.077150638461	126.66597758021
"PTK2"	639.02333215324	426.068303459874	496.997393860092	418.845667935165	491.290432778226	462.570474991816	390.424638324341	538.156359780541	671.936715199606	436.861550753897	1052.6435854311	1033.33276924346	1043.21157689911	987.079494048187	657.419805350955	583.507409478555	651.640499413654	570.086641880722	602.789501563404	624.016842554953	790.588761257535	170.830474414165	716.254170736918	517.947278878951	700.992716117594	722.602343892731	819.401963969032	934.137916418707	696.736434169426
"PTPN2"	341.557143591711	409.999142629139	631.604784151611	376.913986893287	571.149085700564	508.797865784795	522.562699409601	275.643443417752	538.928973733403	403.279168146533	430.91336429465	578.291954845455	880.496162700197	575.349073176221	232.42493607912	228.688730864321	260.646558686908	378.235702158694	321.158745491169	561.161327868509	497.565045055706	170.830474414165	568.914554643414	517.947278878951	629.84929983906	268.391125498396	391.257353250928	361.602619664844	394.65058241193
"PTPN22"	457.22202159984	353.730908449856	393.448411230418	452.296784271945	187.736284641429	192.731519432798	228.238469147268	299.268629643039	202.9606161336	192.029792264113	332.038975792411	379.188198800645	373.242530869673	530.187363716675	185.91849260333	80.7231665599439	222.32327143777	509.780446830286	172.916448094815	309.587992312415	375.93600486224	170.830474414165	198.126591845305	181.613455985488	457.211482476598	233.98820808263	174.125001032915	165.742179350548	287.462625077504
"PTPN6"	308.518478897513	281.393513439838	393.448411230418	427.169185145726	966.563501456029	377.752295252973	438.474842355345	745.560112407074	293.961258400038	364.840000909921	317.923065642952	303.335583203281	507.253631830524	270.78516778408	235.750656373813	275.992506468448	360.335310927435	723.555510664244	271.76109579285	464.419807671202	370.365906174701	170.830474414165	401.27449485251	417.069826600851	355.540107720335	199.585290666863	192.556722969386	210.932677089018	163.209332784536
"PTPRC"	7685.06528239193	6399.29467375887	7206.24216152434	7011.2283461933	5032.60104013386	3885.5104339892	4300.59364420945	5875.25189012472	5928.35136506491	5347.98405247785	5708.18418414356	6067.23581836885	8470.02033337466	7947.53542001408	5143.06551379321	2775.66608216367	5236.21437844425	6627.32405370519	4234.23230476011	8306.23146244512	7032.02131028445	7235.61015904915	7761.94279406699	9504.72121228145	6684.91501193333	6083.69341014838	5438.78678691293	4384.39572113091	6370.51896301492
"PYCARD"	286.473001382423	450.198215977687	403.822170874557	443.973267061385	403.400281047698	416.306013316084	450.487393363096	275.643443417752	391.948344533384	825.736408931635	169.579974161583	246.50228089489	497.656707826231	361.016042216574	166.017811485085	189.255463999789	720.670621854869	306.997152537539	316.223915351477	807.89380549448	386.984889144079	170.830474414165	513.034534713113	867.72764631117	558.794370396694	385.385229539711	370.777662210405	512.272562240671	655.338285399308
"RAC1"	694.107474362528	506.46645015697	869.698285802234	619.866460944919	778.872850330555	485.702705829682	492.51459131779	729.793717467472	531.942529866495	499.29406427859	621.667203680421	900.571972151532	985.802950422982	862.977337521033	517.954115573501	362.729548937108	375.66462582709	877.083794418261	731.243130099592	827.257237214973	840.263083979191	1421.30954712585	975.353826691023	713.007279403196	812.751590196933	492.060473758605	661.660715768536	369.125631759358	596.845378679341
"RAF1"	137.71035552322	104.685086845178	125.742541141073	157.04749453887	239.667225798926	154.177801369688	168.175714108514	254.654125077105	160.997734932993	115.234479750363	126.034912048742	149.758372354125	172.917549626904	185.08897319486	119.511368009296	80.7231665599439	96.410785532424	197.317117007387	98.6966027938442	208.005614184984	204.541328853878	170.830474414165	143.466033197179	161.415270939929	176.973672334661	342.376544264231	167.981093720758	218.455689183531	214.375914668853
"RARRES3"	600.48807386949	852.188949463169	900.756693464079	762.230014744404	507.262163362694	362.330808027729	570.612903440605	336.024342923288	559.932523333285	931.340341382976	360.27079609133	673.089004545616	1158.02882985138	784.036890453426	348.610583793722	220.777860541447	1111.66456258161	592.010765992653	666.991641680799	788.530373773987	923.266685732841	170.830474414165	736.554614434319	652.469460741366	873.719020316224	203.011474592277	538.758755931163	873.875181905515	696.736434169426
"RELA"	118.206313753837	104.685086845178	125.742541141073	157.04749453887	111.847747607229	74.141765505981	66.9222897367742	107.631271956108	88.4359983152942	83.0219594743249	126.034912048742	149.758372354125	172.917549626904	185.08897319486	107.281299828811	80.7231665599439	96.410785532424	120.612390100872	98.6966027938442	151.276810316352	182.626186476677	170.830474414165	143.466033197179	113.472949694151	176.973672334661	79.1448486770446	92.1824232765881	52.4251713903363	99.8910554900845
"RELB"	118.206313753837	104.685086845178	125.742541141073	157.04749453887	91.2670319112439	74.141765505981	66.9222897367742	97.6247364681254	88.4359983152942	83.0219594743249	126.034912048742	149.758372354125	172.917549626904	185.08897319486	107.281299828811	80.7231665599439	96.410785532424	118.829940986081	98.6966027938442	151.276810316352	182.626186476677	170.830474414165	143.466033197179	134.522181862416	176.973672334661	49.9013611724885	61.4628867158032	52.4251713903363	70.644602130101
"REPS1"	280.976407792869	217.064527573476	269.214780583038	226.148392135972	219.679745810364	208.153006658042	144.150612093012	217.898411796856	202.9606161336	182.440755944829	197.811794460501	236.992624250403	296.726515159768	372.30646958146	199.221373782102	80.7231665599439	214.658613987942	274.081258884395	167.981617955123	304.747134382292	342.789352016723	170.830474414165	325.094031224808	208.506545063002	325.100636078773	137.631823686157	188.460784761281	158.19295467034	219.260131225953
"RHOA"	964.090694976291	828.059036945356	911.130453108217	971.652848711987	690.982698600028	778.636821343813	402.437189332092	677.320421615854	734.903146000095	705.686655531761	819.478998140922	872.192760590425	1359.04548129266	1252.21944814982	574.384079283455	394.292307062046	705.341306955214	915.465865356765	741.112790378976	1277.1544710958	1249.43705478019	1292.07629323153	1127.71475394643	861.032742279215	975.301908236319	686.486334514258	876.76891247673	888.921206094542	1205.90129875143
"RIPK1"	203.846788068491	273.332761752759	341.705355550867	217.824874925412	111.847747607229	208.153006658042	228.238469147268	149.658721005636	202.9606161336	240.016484840273	204.869749535231	218.048190147606	421.140692116326	344.080401169244	192.569933192716	220.777860541447	214.658613987942	120.612390100872	187.770286815289	241.891619695847	210.111427541417	170.830474414165	320.000987046308	282.490908263588	176.973672334661	103.22890627039	194.604692073438	248.600162732975	177.832559464527
"RIPK2"	148.762645859203	104.685086845178	238.156372921193	157.04749453887	111.847747607229	208.153006658042	264.276122170521	97.6247364681254	174.97062266681	139.227826038443	141.28513640664	149.758372354125	201.016651441276	185.08897319486	107.281299828811	80.7231665599439	176.335326738803	120.612390100872	133.38845867588	159.67267328891	182.626186476677	170.830474414165	218.427035542705	113.472949694151	176.973672334661	103.22890627039	139.309526264025	195.860440314296	119.369075735868
"RNASEL"	118.206313753837	104.685086845178	217.408853632916	157.04749453887	107.831998203135	177.310032207554	174.198720184823	97.6247364681254	88.4359983152942	129.638789719158	126.034912048742	149.758372354125	172.917549626904	185.08897319486	107.281299828811	157.69270587485	96.410785532424	118.829940986081	158.111957675738	159.67267328891	182.626186476677	170.830474414165	152.360927255404	113.472949694151	176.973672334661	60.2202209949094	63.5108558198555	52.4251713903363	75.5288186872009
"ROCK2"	247.878639941795	249.202849234946	352.016243924435	209.422833967583	163.778688764727	154.177801369688	246.274026231329	139.115249467079	223.964165733483	206.434102232909	254.338452514362	246.50228089489	306.236980389248	242.559099371864	139.465689777455	80.7231665599439	260.646558686908	131.544744671591	222.314097793134	208.005614184984	254.306964668773	170.830474414165	233.706168078205	228.704730108561	213.341761999434	151.397021457081	190.508753865333	316.412121926374	155.912430940194
"RPS6KA5"	413.190169726536	297.462674270573	476.249874571815	376.913986893287	399.430165159559	269.838955559018	372.38908124028	304.540365412317	258.984821066339	240.016484840273	268.454362663821	331.789673950564	325.430828397834	332.789973804358	265.628498376137	283.863015208043	214.658613987942	279.547436169755	306.304906770696	275.77762520671	425.701640677134	170.830474414165	314.979675884407	295.994189277192	375.892080038821	228.828778171419	268.355393413555	278.744636282418	258.245594708828
"RUNX1"	506.809570219574	538.657114361862	942.188860770062	854.416894038721	798.814696803162	585.905301911015	912.987337733942	469.916668989322	447.928331466965	508.883100597874	360.27079609133	331.789673950564	717.78074850128	315.854332757028	355.262024383108	291.773885530917	482.969830124678	465.932198606422	424.888875027499	604.729049239618	447.799409240812	170.830474414165	492.734091015712	558.286912495221	426.683523998869	442.179266609208	245.827733268979	278.744636282418	331.302882126171
"S100A8"	1900.63931884794	6793.22465555727	3758.44455470668	2747.54591695753	18736.5284156709	15064.0497737397	26878.7353721677	8033.1978773844	18260.9282021293	61718.068052436	4542.55030006077	1867.56178244212	3684.70006499971	1020.95077614285	3084.49829202807	5803.67278299373	39068.4944159114	14329.049018836	2875.52552239865	18595.8531849479	1962.59231297161	1873.49781290014	2057.30291604755	24794.3501364455	3830.06421666674	9992.68711272155	1884.63166120704	4866.52380982213	4996.52411492185
"S100A9"	12681.7643710804	39231.9925162725	26091.6401580433	18838.9463023992	62392.4703238401	89644.1043265094	137661.191118382	26449.1769770998	92739.5593013114	226325.167459443	21087.8463967154	9716.99711101124	16920.8468187407	6187.70946287735	16538.1633377101	32764.0399280999	143616.49486345	37373.9771341486	16679.9232653653	83492.621511396	8253.79049781342	10530.3321038379	12425.2344701247	114056.597810903	17098.3113526133	46969.7771277433	9185.52244918244	21982.2413401677	18936.1664378588
"S1PR1"	694.107474362528	635.124421889694	786.896822460837	787.436137617893	463.31708749743	269.838955559018	204.213367131767	393.769374544184	216.977721866574	182.440755944829	551.024635477101	492.929682603603	756.08198574364	1043.53163087262	371.890625856574	212.907351801852	482.969830124678	624.926659645798	499.010023725676	701.470569436926	1017.22785867509	170.830474414165	497.827135194212	343.085463400265	528.266411918965	357.874988020953	594.077735334809	474.605076596714	669.932089087992
"SELL"	7536.3617396896	15242.6197275487	13408.1786469549	10462.347038685	15525.2066308419	26234.8412989949	26001.785687457	7970.18110999423	16980.0654205298	15170.2705669055	7516.72215458699	5081.30157397547	7187.57732656672	5736.46254622828	6315.11371442297	10069.7306893536	18660.2593344079	9883.44268163528	9891.37353199907	13530.878660341	6219.33478046323	8269.21994449205	8000.7420063237	15646.1041956283	7030.36762033059	12676.6789837979	4181.00036670554	6689.58293233538	5963.68726220155
"SELPLG"	413.190169726536	474.3281284955	724.780007137147	653.396101028967	2152.85238223838	925.103879100878	1453.55213308274	1317.88512995146	762.893139466886	744.125822768374	360.27079609133	360.243764697848	574.25918231095	321.499546439471	391.791306974819	228.688730864321	659.305156863482	1343.01599302468	479.270703166908	812.734663424603	453.278194835112	170.830474414165	436.854071085411	713.007279403196	589.233842038255	436.999682674906	221.228290426118	286.267648376931	341.071315240371
"SERPING1"	118.206313753837	104.685086845178	125.742541141073	157.04749453887	91.2670319112439	74.141765505981	222.248924215827	97.6247364681254	88.4359983152942	254.420794809069	126.034912048742	149.758372354125	172.917549626904	185.08897319486	107.281299828811	80.7231665599439	245.317243787253	118.829940986081	306.304906770696	188.642182464491	182.626186476677	170.830474414165	187.940503488305	201.811641031047	176.973672334661	40.3080461813316	51.2230411955415	226.00491386374	58.845982615661
"SH2D1A"	258.930930277779	305.471083414229	300.273188244883	268.080073177851	151.777074068399	74.141765505981	66.9222897367742	139.115249467079	153.967073066927	83.0219594743249	169.579974161583	208.538533503119	354.1351416359	468.182557696398	107.281299828811	80.7231665599439	96.410785532424	213.775063833959	108.714307977419	227.369045905478	414.652756395295	170.830474414165	182.847459309805	221.953089601759	243.869720477163	163.4491272653	381.017507730667	452.009827727479	825.844520028186
"SHC1"	291.969594971976	200.995366742741	362.390003568573	284.80563134624	287.58241755233	215.863750270664	66.9222897367742	315.035024582641	209.991277999666	220.838412201704	254.338452514362	303.335583203281	545.554869072884	366.661255899017	149.38921001162	80.7231665599439	168.670669288976	219.241241119319	256.907257072376	362.837429543771	469.89717780449	170.830474414165	396.253183690609	208.506545063002	426.683523998869	189.246276821352	266.307424309503	210.932677089018	292.346841634604
"SIGIRR"	380.151505032338	305.471083414229	289.899428600744	326.658788640849	299.538398732702	74.141765505981	66.9222897367742	223.121335197901	88.4359983152942	115.234479750363	190.753839385771	274.956371642174	220.124040675049	366.661255899017	195.895653487409	80.7231665599439	214.658613987942	257.623312057823	163.046787815431	290.224560591922	497.565045055706	170.830474414165	167.640059790904	168.166911446731	243.869720477163	156.556451368292	235.587887748718	263.672399507696	233.883357905945
"SIGLEC1"	118.206313753837	168.804702537849	125.742541141073	157.04749453887	91.2670319112439	154.177801369688	66.9222897367742	97.6247364681254	167.984178799901	83.0219594743249	126.034912048742	149.758372354125	172.917549626904	185.08897319486	107.281299828811	80.7231665599439	96.410785532424	118.829940986081	98.6966027938442	151.276810316352	182.626186476677	170.830474414165	213.333991364206	113.472949694151	176.973672334661	40.3080461813316	96.2783614846928	52.4251713903363	58.845982615661
"SIRPA"	644.579028899671	619.055261058959	590.172616845628	628.268501902748	1178.25738197416	1117.83539853368	973.050092772697	916.208151753357	580.936072933168	489.663516979568	642.904086360634	208.538533503119	468.952394588165	236.91388568942	444.89555039008	260.211127405979	467.640515225023	548.16251776879	429.823705167192	803.052947564356	193.492444572039	170.830474414165	680.674594504017	1109.87892095849	386.068066198064	951.431122064151	251.971640581136	323.935134020888	382.469464010489
"SKI"	118.206313753837	104.685086845178	125.742541141073	157.04749453887	139.77545937207	74.141765505981	66.9222897367742	102.35953618683	88.4359983152942	83.0219594743249	126.034912048742	149.758372354125	172.917549626904	185.08897319486	107.281299828811	80.7231665599439	96.410785532424	142.536514212804	98.6966027938442	151.276810316352	182.626186476677	170.830474414165	143.466033197179	113.472949694151	176.973672334661	116.994104041315	126.997898045478	180.788203539575	141.289204260202
"SLAMF1"	132.213761933666	104.685086845178	125.742541141073	157.04749453887	103.861882314996	74.141765505981	66.9222897367742	97.6247364681254	88.4359983152942	83.0219594743249	126.034912048742	246.50228089489	172.917549626904	236.91388568942	107.281299828811	80.7231665599439	96.410785532424	131.544744671591	98.7952993966381	188.642182464491	248.736865981234	170.830474414165	143.466033197179	147.968726401172	203.165775840191	86.0173705509616	155.693279096444	188.337428219783	216.818022947403
"SLAMF6"	165.252426627863	176.865454224928	125.742541141073	209.422833967583	111.847747607229	74.141765505981	66.9222897367742	97.6247364681254	160.997734932993	96.0148961320567	126.034912048742	149.758372354125	258.425277917409	423.020848236852	107.281299828811	80.7231665599439	96.410785532424	202.84270926324	153.177127536046	217.687330045231	364.887120580401	170.830474414165	177.826148147904	154.720366907974	314.92464991953	60.2202209949094	163.885155512653	203.409664994505	302.085851757496
"SLAMF7"	528.855047734665	619.055261058959	714.406247493008	971.652848711987	287.58241755233	231.285237495908	210.236373208076	249.382389307826	412.951894133266	249.647032139295	473.324112199052	872.192760590425	1071.91589013718	1726.04721952866	258.97705778675	157.69270587485	176.335326738803	482.390145432994	345.83289618963	977.172556238478	1453.97838363406	170.830474414165	695.953727039517	686.114190325682	1056.6213106741	276.996893358111	700.595942339763	768.395737068158	1181.53906194855
"SLC2A1"	187.297904142954	104.685086845178	125.742541141073	175.893193883534	127.819478191697	74.141765505981	132.138061085261	178.506830631967	88.4359983152942	124.823516069647	247.280497439632	199.10375604481	172.917549626904	259.494740419193	278.877738904995	331.20715239545	222.32327143777	317.929507108259	296.435246491311	256.414193486217	237.687981699395	170.830474414165	203.219636023804	113.472949694151	314.92464991953	259.805511661773	344.154063857725	361.602619664844	362.991443764705
"SMAD2"	369.099214696355	337.661747619121	258.841020938899	360.188428724898	351.4693398902	238.99598110853	144.150612093012	370.144188318898	223.964165733483	196.845065913624	317.923065642952	303.335583203281	392.43637887826	479.472985061284	242.402096963199	173.474084937319	214.658613987942	389.227471699907	237.167936513608	396.647796649476	497.565045055706	170.830474414165	396.253183690609	343.085463400265	467.298981799674	278.730139343908	323.674372817201	218.455689183531	382.469464010489
"SMAD3"	154.259239448757	160.796293394193	125.742541141073	217.824874925412	95.8760170227617	74.141765505981	66.9222897367742	97.6247364681254	88.4359983152942	83.0219594743249	155.401046556099	149.758372354125	287.129591155475	231.268672006977	107.281299828811	80.7231665599439	96.410785532424	153.468868783523	98.6966027938442	222.528187975354	254.306964668773	170.830474414165	143.466033197179	113.472949694151	213.341761999434	127.312963863736	241.731795060875	241.077150638461	333.744990404721
"SMAD7"	118.206313753837	104.685086845178	125.742541141073	157.04749453887	91.2670319112439	74.141765505981	66.9222897367742	97.6247364681254	88.4359983152942	83.0219594743249	126.034912048742	149.758372354125	172.917549626904	185.08897319486	107.281299828811	80.7231665599439	96.410785532424	120.612390100872	98.6966027938442	151.276810316352	182.626186476677	170.830474414165	143.466033197179	113.472949694151	176.973672334661	55.060791083699	86.0385159644312	52.4251713903363	95.0068389329846
"SOCS1"	118.206313753837	426.068303459874	621.231024507473	157.04749453887	175.7346699451	454.859731379194	1861.97886734627	97.6247364681254	384.961900666476	816.105861632613	126.034912048742	149.758372354125	296.726515159768	185.08897319486	107.281299828811	520.422254811958	896.957743200907	118.829940986081	424.888875027499	151.276810316352	182.626186476677	170.830474414165	335.280119581808	195.060000524245	176.973672334661	41.2955933127742	104.470237900902	376.674856439566	75.5288186872009
"SOCS3"	176.304716963847	281.393513439838	279.525668956606	157.04749453887	451.315472801101	709.240128830215	900.974786726191	97.6247364681254	258.984821066339	436.861550753897	126.034912048742	149.758372354125	248.828353913115	185.08897319486	212.470614310961	236.559239603916	705.341306955214	202.84270926324	271.76109579285	304.747134382292	182.626186476677	170.830474414165	157.453971433904	753.403649494313	176.973672334661	412.915625081561	147.501402680234	361.602619664844	226.557033070295
"SRC"	118.206313753837	104.685086845178	125.742541141073	157.04749453887	91.2670319112439	74.141765505981	66.9222897367742	97.6247364681254	88.4359983152942	83.0219594743249	141.28513640664	149.758372354125	172.917549626904	185.08897319486	107.281299828811	80.7231665599439	96.410785532424	118.829940986081	98.6966027938442	151.276810316352	182.626186476677	170.830474414165	143.466033197179	113.472949694151	176.973672334661	67.0927428688264	104.470237900902	158.19295467034	58.845982615661
"STAT1"	1195.47955414943	3633.77639202639	4700.63341547674	996.780447838206	2775.93240909644	4170.7338058907	3940.21711397692	1359.86376663275	2974.67745733239	2669.19750807928	946.648224398103	3915.28288682625	4459.88943997712	789.682104135869	796.88549512841	2483.93255821603	2598.94554559755	1195.01330152652	3586.97998363808	2409.15884269307	829.214199697352	1292.07629323153	4256.9241370267	3349.83494792102	1026.09335219637	1381.55828286514	2986.724802318	3397.51808229352	1064.58267149992
"STAT2"	220.336568837151	2403.77896413897	3830.93512967451	578.01330365031	890.674964421829	3068.31989458227	3681.93053673784	448.927350648675	2099.78012599919	2424.3657495895	247.280497439632	1734.87586453636	1895.00342636125	231.268672006977	288.854899789074	2121.20300927893	1441.29303831697	317.929507108259	2351.79199967312	1146.52694538763	370.365906174701	170.830474414165	1727.11584064424	1789.29820725221	375.892080038821	664.115368883619	1249.59454379119	1521.7192373616	455.556174419139
"STAT3"	1245.06710276916	1398.85447296869	2143.21874247902	1013.58452975387	1537.75822067255	1911.93077798549	2354.52691980893	958.186788434651	1112.87860279966	1425.81913201206	1038.52767528164	1099.67572819634	1512.16397148728	879.912978568363	886.519021135382	1253.79222300905	1303.28099882731	1041.544432743	1294.45529394266	1165.89037710813	956.413338578358	170.830474414165	1269.96132586143	1473.10583292946	894.07099263471	1006.49191314785	673.94853039285	911.542667549472	694.294325890876
"STAT4"	297.46618856153	281.393513439838	372.763763212712	351.786387767068	207.678131114036	74.141765505981	126.148516153819	401.676978198102	391.948344533384	225.653685851215	268.454362663821	398.132632903442	535.95794506859	547.123004764005	365.239185267188	315.425773332981	452.311200325367	350.845400761403	286.565586211927	416.011228369969	409.082657707757	170.830474414165	243.820523418606	195.060000524245	375.892080038821	237.434546031134	383.065476834719	406.793117403314	479.918411222023
"STAT5A"	330.563956412604	337.661747619121	383.07465158628	435.571226103555	547.191489823863	238.99598110853	408.426734263533	346.519002093611	321.951251866829	268.825104777864	282.57027281328	293.900805744971	612.560419553309	377.951683263903	245.674176607978	244.42974834351	337.341338577952	383.701879444054	360.686734910104	353.155713683525	309.551386077968	170.830474414165	421.64667156651	349.780367432219	386.068066198064	332.05768444181	430.192579822156	414.342342083523	375.172562166147
"STAT5B"	749.250719728693	731.591729417525	838.639878140388	904.672092291159	1306.07686016586	778.636821343813	1339.41616793667	737.70132112139	636.916059866749	580.904650441851	685.251816809012	511.948995892577	689.076435263214	541.477791081562	471.501312747625	260.211127405979	682.299129212965	827.709953938544	419.954044887807	1180.4129508985	597.096316685495	170.830474414165	508.013223551212	1056.09274280346	619.761800515984	820.671820251911	378.969538626614	504.723337560462	596.845378679341
"STAT6"	451.725428010286	458.258967664766	424.506818892264	552.885704524091	607.108296273594	292.971186396884	228.238469147268	548.651018950865	377.975456799567	259.236068458579	452.150246974863	436.096380295213	669.969046029441	507.606508986903	282.203459199688	212.907351801852	291.305188486219	630.392836931157	340.898066049938	609.569907169742	569.428449434279	170.830474414165	711.161126558418	565.038553002023	518.090425759721	333.770776404516	434.28851803026	218.455689183531	438.520262451906
"SYK"	672.121100004314	699.401065212633	993.994787720185	887.946534122769	1525.75660597622	955.946853551366	1357.45172502073	763.962375231316	433.955443733149	705.686655531761	607.551293530962	445.531157753523	794.383222985999	597.929927905994	501.379154749949	291.773885530917	613.317212164515	789.387297970533	464.416864446434	783.689515843863	657.910836782229	170.830474414165	822.92116641902	1056.09274280346	792.399617878447	455.924310357042	338.010156545568	376.674856439566	421.454927493364
"TAGAP"	721.708648624049	1414.92363379942	1708.40103521319	879.54449316494	1310.09260956995	2081.53006658042	2276.42860768611	1081.58445533036	1042.88151013311	729.721512799578	565.14054562656	597.236388948251	880.496162700197	942.010329075238	557.809118459904	954.147828738537	1326.32317656956	920.932042642124	963.42688817211	841.779811005343	630.242969531012	170.830474414165	767.041146488719	948.463650018558	609.585814356741	1125.21926317496	979.19118127358	1333.40802172751	789.301164823861
"TAL1"	291.969594971976	184.926205912007	125.742541141073	326.658788640849	247.65309109116	161.88854498231	66.9222897367742	569.689149659746	153.967073066927	124.823516069647	487.440022348511	398.132632903442	373.242530869673	524.542150034232	657.419805350955	410.033324541235	283.640531036391	690.699031981593	464.416864446434	237.050761765724	414.652756395295	170.830474414165	203.219636023804	113.472949694151	436.859510158112	313.133056759674	444.528363550522	406.793117403314	475.034194664923
"TAP1"	2198.10550740947	5828.55158027896	7879.27911298194	3049.07710647215	2628.12545091618	7478.0496815815	11171.9401263674	1680.17052698467	5893.33070973205	7772.34980206735	1893.29644879621	3621.38208108128	5445.6923904001	2024.96591123836	1836.1194465701	4281.7989238391	7037.84272768865	1852.79643985497	5375.51047116673	4987.59643613014	2316.33923617693	4199.18389157458	5282.99320645293	6975.52263654853	2997.04914098749	3748.97075923329	3435.34910407662	5333.60587432433	2984.28573937932
"TAP2"	236.885452762688	426.068303459874	704.032487848869	217.824874925412	443.329607508867	632.169763586747	846.901576618878	149.658721005636	510.938980266612	604.897996729931	148.34309148137	274.956371642174	344.538217631607	214.333030959647	169.343531779779	354.859040197513	574.993924915377	175.392992895455	390.295715748257	328.951424032908	226.639097417556	170.830474414165	320.000987046308	477.60764526268	223.517748158677	289.048999166329	243.779764164927	361.602619664844	316.709078437487
"TAPBP"	831.876933042625	1141.59087204666	1646.2842198895	1172.75216546901	1222.20245783942	1094.74023857856	1363.44126995217	763.962375231316	832.890232133441	1291.40657962312	798.305132916733	1137.56459640194	1741.88493616662	1579.36420827174	600.989841641	654.503434468025	935.329235842811	816.777599367825	1151.1971749874	1596.42417926847	1144.33568446286	1421.30954712585	1701.72235276834	1547.1469326049	1097.2367684749	910.155682774467	1024.24650156273	843.730708356072	1154.73471686712
"TARP"	1283.60236105291	988.855330339549	1056.11160304387	938.201732375208	423.38776103626	323.777089964619	66.9222897367742	601.173127170716	783.896689066768	105.603932451341	685.251816809012	872.192760590425	1129.32451661331	1472.19769279191	567.786279343983	181.384955260194	291.305188486219	833.235546194397	405.149554468731	1025.58113553971	1315.73036047122	170.830474414165	848.314654294921	665.916005280123	1117.50025395722	399.150427310636	905.440479933463	723.205239329689	1215.64030887432
"TBK1"	214.839975247598	217.064527573476	289.899428600744	201.020793009753	147.761324664304	362.330808027729	342.374434293337	128.620590296755	195.974172266692	153.632136007238	162.459001630829	149.758372354125	229.720964679343	185.08897319486	107.281299828811	80.7231665599439	96.410785532424	175.392992895455	133.38845867588	266.095909346464	215.590213135717	170.830474414165	213.333991364206	215.258185569804	176.973672334661	228.828778171419	239.683825956822	263.672399507696	246.064476307386
"TBX21"	490.319789450914	619.055261058959	662.663191813456	653.396101028967	203.708015225896	215.863750270664	66.9222897367742	259.87704847815	279.988370666222	115.234479750363	275.512317738551	492.929682603603	669.969046029441	755.810822041209	195.895653487409	165.603576197725	168.670669288976	339.85363122019	256.907257072376	536.957038217893	646.770639407152	170.830474414165	447.040159442411	302.689093309147	355.540107720335	235.701300045336	579.718138012209	549.940047884627	686.997424046534
"TCF4"	303.02188530796	104.685086845178	207.097965259348	234.550433093802	159.762939360632	208.153006658042	66.9222897367742	120.761799011071	88.4359983152942	110.419206100852	204.869749535231	149.758372354125	172.917549626904	236.91388568942	152.714930306313	181.384955260194	96.410785532424	153.468868783523	172.916448094815	151.276810316352	243.258080386934	170.830474414165	243.820523418606	168.166911446731	294.661164437211	161.736035302593	176.172970136967	195.860440314296	114.484859178768
"TCF7"	118.206313753837	104.685086845178	125.742541141073	157.04749453887	91.2670319112439	74.141765505981	66.9222897367742	97.6247364681254	88.4359983152942	83.0219594743249	126.034912048742	149.758372354125	172.917549626904	185.08897319486	119.511368009296	80.7231665599439	96.410785532424	120.612390100872	98.6966027938442	151.276810316352	182.626186476677	170.830474414165	143.466033197179	113.472949694151	176.973672334661	61.933312957616	96.2783614846928	52.4251713903363	97.4489472115345
"TFRC"	165.252426627863	104.685086845178	125.742541141073	167.569676672974	107.831998203135	74.141765505981	66.9222897367742	144.386985236358	88.4359983152942	83.0219594743249	126.034912048742	149.758372354125	229.720964679343	298.918691709698	202.547094076796	80.7231665599439	96.410785532424	186.384762436667	113.649138117112	151.276810316352	182.626186476677	170.830474414165	143.466033197179	113.472949694151	176.973672334661	268.391125498396	383.065476834719	165.742179350548	355.665118929055
"TGFB1"	1300.15124497845	1326.51707795867	1625.53670060123	1524.53855323608	1154.29978609746	832.612026632167	660.690305426304	1105.20964155565	797.913794799742	859.318791539	1342.2718133191	1659.023248939	2631.8915640963	2098.26114462353	903.093981958933	559.855521676491	628.646527064171	1310.10009937154	1072.14119614953	1906.01217158088	1896.20769418734	1615.11672034872	1422.32225311684	1170.41673962032	1716.91008215472	1020.25711091877	1474.91877242541	1325.8587970473	1717.47884862068
"TGFB2"	118.206313753837	104.685086845178	125.742541141073	157.04749453887	91.2670319112439	74.141765505981	66.9222897367742	97.6247364681254	88.4359983152942	83.0219594743249	126.034912048742	149.758372354125	172.917549626904	185.08897319486	107.281299828811	80.7231665599439	96.410785532424	118.829940986081	98.6966027938442	151.276810316352	182.626186476677	170.830474414165	143.466033197179	113.472949694151	176.973672334661	111.834674130104	147.501402680234	233.527925958253	133.99230241586
"TGFBI"	506.809570219574	442.189806834031	476.249874571815	217.824874925412	323.54162812536	377.752295252973	132.138061085261	307.127420928723	349.941245333619	292.859962045681	551.024635477101	616.180823051048	832.684460228358	332.789973804358	232.42493607912	220.777860541447	429.317227975884	257.623312057823	331.028405770554	1267.47275523556	259.877063356311	170.830474414165	1076.92777819463	928.265464973	487.65095411816	486.901043847395	469.10399279915	482.128088691227	319.121763724729
"TGFBR1"	628.030144974133	329.600995932042	538.429561166076	510.954023482213	706.954429184495	254.417468333774	714.763515533617	866.321911418145	342.954801466711	321.668581983272	445.092291900133	360.243764697848	535.95794506859	485.118198743727	501.379154749949	173.474084937319	498.299145024333	740.013457490817	316.223915351477	595.047333379372	508.613929337545	170.830474414165	528.313667248613	585.236738047582	609.585814356741	831.010834097423	399.449229667138	263.672399507696	457.998282697689
"TGFBR2"	1239.51140602273	892.388022811718	1107.85465872343	1105.69288530091	1286.13501369325	763.215334118569	1135.2028008049	798.082220626925	713.899596400213	724.906239150068	727.662564713413	881.627538048735	1052.80850090341	1043.53163087262	670.669045879813	457.337100145362	827.975826152457	893.48232627434	706.519631099734	1233.5867497247	1022.70664426939	170.830474414165	1015.95471408583	1291.49237694398	944.862436594758	627.979205482055	694.452035027606	542.390823204419	830.728736585286
"THBS1"	1465.40367160631	643.13283103335	1087.17001070572	846.014853080891	603.0925468695	524.219353010039	462.499944370847	748.195980291713	622.943172132933	2400.37240330142	1978.11794460501	1801.21882348924	1540.86828472535	1314.2242541701	1573.81666848866	922.585070613599	743.664594204353	1041.544432743	894.289917915023	807.89380549448	1100.1401473355	1808.92389357159	828.01421059752	578.48509754078	1076.88479615641	2314.08493127025	1792.44923793045	1024.54512448134	1235.11832912011
"TIGIT"	181.801310553401	273.332761752759	320.95783626259	360.188428724898	231.681360506693	74.141765505981	66.9222897367742	110.267139840748	88.4359983152942	129.638789719158	126.034912048742	149.758372354125	210.527116670756	411.730420871965	112.913568069824	80.7231665599439	161.006011839148	202.84270926324	143.258118955265	338.633139893155	375.93600486224	170.830474414165	259.099655954106	141.273822369218	477.474967958917	120.440441989819	235.587887748718	165.742179350548	348.368217084713
"TIRAP"	126.717168344113	104.685086845178	125.742541141073	184.295234841364	119.833612899463	74.141765505981	66.9222897367742	97.6247364681254	88.4359983152942	83.0219594743249	126.034912048742	149.758372354125	201.016651441276	185.08897319486	107.281299828811	80.7231665599439	96.410785532424	148.002691498163	98.7952993966381	164.513531219033	199.062543259578	170.830474414165	162.547015612404	113.472949694151	176.973672334661	60.2202209949094	94.2303923806405	52.4251713903363	146.173420817302
"TLR1"	644.579028899671	763.730051078995	849.013637784527	502.630506271653	1425.91047306532	994.500571614476	973.050092772697	903.077624698394	846.907337866415	811.33209896284	558.082590551831	322.354896492255	574.25918231095	383.596896946347	673.994766174506	441.596082666173	820.31116870263	740.013457490817	513.814514144753	880.431036041171	298.502501796129	170.830474414165	619.773263411815	1177.16838012712	447.035496317355	832.723926060129	350.297971169882	399.270105308801	387.353680567588
"TLR2"	721.708648624049	1270.19650123596	1159.59771440298	368.590469682727	1817.35477293264	2921.85283682521	2606.7904909717	1186.57985940183	1994.76237799978	1488.21013455701	741.778474862872	341.299330595051	622.070884782789	327.144760121914	896.442541369547	1088.18864681132	1272.622369028	783.86170571468	1022.74354645121	1373.89599129311	243.258080386934	1421.30954712585	863.593786830421	1829.63784086849	792.399617878447	1555.32626995286	475.247900111307	632.798031267054	370.288345609047
"TLR4"	793.282571601997	2146.51536321695	2163.9662617673	594.7388618187	1597.67502712228	3291.89438846556	4294.60409927801	580.18380883007	1938.7823910662	1713.86382040823	953.706179472833	729.997186040183	1129.32451661331	293.273478027255	763.681932831393	1127.62191367586	2154.29900272201	597.476943278013	1650.20719871308	2002.75369177819	375.93600486224	170.830474414165	1828.76152516444	3881.28550781358	761.960146236885	1011.65134305906	516.231095786587	798.540210617602	533.52710138489
"TLR5"	363.602621106801	393.929981798404	403.822170874557	293.20767230407	770.886985038322	878.876488307899	1069.15050083471	270.420520016707	398.934788400292	264.05134210809	367.328751166059	199.10375604481	287.129591155475	208.687817277204	275.605659260216	331.20715239545	345.005996027779	191.850939722027	237.167936513608	295.065418522045	182.626186476677	170.830474414165	143.466033197179	369.978552477778	223.517748158677	283.889569255118	112.662114317111	241.077150638461	136.43441069441
"TLR6"	545.403931660202	667.262743551163	869.698285802234	578.01330365031	1254.14591900836	1117.83539853368	1880.01442443033	622.162445511363	580.936072933168	801.701551663818	459.208202049592	350.734108053361	468.952394588165	242.559099371864	424.994869271836	236.559239603916	659.305156863482	465.932198606422	335.963235910246	759.485226193247	243.258080386934	170.830474414165	314.979675884407	1271.35092837326	426.683523998869	944.558600190234	272.45133162166	482.128088691227	501.838539746357
"TLR8"	473.770905525377	289.401922583494	517.682041877799	276.403590388411	946.621654983422	647.591250811991	840.912031687437	469.916668989322	405.965450266358	369.655274559431	367.328751166059	265.446714997687	354.1351416359	185.08897319486	348.610583793722	205.036843062258	506.012007866927	586.544588707294	340.898066049938	706.311427367049	265.355848950612	170.830474414165	538.428022589014	746.652008987511	274.309192118725	662.402276920913	276.547269829764	391.720880628592	314.266970158937
"TMEM173"	118.206313753837	160.796293394193	125.742541141073	157.04749453887	139.77545937207	74.141765505981	234.261475223578	133.892326066034	88.4359983152942	216.023138552193	176.637929236312	149.758372354125	239.231429908822	185.08897319486	107.281299828811	80.7231665599439	260.646558686908	131.544744671591	123.518798396496	251.573335556094	182.626186476677	170.830474414165	162.547015612404	309.440733815949	176.973672334661	87.7506165367589	108.566176109007	233.527925958253	129.10808585876
"TNF"	118.206313753837	104.685086845178	125.742541141073	157.04749453887	91.2670319112439	74.141765505981	66.9222897367742	97.6247364681254	88.4359983152942	83.0219594743249	126.034912048742	149.758372354125	172.917549626904	185.08897319486	107.281299828811	80.7231665599439	96.410785532424	118.829940986081	98.6966027938442	151.276810316352	182.626186476677	170.830474414165	143.466033197179	113.472949694151	176.973672334661	49.9013611724885	88.0864850684835	150.669942575826	73.0867104086509
"TNFAIP3"	363.602621106801	538.657114361862	724.780007137147	653.396101028967	319.525878721265	701.566456100345	630.67565847936	249.382389307826	510.938980266612	316.853308333761	240.222542364903	417.151946192416	583.769647540429	332.789973804358	205.872814371489	346.948169874639	413.987913076229	246.690957487103	395.279894189346	541.797896148016	331.740467734884	170.830474414165	360.673607457709	591.931642079537	416.507537839626	309.686718811171	280.643208037869	444.460603047271	591.990585113549
"TNFRSF13C"	118.206313753837	104.685086845178	125.742541141073	157.04749453887	91.2670319112439	74.141765505981	66.9222897367742	97.6247364681254	88.4359983152942	83.0219594743249	126.034912048742	149.758372354125	172.917549626904	185.08897319486	107.281299828811	80.7231665599439	96.410785532424	118.829940986081	98.6966027938442	151.276810316352	182.626186476677	170.830474414165	143.466033197179	113.472949694151	176.973672334661	51.6144531351951	55.3189794036462	150.669942575826	58.845982615661
"TNFRSF14"	121.220574754559	184.926205912007	125.742541141073	157.04749453887	167.748804652866	74.141765505981	150.173618169321	112.903007725387	88.4359983152942	115.234479750363	126.034912048742	149.758372354125	201.016651441276	185.08897319486	107.281299828811	80.7231665599439	96.410785532424	131.544744671591	143.258118955265	178.960466604245	182.626186476677	170.830474414165	223.520079721205	242.151274647318	176.973672334661	79.1448486770446	126.997898045478	52.4251713903363	143.731312538752
"TNFRSF17"	118.206313753837	104.685086845178	125.742541141073	326.658788640849	91.2670319112439	74.141765505981	66.9222897367742	97.6247364681254	88.4359983152942	83.0219594743249	126.034912048742	149.758372354125	172.917549626904	468.182557696398	107.281299828811	80.7231665599439	96.410785532424	118.829940986081	98.6966027938442	151.276810316352	353.838236298562	170.830474414165	143.466033197179	113.472949694151	558.794370396694	40.3080461813316	47.6271884663333	52.4251713903363	238.738151471737
"TNFRSF1B"	484.823195861361	763.730051078995	538.429561166076	351.786387767068	643.067506846625	832.612026632167	486.525046386349	330.801419522243	671.936715199606	513.656863267648	374.449723696813	369.753421342335	622.070884782789	383.596896946347	255.651337492057	536.203633874428	360.335310927435	433.075719923771	553.342503563688	1112.64093987677	486.516160773868	170.830474414165	909.287718403722	901.372375895486	477.474967958917	411.202533118854	399.449229667138	346.530382890123	457.998282697689
"TNFSF10"	118.206313753837	104.685086845178	125.742541141073	157.04749453887	91.2670319112439	74.141765505981	120.12551007751	97.6247364681254	88.4359983152942	148.816862357727	126.034912048742	149.758372354125	172.917549626904	185.08897319486	107.281299828811	157.69270587485	275.975873586564	118.829940986081	108.714307977419	151.276810316352	182.626186476677	170.830474414165	162.547015612404	113.472949694151	176.973672334661	55.060791083699	83.9905468603788	241.077150638461	80.3836122529929
"TNFSF12"	253.434336688226	241.19444009129	279.525668956606	326.658788640849	143.791208776165	192.731519432798	180.188265116265	131.256458181395	88.4359983152942	201.618828583398	197.811794460501	227.482967605916	306.236980389248	265.139954101636	159.366370895699	80.7231665599439	222.32327143777	131.544744671591	167.981617955123	290.224560591922	187.922345884501	170.830474414165	320.000987046308	255.597819186074	243.869720477163	182.373754947435	190.508753865333	248.600162732975	241.180259750286
"TNFSF13"	286.473001382423	321.592586788386	445.19146690997	217.824874925412	343.483474597967	285.260442784262	222.248924215827	215.262543912217	293.961258400038	590.493686761136	148.34309148137	218.048190147606	459.355470583872	185.08897319486	132.814249188068	80.7231665599439	352.670653477607	279.547436169755	212.44443751375	551.479612008262	182.626186476677	170.830474414165	553.707155124514	598.683282586339	243.869720477163	192.692614769856	172.077031928862	52.4251713903363	175.390451185978
"TNFSF13B"	280.976407792869	3087.11086852087	2350.31670773837	385.316027851117	575.164835104659	3792.98151063773	2336.49136272487	238.887730137503	2876.69037119905	2117.10147757502	275.512317738551	976.424587748896	1158.02882985138	259.494740419193	248.999896902671	1214.35895614452	1701.93959700388	230.233010660531	1724.32834741125	1673.80226774528	243.258080386934	170.830474414165	1854.15501304035	2515.75203119417	416.507537839626	655.509601023905	954.615552024952	1069.73562221981	482.360519500573
"TNFSF14"	118.206313753837	104.685086845178	125.742541141073	157.04749453887	91.2670319112439	74.141765505981	120.12551007751	97.6247364681254	88.4359983152942	83.0219594743249	126.034912048742	149.758372354125	172.917549626904	185.08897319486	107.281299828811	80.7231665599439	96.410785532424	118.829940986081	98.6966027938442	164.513531219033	182.626186476677	170.830474414165	143.466033197179	113.472949694151	176.973672334661	60.2202209949094	49.1750720914892	52.4251713903363	102.303740777327
"TNFSF8"	187.297904142954	160.796293394193	125.742541141073	157.04749453887	299.538398732702	346.909320802485	246.274026231329	246.795333791421	195.974172266692	153.632136007238	126.034912048742	149.758372354125	172.917549626904	185.08897319486	119.511368009296	80.7231665599439	191.664641638459	197.317117007387	182.7861083742	208.005614184984	182.626186476677	170.830474414165	238.727479240106	269.044363724831	213.341761999434	203.011474592277	170.02906282481	150.669942575826	163.209332784536
"TOLLIP"	118.206313753837	104.685086845178	125.742541141073	157.04749453887	107.831998203135	177.310032207554	198.223822200325	99.7724806704242	88.4359983152942	206.434102232909	126.034912048742	149.758372354125	172.917549626904	185.08897319486	107.281299828811	80.7231665599439	329.676681128124	148.002691498163	98.6966027938442	169.354389149156	182.626186476677	170.830474414165	143.466033197179	161.415270939929	176.973672334661	84.304278588255	73.7507013401171	226.00491386374	63.347700285759
"TP53"	143.206949112773	104.685086845178	125.742541141073	157.04749453887	91.860267618667	74.141765505981	66.9222897367742	97.6247364681254	88.4359983152942	83.0219594743249	126.034912048742	149.758372354125	191.419727436983	185.08897319486	107.281299828811	80.7231665599439	96.410785532424	118.829940986081	98.6966027938442	151.276810316352	182.626186476677	170.830474414165	143.466033197179	113.472949694151	176.973672334661	68.8259888546237	106.518207004954	52.4251713903363	65.789808564309
"TRADD"	118.206313753837	104.685086845178	125.742541141073	157.04749453887	99.8461329109008	74.141765505981	66.9222897367742	97.6247364681254	88.4359983152942	83.0219594743249	126.034912048742	149.758372354125	172.917549626904	185.08897319486	107.281299828811	80.7231665599439	96.410785532424	118.829940986081	98.6966027938442	151.276810316352	182.626186476677	170.830474414165	143.466033197179	113.472949694151	176.973672334661	49.9013611724885	88.0864850684835	52.4251713903363	114.484859178768
"TRAF1"	143.206949112773	104.685086845178	125.742541141073	157.04749453887	91.2670319112439	74.141765505981	66.9222897367742	97.6247364681254	88.4359983152942	83.0219594743249	126.034912048742	149.758372354125	172.917549626904	185.08897319486	107.281299828811	80.7231665599439	96.410785532424	118.829940986081	98.6966027938442	151.276810316352	182.626186476677	170.830474414165	143.466033197179	154.720366907974	176.973672334661	92.9100464479693	106.518207004954	248.600162732975	170.535657620186
"TRAF2"	118.206313753837	104.685086845178	125.742541141073	157.04749453887	111.847747607229	74.141765505981	66.9222897367742	97.6247364681254	88.4359983152942	83.0219594743249	126.034912048742	149.758372354125	172.917549626904	185.08897319486	107.281299828811	80.7231665599439	96.410785532424	118.829940986081	98.6966027938442	151.276810316352	182.626186476677	170.830474414165	143.466033197179	113.472949694151	176.973672334661	49.9013611724885	79.8946086522741	188.337428219783	73.0867104086509
"TRAF3"	121.220574754559	104.685086845178	125.742541141073	175.893193883534	151.777074068399	74.141765505981	66.9222897367742	154.881644406681	88.4359983152942	83.0219594743249	183.695884311042	149.758372354125	248.828353913115	208.687817277204	129.488528893375	80.7231665599439	96.410785532424	202.84270926324	108.714307977419	208.005614184984	265.355848950612	170.830474414165	147.339616093503	141.273822369218	176.973672334661	116.994104041315	118.806021629268	52.4251713903363	129.10808585876
"TRAF4"	137.71035552322	160.796293394193	125.742541141073	157.04749453887	91.2670319112439	74.141765505981	66.9222897367742	97.6247364681254	88.4359983152942	83.0219594743249	126.034912048742	149.758372354125	172.917549626904	185.08897319486	107.281299828811	80.7231665599439	96.410785532424	118.829940986081	98.6966027938442	151.276810316352	182.626186476677	170.830474414165	143.466033197179	113.472949694151	176.973672334661	53.3275450979017	73.7507013401171	226.00491386374	92.5647306544347
"TRAF5"	148.762645859203	104.685086845178	248.467261294761	217.824874925412	191.706400529568	74.141765505981	66.9222897367742	141.751117351718	88.4359983152942	83.0219594743249	162.459001630829	149.758372354125	277.532667151182	248.204313054307	136.139969482761	80.7231665599439	96.410785532424	285.073028425607	98.6966027938442	222.528187975354	243.258080386934	170.830474414165	152.360927255404	113.472949694151	213.341761999434	63.6665589434132	131.093836253582	52.4251713903363	138.847095981652
"TRAF6"	118.206313753837	104.685086845178	125.742541141073	157.04749453887	91.2670319112439	74.141765505981	66.9222897367742	104.995404071469	88.4359983152942	83.0219594743249	126.034912048742	149.758372354125	172.917549626904	185.08897319486	107.281299828811	80.7231665599439	96.410785532424	118.829940986081	98.6966027938442	151.276810316352	182.626186476677	170.830474414165	143.466033197179	113.472949694151	176.973672334661	58.5071290322028	104.470237900902	52.4251713903363	153.470322661644
"TYK2"	374.595808285908	353.730908449856	424.506818892264	460.698825229774	447.345356912962	262.128211946396	486.525046386349	441.019746994757	279.988370666222	254.420794809069	289.62822788801	227.482967605916	459.355470583872	456.892130331511	255.651337492057	173.474084937319	283.640531036391	400.159826270626	217.379267653442	469.260665601325	414.652756395295	170.830474414165	375.88100697661	504.500734340194	406.42003851655	373.353277754584	305.218837286497	256.123174827488	401.97690724758
"TYROBP"	4071.14365199588	3601.63807036492	3903.36283337177	4648.99845708689	5759.54294930691	4078.24195342199	3489.72972061383	3824.93717482115	3674.60416599879	5439.22518594013	3108.46205331415	2749.18932049085	4105.84075711603	2656.67457675242	2788.99195164961	2010.77371742492	3219.9274152119	3941.29206765583	2559.30160704717	5248.85148754648	3024.01570877406	5749.72669259475	5841.79340575594	7056.20190378107	4846.07006954003	4008.77627089506	1714.60259838223	1792.9408615495	2657.83765081894
"UBE2L3"	1239.51140602273	1117.46095952885	952.562620414201	913.074133248988	714.940294476729	747.793846893325	864.937133702938	908.349360467673	1126.85149053348	940.929377702261	1243.39742481687	1611.62472408892	1292.03993081223	1398.90245940675	939.623264550643	922.585070613599	1027.30512524074	926.398219927484	785.575609937603	909.47618362191	1205.15020455959	1485.8834664544	1320.74830161323	995.554924141631	1046.44532451485	1008.22515913365	1050.89391350964	1536.79147413632	1106.01024326135
"USP9Y"	1140.39541194014	554.726275192597	724.780007137147	1013.58452975387	786.858715622789	377.752295252973	414.449740339843	1107.84550944029	587.922516800076	384.059584528227	925.474359173914	853.173447301451	1215.43745632751	1680.88551006912	1125.54175715397	417.94419486411	651.640499413654	1101.79121282294	765.836289378834	1132.00437159726	1359.92589759858	170.830474414165	1010.86166990733	665.916005280123	985.477894395562	1168.22794845044	1560.95728838984	1062.1863975396	1556.7116241147
"XBP1"	358.106027517248	377.860820967669	455.565226554109	1390.49851664715	391.444299867325	408.595269703461	414.449740339843	322.893815868325	391.948344533384	523.28741056667	339.096930867141	312.845239847768	708.183824496987	1906.50896839365	229.099215784426	252.340618666385	452.311200325367	537.23016319807	326.093575630861	919.157899482157	1459.45716922836	170.830474414165	467.340603139812	544.840367956464	1534.09627863301	256.359173713269	401.49719877119	474.605076596714	967.163147279696
"XCL1"	148.762645859203	104.685086845178	125.742541141073	157.04749453887	91.2670319112439	74.141765505981	66.9222897367742	97.6247364681254	88.4359983152942	83.0219594743249	126.034912048742	149.758372354125	172.917549626904	186.106962547431	107.281299828811	80.7231665599439	96.410785532424	131.544744671591	98.6966027938442	151.276810316352	182.626186476677	170.830474414165	143.466033197179	113.472949694151	176.973672334661	40.3080461813316	69.6547631320125	52.4251713903363	95.0068389329846
"ZAP70"	269.924117456886	184.926205912007	258.841020938899	368.590469682727	347.499224002061	74.141765505981	66.9222897367742	273.007575533113	230.994827599549	110.419206100852	155.401046556099	398.132632903442	488.059783821938	293.273478027255	119.511368009296	80.7231665599439	96.410785532424	296.005382996327	163.046787815431	362.837429543771	348.268137611023	170.830474414165	259.099655954106	141.273822369218	325.100636078773	51.6144531351951	88.0864850684835	52.4251713903363	180.274667743077
"ZEB1"	118.206313753837	104.685086845178	125.742541141073	157.04749453887	111.847747607229	74.141765505981	66.9222897367742	104.995404071469	88.4359983152942	83.0219594743249	126.034912048742	149.758372354125	172.917549626904	185.08897319486	107.281299828811	80.7231665599439	96.410785532424	118.829940986081	98.6966027938442	151.276810316352	182.626186476677	170.830474414165	143.466033197179	113.472949694151	176.973672334661	63.6665589434132	63.5108558198555	52.4251713903363	85.2678288100928
"ABCF1"	236.885452762688	233.133688404211	414.133059248125	242.952474051631	187.736284641429	74.141765505981	138.16106716157	186.414434285886	174.97062266681	120.008242420137	233.101569834149	199.10375604481	421.140692116326	321.499546439471	162.692091190392	157.69270587485	199.329299088287	257.623312057823	242.1027666533	299.906276452169	304.072600483667	170.830474414165	309.886631705907	161.415270939929	223.517748158677	118.707196004022	174.125001032915	218.455689183531	219.260131225953
"ALAS1"	118.206313753837	104.685086845178	125.742541141073	157.04749453887	95.8760170227617	74.141765505981	198.223822200325	107.631271956108	88.4359983152942	129.638789719158	126.034912048742	149.758372354125	277.532667151182	185.08897319486	107.281299828811	80.7231665599439	96.410785532424	158.994461039376	98.6966027938442	232.209903835601	182.626186476677	170.830474414165	143.466033197179	134.522181862416	213.341761999434	156.556451368292	114.710083421164	271.195411602209	141.289204260202
"DDX50"	31820.075805709	19857.1906982275	21929.373432462	31981.7799778736	10660.3543953609	12227.0151166534	11508.2915545844	13417.5437801792	17344.0237715963	8420.46072870366	29099.1295461817	26193.2634790397	21170.2091420471	23295.5757997648	38209.3613876793	34703.8579821186	20461.8876836523	10338.3831107005	27129.5741310677	13109.9509356357	26502.8948076818	31914.036738631	22046.4253214105	12329.9139772916	28974.6605556478	24797.6309348937	28367.7536215059	28717.0409828273	26288.4717748334
"ERCC3"	176.304716963847	168.804702537849	269.214780583038	157.04749453887	135.805343483931	74.141765505981	66.9222897367742	99.7724806704242	88.4359983152942	105.603932451341	162.459001630829	149.758372354125	229.720964679343	276.430381466523	119.511368009296	80.7231665599439	96.410785532424	148.002691498163	138.323288815573	222.528187975354	304.072600483667	170.830474414165	203.219636023804	255.597819186074	284.485178277968	125.599871901029	184.364846553176	226.00491386374	238.738151471737
"G6PD"	170.808123374294	104.685086845178	125.742541141073	192.697275799193	227.665611102598	185.020775820176	210.236373208076	165.376303577005	88.4359983152942	225.653685851215	126.034912048742	149.758372354125	172.917549626904	185.08897319486	122.837088303989	80.7231665599439	252.981901237081	118.829940986081	98.6966027938442	188.642182464491	182.626186476677	170.830474414165	143.466033197179	188.36509649229	176.973672334661	206.45781254078	122.901959837373	195.860440314296	138.847095981652
"GUSB"	143.206949112773	104.685086845178	125.742541141073	201.020793009753	91.2670319112439	74.141765505981	66.9222897367742	97.6247364681254	88.4359983152942	139.227826038443	176.637929236312	246.50228089489	248.828353913115	344.080401169244	175.994972369165	80.7231665599439	168.670669288976	118.829940986081	98.6966027938442	151.276810316352	193.492444572039	170.830474414165	167.640059790904	242.151274647318	375.892080038821	82.5911866255484	116.758052525216	52.4251713903363	221.702239504503
"HDAC3"	369.099214696355	361.791660136934	300.273188244883	485.826424355993	379.442685170997	277.54969917164	162.186169177072	275.643443417752	195.974172266692	216.023138552193	268.454362663821	331.789673950564	497.656707826231	383.596896946347	179.267052013944	80.7231665599439	183.999984188631	378.235702158694	197.639947094673	527.275322357646	525.232912306923	170.830474414165	477.526691496811	262.349459692876	518.090425759721	160.002789316796	270.403362517607	263.672399507696	353.252433641813
"HPRT1"	291.969594971976	241.19444009129	434.880578536402	494.228465313823	163.778688764727	177.310032207554	174.198720184823	162.740435692365	230.994827599549	254.420794809069	303.807155493493	436.096380295213	363.64560686538	513.251722669346	215.796334605654	189.255463999789	214.658613987942	274.081258884395	281.630756072234	406.329512509722	652.34073809469	170.830474414165	386.067095333609	329.582182386661	467.298981799674	161.736035302593	215.084383113961	203.409664994505	341.071315240371
"OAZ1"	84998.6731341281	50985.5106418148	52597.4133753347	86563.4796573632	71830.6222613616	41067.6058352387	32194.4063071046	109758.173277171	41911.2787955901	39706.7465138664	96439.0789141765	83708.565415131	59577.1854660033	122400.633596573	106672.853936832	65953.8541982202	52998.5031743492	102940.120107363	77683.1584413082	50471.0116946807	113220.382689521	116609.052665583	68978.8991593034	47375.5805985312	109173.288726529	102306.355863415	140912.895563744	95236.32651267	129208.388836129
"POLR2A"	385.648098621892	434.129055146952	445.19146690997	427.169185145726	431.373626328494	385.463038865595	342.374434293337	498.813590983887	314.96480799992	240.016484840273	388.565633846272	568.782298200968	679.479511258921	575.349073176221	332.035622970171	244.42974834351	322.012023678296	504.314269544926	365.621565049796	512.752748567276	486.516160773868	170.830474414165	508.013223551212	443.962915678365	487.65095411816	595.289380028996	546.950632347372	429.388366272549	518.903874704898
"PPBP"	23611.652069172	13699.0381220165	11937.9339846629	14901.9226618043	18009.5865064979	19057.4735474229	10445.164059826	25097.1720017528	27667.8653429272	12006.5942681971	72970.4330288603	71564.6590009349	45116.0043319305	55413.0473289162	57845.3258985962	37905.338767886	18123.5886967417	68888.0339734801	76462.7749477624	51694.9167285452	59374.3299901784	46578.978814715	29468.0666847338	16567.6747565693	31727.9284629943	72066.7557676027	69028.6322988398	60002.9415763667	46839.8133205355
"PPIA"	4583.50891896189	4815.5663374216	4814.55615775056	7388.14233308659	3119.41588369441	3122.29509987063	2252.40350567061	3349.79758243079	3408.63290106554	3730.17663918142	3058.99335033502	3441.22275913927	5426.58500116633	8601.9174847445	3250.51610351315	1379.96253234224	2667.927462646	3508.27576270255	2559.30160704717	5984.13242408911	8071.34693752322	3294.80736002599	4825.83869167012	5246.76224795814	6877.90480161428	5713.7864703423	6528.59211339957	6448.53199428262	13099.1745762287
"SDHA"	325.008259666174	104.685086845178	125.742541141073	351.786387767068	247.65309109116	74.141765505981	120.12551007751	241.523598022142	216.977721866574	144.001588708217	162.459001630829	199.10375604481	306.236980389248	327.144760121914	172.669252074472	80.7231665599439	183.999984188631	263.148904313675	177.851278234507	382.200861264264	326.170369047345	170.830474414165	375.88100697661	188.36509649229	375.892080038821	173.76798708772	262.211486101398	256.123174827488	360.549335486155
"TBP"	118.206313753837	104.685086845178	238.156372921193	293.20767230407	91.2670319112439	74.141765505981	66.9222897367742	97.6247364681254	88.4359983152942	105.603932451341	126.034912048742	236.992624250403	239.231429908822	231.268672006977	107.281299828811	80.7231665599439	96.410785532424	118.829940986081	98.6966027938442	188.642182464491	215.590213135717	170.830474414165	177.826148147904	134.522181862416	243.869720477163	84.304278588255	67.6067940279601	52.4251713903363	109.630065612976
"TRIM39"	118.206313753837	104.685086845178	125.742541141073	157.04749453887	91.2670319112439	74.141765505981	66.9222897367742	97.6247364681254	88.4359983152942	83.0219594743249	126.034912048742	149.758372354125	172.917549626904	185.08897319486	107.281299828811	80.7231665599439	96.410785532424	118.829940986081	98.6966027938442	151.276810316352	182.626186476677	170.830474414165	143.466033197179	113.472949694151	176.973672334661	77.431756714338	114.710083421164	52.4251713903363	116.926967457318
"TUBB"	1052.21350187978	803.929124427543	1035.3640837556	1373.77295847876	655.023488026998	400.884526090839	408.426734263533	443.655614879396	531.942529866495	576.08937679234	713.546654563954	1042.76754670177	1416.45410776879	1579.36420827174	484.750553276484	236.559239603916	367.999968377262	696.165209266953	568.196342284161	1054.62628312045	1365.49599628611	170.830474414165	1021.04775826433	665.916005280123	1036.26933835561	393.990997399426	678.068282195188	730.728251424202	1196.16228862854
"UBB"	347470.473540403	213790.292112219	209447.464640569	309933.073424965	270598.991919126	123542.016082906	93796.2736263706	352612.884581056	179522.777244091	77848.4875806621	337151.708034581	281120.351369084	197537.809719108	250041.413657752	376270.116718836	384549.50519726	195902.08848418	291015.892019233	295989.483284793	127471.513252945	263032.752545535	347049.112821826	234916.37580124	120843.755350959	275198.750282715	218927.308167206	255936.72308893	265007.35407198	237526.806919593
