"Gene","lfc","padj","Significant","Regulation","Timepoint"
"OASL",3.07206114250957,5.07829700300082e-08,TRUE,"Up","4 DPI"
"GBP1",4.10625394833341,5.07829700300082e-08,TRUE,"Up","4 DPI"
"OAS3",3.44123180399803,1.37966000056514e-07,TRUE,"Up","4 DPI"
"OAS1",2.61217671208084,2.78111817274808e-07,TRUE,"Up","4 DPI"
"OAS2",3.00330344942018,9.70864020853013e-07,TRUE,"Up","4 DPI"
"CXCL10",4.58270762052856,1.05029589607352e-06,TRUE,"Up","4 DPI"
"ISG20",1.923124126479,4.638769411223e-06,TRUE,"Up","4 DPI"
"STAT2",2.68255181381827,4.67977421197255e-06,TRUE,"Up","4 DPI"
"DDX58",2.83941049882818,6.50100638480844e-06,TRUE,"Up","4 DPI"
"MX1",3.86282000646798,6.50100638480844e-06,TRUE,"Up","4 DPI"
"STAT1",1.60876410464119,8.47347125426456e-06,TRUE,"Up","4 DPI"
"IFIT1",3.6279066419884,9.67888640855446e-06,TRUE,"Up","4 DPI"
"IFIH1",2.51829899657458,1.46298447291488e-05,TRUE,"Up","4 DPI"
"EIF2AK2",2.12544697588821,1.46298447291488e-05,TRUE,"Up","4 DPI"
"MX2",2.34413836204434,2.61109700022229e-05,TRUE,"Up","4 DPI"
"TNFSF13B",2.43307674278729,2.87712355191336e-05,TRUE,"Up","4 DPI"
"BST2",1.60539823344169,3.76721947603791e-05,TRUE,"Up","4 DPI"
"IFIT2",3.38097670734179,8.75188863117932e-05,TRUE,"Up","4 DPI"
"IFI44",3.47712700461124,0.000223975295394364,TRUE,"Up","4 DPI"
"PML",1.43699374168742,0.000351971026121845,TRUE,"Up","4 DPI"
"IFIT3",2.84692442562242,0.00107517354743045,TRUE,"Up","4 DPI"
"CD274",2.07569707930539,0.00250405856434089,TRUE,"Up","4 DPI"
"PSMB8",0.948422634432063,0.00348199946731509,FALSE,"None","4 DPI"
"IFI16",1.00734019655675,0.00509441988024471,TRUE,"Up","4 DPI"
"FAS",1.32209544734177,0.00610993730969149,TRUE,"Up","4 DPI"
"IFI35",1.06988270081014,0.00958610476953875,TRUE,"Up","4 DPI"
"FCGR3",1.62573680024724,0.0142715425342332,TRUE,"Up","4 DPI"
"CASP1",1.47299558489415,0.0156433994840556,TRUE,"Up","4 DPI"
"IL1R1",-1.42564836749801,0.0164139968795442,TRUE,"Down","4 DPI"
"CLEC4E",-1.38837424978835,0.0171347504790288,TRUE,"Down","4 DPI"
"PTGS2",-1.91731163872742,0.023253596883072,TRUE,"Down","4 DPI"
"CEACAM8",-1.6509298217116,0.0238983711034318,TRUE,"Down","4 DPI"
"CD38",0.940056489171154,0.0238983711034318,FALSE,"None","4 DPI"
"IRF5",0.859281177281959,0.0238983711034318,FALSE,"None","4 DPI"
"IRF7",1.26092261580133,0.0329011456819463,TRUE,"Up","4 DPI"
"JAK2",1.14054214980415,0.0364865153032298,TRUE,"Up","4 DPI"
"LGALS3",-1.0470668756566,0.0404778769453332,TRUE,"Down","4 DPI"
"HSH2D",0.808021293978225,0.0446541848522997,FALSE,"None","4 DPI"
"RARRES3",0.994194623590802,0.0614981938640008,FALSE,"None","4 DPI"
"FCAR",-1.30422875770697,0.0652618759533149,FALSE,"None","4 DPI"
"TAP1",0.808725739086384,0.0633610789211791,FALSE,"None","4 DPI"
"CASP10",0.696793211631006,0.0689895469692601,FALSE,"None","4 DPI"
"CX3CR1",1.18115524726451,0.0853957991556739,FALSE,"None","4 DPI"
"FOS",-1.689241941906,0.0838621116776304,FALSE,"None","4 DPI"
"CLEC4A",-1.1310283244193,0.0938996054311111,FALSE,"None","4 DPI"
"IDO1",1.21298248439336,0.0935319351182799,FALSE,"None","4 DPI"
"PSMB10",0.715322187242839,0.0938996054311111,FALSE,"None","4 DPI"
"SOCS1",1.24985868271048,0.105125212135055,FALSE,"None","4 DPI"
"IL1R2",-1.69205662767893,0.105125212135055,FALSE,"None","4 DPI"
"IFITM1",0.74755497348249,0.0983026138128637,FALSE,"None","4 DPI"
"CASP3",-0.741209250070535,0.105125212135055,FALSE,"None","4 DPI"
"CYBB",0.920284716990572,0.105125212135055,FALSE,"None","4 DPI"
"MYD88",0.789034603212189,0.109072669819177,FALSE,"None","4 DPI"
"TAP2",0.708833834272898,0.115168998464214,FALSE,"None","4 DPI"
"ATG12",0.663641764228908,0.126609245901177,FALSE,"None","4 DPI"
"CSF1R",1.04925967655132,0.154876724753549,FALSE,"None","4 DPI"
"LTF",-1.2033840806683,0.14893516263928,FALSE,"None","4 DPI"
"ATG5",0.663518106455788,0.155254758553127,FALSE,"None","4 DPI"
"BCL6",-0.941069532015296,0.172182924043129,FALSE,"None","4 DPI"
"SLAMF7",0.784019099172344,0.187886671872008,FALSE,"None","4 DPI"
"NCF4",-0.867410572085618,0.199242300877208,FALSE,"None","4 DPI"
"AHR",-0.712590067583568,0.199242300877208,FALSE,"None","4 DPI"
"FCER1A",1.25382273100776,0.199242300877208,FALSE,"None","4 DPI"
"CD14",-0.985569102392225,0.205335623739283,FALSE,"None","4 DPI"
"CD97",0.821939392626335,0.229311240488961,FALSE,"None","4 DPI"
"ITGAL",0.80223290143582,0.231808565948016,FALSE,"None","4 DPI"
"HLA-DMB",0.951294329030653,0.229311240488961,FALSE,"None","4 DPI"
"CD24",-0.874290324504178,0.229987237655507,FALSE,"None","4 DPI"
"CD6",0.708323903154476,0.256280167241798,FALSE,"None","4 DPI"
"B2M",0.455149804507817,0.199242300877208,FALSE,"None","4 DPI"
"TNFAIP3",0.592300255973479,0.260856170898167,FALSE,"None","4 DPI"
"RIPK1",0.595933316684602,0.256280167241798,FALSE,"None","4 DPI"
"PSMB9",0.811665638246366,0.275265341530569,FALSE,"None","4 DPI"
"CXCR4",-0.71179781309767,0.278357295980064,FALSE,"None","4 DPI"
"IL8",-1.63708081302985,0.275265341530569,FALSE,"None","4 DPI"
"GNAQ",-0.556898238106147,0.285343461963317,FALSE,"None","4 DPI"
"TBX21",0.683599469839846,0.278660211254751,FALSE,"None","4 DPI"
"CSF1",0.616973710064482,0.278660211254751,FALSE,"None","4 DPI"
"CXCR1",-1.09247614561172,0.291564608050524,FALSE,"None","4 DPI"
"IL12RB1",0.570747979489106,0.291564608050524,FALSE,"None","4 DPI"
"CD164",0.70136683694132,0.32145565881546,FALSE,"None","4 DPI"
"C1QB",1.13993230503501,0.297987729860436,FALSE,"None","4 DPI"
"BCL2L1",-0.673655318133749,0.297987729860436,FALSE,"None","4 DPI"
"DEFA1",-0.936449561185655,0.341147343804031,FALSE,"None","4 DPI"
"TNFRSF1B",0.669725222067857,0.361095720653212,FALSE,"None","4 DPI"
"HLA-DMA",0.737077317640489,0.364909042212824,FALSE,"None","4 DPI"
"BCL3",-0.690386522372499,0.360061276964079,FALSE,"None","4 DPI"
"TLR4",0.980512213271455,0.364909042212824,FALSE,"None","4 DPI"
"CD86",0.505353373309402,0.361095720653212,FALSE,"None","4 DPI"
"THBS1",-0.610191842049645,0.361599895596741,FALSE,"None","4 DPI"
"F13A1",-0.69968646594816,0.364909042212824,FALSE,"None","4 DPI"
"GZMA",0.895640576149953,0.367991826977368,FALSE,"None","4 DPI"
"PRF1",0.841852876951666,0.37870145379503,FALSE,"None","4 DPI"
"PSMB7",0.567583138926135,0.385289572020139,FALSE,"None","4 DPI"
"PTPN2",0.547588403735787,0.386494185709316,FALSE,"None","4 DPI"
"KLRD1",0.791174268461198,0.4000098435773,FALSE,"None","4 DPI"
"PYCARD",0.557386066553367,0.386494185709316,FALSE,"None","4 DPI"
"CD82",-0.764416487577896,0.386494185709316,FALSE,"None","4 DPI"
"KLRF1",0.706558958332188,0.386494185709316,FALSE,"None","4 DPI"
"NFE2L2",0.684157956809461,0.41148921488762,FALSE,"None","4 DPI"
"IGF2R",-0.598234576830833,0.402791389387374,FALSE,"None","4 DPI"
"FCGR1A",0.789665451506952,0.425043869595752,FALSE,"None","4 DPI"
"CD2",0.516497671678491,0.402791389387374,FALSE,"None","4 DPI"
"IRF1",0.459446621559197,0.408266538703905,FALSE,"None","4 DPI"
"RAF1",-0.484870608858858,0.408266538703905,FALSE,"None","4 DPI"
"CFD",-0.623928502729793,0.414824231442208,FALSE,"None","4 DPI"
"MME",-0.851266316891949,0.425043869595752,FALSE,"None","4 DPI"
"CDKN1A",0.674257839056447,0.425043869595752,FALSE,"None","4 DPI"
"PSMC2",0.53684621624233,0.488680443511974,FALSE,"None","4 DPI"
"TUBB",0.623259320697425,0.488680443511974,FALSE,"None","4 DPI"
"CCND3",0.653859076542782,0.484516991203092,FALSE,"None","4 DPI"
"PTGER4",0.49282420545423,0.47844604427341,FALSE,"None","4 DPI"
"CXCR2",-0.90468199570299,0.488680443511974,FALSE,"None","4 DPI"
"CAMP",-0.959854200315085,0.491781978237519,FALSE,"None","4 DPI"
"CSF3R",-0.730332006290876,0.522562085553409,FALSE,"None","4 DPI"
"IKBKB",-0.491465063215193,0.488680443511974,FALSE,"None","4 DPI"
"TAGAP",0.616952488532128,0.543468326447738,FALSE,"None","4 DPI"
"ICAM2",0.540639508065931,0.545313573830523,FALSE,"None","4 DPI"
"TGFBI",0.601085090116424,0.545313573830523,FALSE,"None","4 DPI"
"CLEC7A",0.748405372073666,0.573368774396238,FALSE,"None","4 DPI"
"ARG2",-0.803198762342356,0.570426870103927,FALSE,"None","4 DPI"
"IKZF3",0.549461575152566,0.57937132977295,FALSE,"None","4 DPI"
"FCGR2B",0.56083157824016,0.543468326447738,FALSE,"None","4 DPI"
"CCR5",0.556960469315716,0.569039855845954,FALSE,"None","4 DPI"
"ATG10",-0.334841910500921,0.573368774396238,FALSE,"None","4 DPI"
"G6PD",-0.347903500348992,0.574713118057576,FALSE,"None","4 DPI"
"MMP9",-0.96108764024639,0.628027398363374,FALSE,"None","4 DPI"
"IL6R",-0.567071634714765,0.627829937329891,FALSE,"None","4 DPI"
"STAT3",0.584937080283934,0.645597149013558,FALSE,"None","4 DPI"
"NOTCH1",-0.384713247348366,0.645597149013558,FALSE,"None","4 DPI"
"TAPBP",0.359131259827732,0.684708496996098,FALSE,"None","4 DPI"
"NOTCH2",0.479634321766463,0.709136731895584,FALSE,"None","4 DPI"
"CD36",-0.649796303138049,0.677508705517333,FALSE,"None","4 DPI"
"HLA-DPB1",0.534013276164448,0.714106933013174,FALSE,"None","4 DPI"
"TIGIT",0.381972999870782,0.684708496996098,FALSE,"None","4 DPI"
"NFKB1",0.422307824876114,0.710964801257495,FALSE,"None","4 DPI"
"MAP3K1",0.396447307592243,0.712487048787879,FALSE,"None","4 DPI"
"PRDM1",0.327094777146561,0.709136731895584,FALSE,"None","4 DPI"
"CCRL2",0.600029379921292,0.717595994380132,FALSE,"None","4 DPI"
"HPRT1",0.375473122857275,0.709136731895584,FALSE,"None","4 DPI"
"PLAUR",-0.48090213579231,0.709136731895584,FALSE,"None","4 DPI"
"IRF3",0.436833670231387,0.717595994380132,FALSE,"None","4 DPI"
"APP",0.363572119978004,0.714106933013174,FALSE,"None","4 DPI"
"JAK1",-0.326409163491251,0.717595994380132,FALSE,"None","4 DPI"
"STAT5A",0.32612286712086,0.712487048787879,FALSE,"None","4 DPI"
"EWSR1",0.493721565946345,0.717595994380132,FALSE,"None","4 DPI"
"GZMH",0.489224165465941,0.677508705517333,FALSE,"None","4 DPI"
"ITGAM",0.46057854146337,0.717595994380132,FALSE,"None","4 DPI"
"EGR1",-0.405133435943525,0.712487048787879,FALSE,"None","4 DPI"
"LEF1",-0.487124734267592,0.712487048787879,FALSE,"None","4 DPI"
"IFNGR1",-0.619243457920714,0.737292768406708,FALSE,"None","4 DPI"
"FASLG",0.358811062145517,0.712487048787879,FALSE,"None","4 DPI"
"TLR5",-0.409552423662927,0.714106933013174,FALSE,"None","4 DPI"
"C1QBP",0.423426188383521,0.717595994380132,FALSE,"None","4 DPI"
"TLR2",-0.485919070261938,0.742998266132268,FALSE,"None","4 DPI"
"TYROBP",-0.447220991624711,0.712487048787879,FALSE,"None","4 DPI"
"TARP",0.464774417606062,0.745744358449283,FALSE,"None","4 DPI"
"CD3G",0.460057659178357,0.742998266132268,FALSE,"None","4 DPI"
"GZMB",0.479725445116392,0.70642848690305,FALSE,"None","4 DPI"
"TNFRSF14",0.406462649698365,0.717595994380132,FALSE,"None","4 DPI"
"FLT3LG",0.354481622417415,0.742998266132268,FALSE,"None","4 DPI"
"MAP2K4",0.496982154797768,0.742998266132268,FALSE,"None","4 DPI"
"BID",0.338046484294157,0.742998266132268,FALSE,"None","4 DPI"
"S100A8",-0.803116243261371,0.712487048787879,FALSE,"None","4 DPI"
"POLR2A",0.338093584497978,0.742998266132268,FALSE,"None","4 DPI"
"TNFSF12",0.293811087866322,0.717595994380132,FALSE,"None","4 DPI"
"ROCK2",0.300963654242824,0.717595994380132,FALSE,"None","4 DPI"
"IL1RAP",-0.514072093498315,0.742998266132268,FALSE,"None","4 DPI"
"CD59",0.443387046014928,0.754913509401942,FALSE,"None","4 DPI"
"TGFBR2",0.429444260202342,0.757031517463622,FALSE,"None","4 DPI"
"HLA-DQB1",0.465799251490754,0.751365313507719,FALSE,"None","4 DPI"
"FKBP5",0.382116313684151,0.757031517463622,FALSE,"None","4 DPI"
"GRB2",0.34577497412724,0.757031517463622,FALSE,"None","4 DPI"
"CD58",0.436726025514583,0.757031517463622,FALSE,"None","4 DPI"
"IRF8",-0.299501157501454,0.742998266132268,FALSE,"None","4 DPI"
"PTPN22",-0.403414726080165,0.742998266132268,FALSE,"None","4 DPI"
"GPI",0.401727680273353,0.778501601799628,FALSE,"None","4 DPI"
"SHC1",0.330416520066688,0.742998266132268,FALSE,"None","4 DPI"
"PSMD7",0.338056752041825,0.742998266132268,FALSE,"None","4 DPI"
"OAZ1",-0.32586355798885,0.645597149013558,FALSE,"None","4 DPI"
"TGFBR1",-0.378496258881798,0.763342828369625,FALSE,"None","4 DPI"
"CTNNB1",-0.468222068156732,0.742998266132268,FALSE,"None","4 DPI"
"FCGR2A",-0.537657524996058,0.747976951514943,FALSE,"None","4 DPI"
"IL7R",-0.374883899148816,0.742998266132268,FALSE,"None","4 DPI"
"MAP2K1",0.477154184409359,0.747860200440219,FALSE,"None","4 DPI"
"CTSC",0.305990133517524,0.747860200440219,FALSE,"None","4 DPI"
"CD68",0.411070984785233,0.827124493151451,FALSE,"None","4 DPI"
"NFATC3",0.3783017030058,0.837199553930598,FALSE,"None","4 DPI"
"MAP4K4",-0.320812104178044,0.757031517463622,FALSE,"None","4 DPI"
"ICAM3",-0.331633183954986,0.778653379244199,FALSE,"None","4 DPI"
"ITGB1",0.432117579868887,0.838524695279999,FALSE,"None","4 DPI"
"LITAF",-0.479815721338101,0.849065054894678,FALSE,"None","4 DPI"
"ANP32B",0.315817815963049,0.849065054894678,FALSE,"None","4 DPI"
"BCL2",0.293487024264958,0.823091974250937,FALSE,"None","4 DPI"
"FN1",-0.453173418663019,0.823091974250937,FALSE,"None","4 DPI"
"HDAC3",0.316733599889798,0.823091974250937,FALSE,"None","4 DPI"
"ALAS1",-0.267443108464256,0.823091974250937,FALSE,"None","4 DPI"
"FCGRT",-0.469031092661364,0.823091974250937,FALSE,"None","4 DPI"
"HLA-A",0.661818345774941,0.823091974250937,FALSE,"None","4 DPI"
"LCK",0.358841972961457,0.850668581167204,FALSE,"None","4 DPI"
"SIGLEC1",0.405453265746702,0.823091974250937,FALSE,"None","4 DPI"
"CD244",0.293886466489957,0.823091974250937,FALSE,"None","4 DPI"
"EIF2A",0.283383829750413,0.850668581167204,FALSE,"None","4 DPI"
"KLRC3",-0.368640605979784,0.823091974250937,FALSE,"None","4 DPI"
"TLR8",-0.314575706425682,0.850668581167204,FALSE,"None","4 DPI"
"GNB1",-0.252364347880276,0.823091974250937,FALSE,"None","4 DPI"
"S1PR1",0.309560720809234,0.878523768130414,FALSE,"None","4 DPI"
"ITGB2",0.335867570022209,0.882724687266113,FALSE,"None","4 DPI"
"ILF3",0.285915498543778,0.850668581167204,FALSE,"None","4 DPI"
"CREB1",0.297673556424858,0.882724687266113,FALSE,"None","4 DPI"
"SLAMF6",0.294885688712585,0.831353347280915,FALSE,"None","4 DPI"
"STAT4",0.26621410120727,0.847477171555085,FALSE,"None","4 DPI"
"PTK2",0.339241422635823,0.890661020386061,FALSE,"None","4 DPI"
"PTAFR",-0.350992714478076,0.850668581167204,FALSE,"None","4 DPI"
"C10orf54",-0.258393797987589,0.850668581167204,FALSE,"None","4 DPI"
"TRAF3",-0.32232137896927,0.839570984788389,FALSE,"None","4 DPI"
"STAT6",0.298691461312817,0.882724687266113,FALSE,"None","4 DPI"
"MYC",-0.277685156204115,0.847477171555085,FALSE,"None","4 DPI"
"IL2RG",0.346533903919486,0.910883087053209,FALSE,"None","4 DPI"
"SIRPA",-0.38414294290078,0.899544215369144,FALSE,"None","4 DPI"
"IRAK3",-0.417960035147745,0.899544215369144,FALSE,"None","4 DPI"
"BAX",0.276420909084834,0.913270703442515,FALSE,"None","4 DPI"
"NFATC2",0.303739266045197,0.850668581167204,FALSE,"None","4 DPI"
"XBP1",0.256504917181532,0.882724687266113,FALSE,"None","4 DPI"
"GPR183",-0.266190234821066,0.882724687266113,FALSE,"None","4 DPI"
"UBB",-0.254786403585047,0.714106933013174,FALSE,"None","4 DPI"
"SERPING1",0.38714501611716,0.878523768130414,FALSE,"None","4 DPI"
"NCR1",-0.319530582183081,0.882724687266113,FALSE,"None","4 DPI"
"IRF4",-0.261630850267736,0.882724687266113,FALSE,"None","4 DPI"
"HMGB1",-0.294796979147703,0.756003592481952,FALSE,"None","4 DPI"
"ITGAX",-0.313222738007282,0.899544215369144,FALSE,"None","4 DPI"
"ITGA5",-0.309575628101044,0.959595491013116,FALSE,"None","4 DPI"
"RPS6KA5",0.205910573022207,0.909432278582682,FALSE,"None","4 DPI"
"TCF4",-0.238638975826134,0.890661020386061,FALSE,"None","4 DPI"
"C5",-0.423697581901207,0.850668581167204,FALSE,"None","4 DPI"
"TLR6",-0.297721518713471,0.950009834340771,FALSE,"None","4 DPI"
"CD3D",0.285985774932371,0.903389660265588,FALSE,"None","4 DPI"
"PRKCB",-0.194982011933291,0.950009834340771,FALSE,"None","4 DPI"
"S100A9",-0.552882915336996,0.823091974250937,FALSE,"None","4 DPI"
"LY96",0.361678736702142,0.92982803395859,FALSE,"None","4 DPI"
"ARHGDIB",-0.243272718089912,0.873520021571662,FALSE,"None","4 DPI"
"TNFSF13",0.381313218375539,0.910883087053209,FALSE,"None","4 DPI"
"FYN",-0.235372973113398,0.950009834340771,FALSE,"None","4 DPI"
"USP9Y",0.275932181616975,0.959595491013116,FALSE,"None","4 DPI"
"NFIL3",-0.289127294902006,0.920264223317789,FALSE,"None","4 DPI"
"CD7",0.262784237439046,0.959595491013116,FALSE,"None","4 DPI"
"IFNAR1",-0.192481705578359,0.92982803395859,FALSE,"None","4 DPI"
"CD81",0.185625191735364,0.959595491013116,FALSE,"None","4 DPI"
"HLA-DQA1",-0.468549622481078,0.959595491013116,FALSE,"None","4 DPI"
"ALOX5",-0.256875903578138,0.950009834340771,FALSE,"None","4 DPI"
"JUN",-0.220847162691705,0.950009834340771,FALSE,"None","4 DPI"
"HLA-DRA",0.262762747823871,0.877897002626809,FALSE,"None","4 DPI"
"NFKBIZ",-0.212759070562283,0.950009834340771,FALSE,"None","4 DPI"
"CD22",-0.260264353770944,0.950009834340771,FALSE,"None","4 DPI"
"C5aR1",-0.298202158308999,0.950009834340771,FALSE,"None","4 DPI"
"CD163",-0.262241079928177,0.950009834340771,FALSE,"None","4 DPI"
"IL10RB",0.220899494872128,0.975001769463429,FALSE,"None","4 DPI"
"ABCF1",0.213512044320021,0.950009834340771,FALSE,"None","4 DPI"
"JAK3",0.217619469455221,0.959595491013116,FALSE,"None","4 DPI"
"CD44",0.3049222377375,0.959595491013116,FALSE,"None","4 DPI"
"ETS1",-0.232310212980375,0.959595491013116,FALSE,"None","4 DPI"
"PRKCD",0.221069892751652,0.972008721140885,FALSE,"None","4 DPI"
"IL21R",-0.281120652628553,0.959595491013116,FALSE,"None","4 DPI"
"CSF2RB",-0.254322695867382,0.959595491013116,FALSE,"None","4 DPI"
"MR1",0.268214123881201,0.959595491013116,FALSE,"None","4 DPI"
"MALT1",0.190809649816527,0.959595491013116,FALSE,"None","4 DPI"
"STAT5B",-0.194645081166708,0.995806720743405,FALSE,"None","4 DPI"
"CCL5",0.238806501928272,0.959595491013116,FALSE,"None","4 DPI"
"KLRK1",0.232351658149991,0.995806720743405,FALSE,"None","4 DPI"
"ITGA2B",-0.203291396563047,0.975001769463429,FALSE,"None","4 DPI"
"IL15",0.202354126312939,0.959595491013116,FALSE,"None","4 DPI"
"HIF1A",-0.200285030190534,0.959595491013116,FALSE,"None","4 DPI"
"MAP3K5",0.168246772108023,0.959595491013116,FALSE,"None","4 DPI"
"CXCL3",-0.221332653964279,0.959595491013116,FALSE,"None","4 DPI"
"PTPRC",-0.180220430778888,0.920264223317789,FALSE,"None","4 DPI"
"CD96",-0.249131173355016,0.959595491013116,FALSE,"None","4 DPI"
"HMGB2",-0.200065615592548,0.959595491013116,FALSE,"None","4 DPI"
"NFKBIA",0.180678625016531,0.996435682772179,FALSE,"None","4 DPI"
"IL1B",-0.201035396737846,0.959595491013116,FALSE,"None","4 DPI"
"LILRA5",-0.266662441496443,0.959595491013116,FALSE,"None","4 DPI"
"CASP8",0.174209147880912,0.996435682772179,FALSE,"None","4 DPI"
"PECAM1",0.183576274660087,0.986999708106768,FALSE,"None","4 DPI"
"ICOS",-0.184590685247514,0.959595491013116,FALSE,"None","4 DPI"
"MEF2D",0.151479428116273,0.959595491013116,FALSE,"None","4 DPI"
"TOLLIP",-0.193184924401932,0.959595491013116,FALSE,"None","4 DPI"
"CD69",0.16475546108659,0.959595491013116,FALSE,"None","4 DPI"
"IL9",0.429051789512706,0.959595491013116,FALSE,"None","4 DPI"
"NFATC1",-0.169878042681814,0.959595491013116,FALSE,"None","4 DPI"
"TRAF5",-0.256224765396918,0.959595491013116,FALSE,"None","4 DPI"
"C3AR1",0.225689897476731,0.959595491013116,FALSE,"None","4 DPI"
"MS4A2",0.290434264204642,0.959595491013116,FALSE,"None","4 DPI"
"LILRB3",-0.256666321340367,0.959595491013116,FALSE,"None","4 DPI"
"CD55",-0.31387268056319,0.947171867880319,FALSE,"None","4 DPI"
"SELPLG",-0.203467990763265,0.995806720743405,FALSE,"None","4 DPI"
"CFL1",0.153275344820166,0.959595491013116,FALSE,"None","4 DPI"
"IKBKAP",-0.202068393446472,0.959595491013116,FALSE,"None","4 DPI"
"MAP4K1",0.168443108284649,0.992228425054886,FALSE,"None","4 DPI"
"PTGS1",-0.218379289459815,0.959595491013116,FALSE,"None","4 DPI"
"SLAMF1",0.161218036068449,0.959595491013116,FALSE,"None","4 DPI"
"NLRP3",-0.208516102617897,0.975001769463429,FALSE,"None","4 DPI"
"MAPK3",0.164117829627948,0.995806720743405,FALSE,"None","4 DPI"
"HLA-DRB1",0.181059154085737,0.959595491013116,FALSE,"None","4 DPI"
"SELL",-0.241636719496226,0.950009834340771,FALSE,"None","4 DPI"
"CD46",-0.102900744472665,0.996435682772179,FALSE,"None","4 DPI"
"CEBPB",-0.192960482761492,0.996435682772179,FALSE,"None","4 DPI"
"CDC42",-0.138041614886118,0.959595491013116,FALSE,"None","4 DPI"
"CD1A",-0.19223849270599,0.986999708106768,FALSE,"None","4 DPI"
"SYK",0.133253865640036,0.996435682772179,FALSE,"None","4 DPI"
"GNAS",-0.153130013842263,0.959595491013116,FALSE,"None","4 DPI"
"LILRB2",0.253978022738711,0.975001769463429,FALSE,"None","4 DPI"
"SKI",-0.122350521245639,0.986999708106768,FALSE,"None","4 DPI"
"CEACAM1",-0.156885719231922,0.992228425054886,FALSE,"None","4 DPI"
"MAPK1",0.0979727978167659,0.996435682772179,FALSE,"None","4 DPI"
"CLU",0.166508071045843,0.959595491013116,FALSE,"None","4 DPI"
"CD1D",0.161293794179704,0.985772282227787,FALSE,"None","4 DPI"
"TAL1",-0.185476803849635,0.996435682772179,FALSE,"None","4 DPI"
"IL6ST",-0.16683348521865,0.995806720743405,FALSE,"None","4 DPI"
"CTSS",0.223945173897562,0.959595491013116,FALSE,"None","4 DPI"
"C4BPA",-0.175360206017757,0.996435682772179,FALSE,"None","4 DPI"
"BTLA",-0.225928136650633,0.995806720743405,FALSE,"None","4 DPI"
"CXCL11",0.203463368422288,0.995806720743405,FALSE,"None","4 DPI"
"LTBR",-0.168280763166642,0.995806720743405,FALSE,"None","4 DPI"
"CD1C",-0.220066526305238,0.995806720743405,FALSE,"None","4 DPI"
"GNLY",0.230879801232145,0.995806720743405,FALSE,"None","4 DPI"
"KCNJ2",-0.15715668909414,0.996435682772179,FALSE,"None","4 DPI"
"TLR1",-0.0945377185347063,0.996435682772179,FALSE,"None","4 DPI"
"MIF",0.128111762076779,0.995806720743405,FALSE,"None","4 DPI"
"SH2D1A",0.176368968072256,0.995806720743405,FALSE,"None","4 DPI"
"RAC1",-0.059707270703143,0.996435682772179,FALSE,"None","4 DPI"
"IL7",0.152241579430172,0.995806720743405,FALSE,"None","4 DPI"
"CD79B",-0.12375202008454,0.996435682772179,FALSE,"None","4 DPI"
"IFNGR2",0.0939694669471383,0.996435682772179,FALSE,"None","4 DPI"
"CCR3",-0.154157623849066,0.996435682772179,FALSE,"None","4 DPI"
"IL17RA",-0.114332204279066,0.996435682772179,FALSE,"None","4 DPI"
"CD9",-0.235092561030315,0.975001769463429,FALSE,"None","4 DPI"
"RHOA",-0.0610606404366685,0.996435682772179,FALSE,"None","4 DPI"
"ZAP70",0.265986705332436,0.995806720743405,FALSE,"None","4 DPI"
"TFRC",-0.166478706429882,0.995806720743405,FALSE,"None","4 DPI"
"CD80",0.155367688701109,0.996435682772179,FALSE,"None","4 DPI"
"IL16",-0.0668235846764418,0.996435682772179,FALSE,"None","4 DPI"
"GP1BB",0.0952447205972629,0.996435682772179,FALSE,"None","4 DPI"
"LAIR1",0.0717106613814291,0.996435682772179,FALSE,"None","4 DPI"
"TRAF1",-0.109216738576206,0.996435682772179,FALSE,"None","4 DPI"
"LILRA3",-0.029315462569576,0.996435682772179,FALSE,"None","4 DPI"
"CCR4",-0.164472051211403,0.996435682772179,FALSE,"None","4 DPI"
"CD3E",0.156331171617321,0.995806720743405,FALSE,"None","4 DPI"
"HSPB1",-0.245736998205373,0.996435682772179,FALSE,"None","4 DPI"
"SMAD2",0.100185650320388,0.996435682772179,FALSE,"None","4 DPI"
"C14orf166",-0.0383784745177085,0.996435682772179,FALSE,"None","4 DPI"
"TNFSF14",-0.145048147271418,0.996435682772179,FALSE,"None","4 DPI"
"IKZF1",0.0321364358079403,0.996435682772179,FALSE,"None","4 DPI"
"ERCC3",0.103907814334497,0.996435682772179,FALSE,"None","4 DPI"
"NUP107",-0.0970311739395013,0.996435682772179,FALSE,"None","4 DPI"
"ELK1",-0.150376047776225,0.996435682772179,FALSE,"None","4 DPI"
"RUNX1",0.0980750533565047,0.996435682772179,FALSE,"None","4 DPI"
"CR1",-0.139125070036153,0.996435682772179,FALSE,"None","4 DPI"
"MAPK14",-0.165844514457537,0.996435682772179,FALSE,"None","4 DPI"
"FPR2",-0.162154018039627,0.996435682772179,FALSE,"None","4 DPI"
"IL10RA",0.0512293778190838,0.996435682772179,FALSE,"None","4 DPI"
"TYK2",-0.0952189302052453,0.996435682772179,FALSE,"None","4 DPI"
"ICAM4",0.0109794153683485,0.996435682772179,FALSE,"None","4 DPI"
"CD27",0.123637649018963,0.996435682772179,FALSE,"None","4 DPI"
"NR3C1",0.0556032546470888,0.996435682772179,FALSE,"None","4 DPI"
"CISH",0.141632676595166,0.996435682772179,FALSE,"None","4 DPI"
"ATG7",-0.139282790672812,0.996435682772179,FALSE,"None","4 DPI"
"HLA-B",0.219834559042315,0.971541780517733,FALSE,"None","4 DPI"
"CCR7",-0.15913924338566,0.996435682772179,FALSE,"None","4 DPI"
"REPS1",0.113670630341618,0.996435682772179,FALSE,"None","4 DPI"
"NOD2",0.0482493456097046,0.996435682772179,FALSE,"None","4 DPI"
"CXCR3",0.108539195761272,0.996435682772179,FALSE,"None","4 DPI"
"LCP2",-0.0940143876484356,0.996435682772179,FALSE,"None","4 DPI"
"DDIT3",-0.123504321962097,0.996435682772179,FALSE,"None","4 DPI"
"MS4A1",0.0434749143499502,0.996435682772179,FALSE,"None","4 DPI"
"ITLN1",0.11507130334892,0.996435682772179,FALSE,"None","4 DPI"
"CFP",-0.0695313135582492,0.996435682772179,FALSE,"None","4 DPI"
"TGFB1",0.0733596813839466,0.996435682772179,FALSE,"None","4 DPI"
"ATM",-0.0570654852651451,0.996435682772179,FALSE,"None","4 DPI"
"RIPK2",0.0955052417160678,0.996435682772179,FALSE,"None","4 DPI"
"CD8B",0.128410831901252,0.996435682772179,FALSE,"None","4 DPI"
"MAPKAPK5",-0.109158013976159,0.996435682772179,FALSE,"None","4 DPI"
"PTPN6",-0.100415318892447,0.996435682772179,FALSE,"None","4 DPI"
"LTB",0.0335431684348446,0.996435682772179,FALSE,"None","4 DPI"
"UBE2L3",-0.044128352615413,0.996435682772179,FALSE,"None","4 DPI"
"SLC2A1",-0.122728391544365,0.996435682772179,FALSE,"None","4 DPI"
"EOMES",-0.138332466541573,0.996435682772179,FALSE,"None","4 DPI"
"BCL10",-0.180846271786777,0.996435682772179,FALSE,"None","4 DPI"
"CD79A",-0.111843094535393,0.996435682772179,FALSE,"None","4 DPI"
"BIRC2",0.0395949194352028,0.996435682772179,FALSE,"None","4 DPI"
"IFNG",-0.100105997580221,0.996435682772179,FALSE,"None","4 DPI"
"TNFSF10",0.0934718432712733,0.996435682772179,FALSE,"None","4 DPI"
"HLA-DPA1",0.221052446976769,0.996435682772179,FALSE,"None","4 DPI"
"BTK",-0.100811186717165,0.996435682772179,FALSE,"None","4 DPI"
"IFNAR2",0.113125020060997,0.996435682772179,FALSE,"None","4 DPI"
"MEF2A",-0.0866311651552962,0.996435682772179,FALSE,"None","4 DPI"
"C2",0.107863018602787,0.996435682772179,FALSE,"None","4 DPI"
"IL18R1",-0.0980347628064866,0.996435682772179,FALSE,"None","4 DPI"
"ZEB1",-0.0910536477692663,0.996435682772179,FALSE,"None","4 DPI"
"MAFG",-0.0923282675314363,0.996435682772179,FALSE,"None","4 DPI"
"DAXX",-0.0858803385730873,0.996435682772179,FALSE,"None","4 DPI"
"ICAM1",-0.120526357286262,0.996435682772179,FALSE,"None","4 DPI"
"PDGFB",0.0851577069094267,0.996435682772179,FALSE,"None","4 DPI"
"CMKLR1",0.0799870546354926,0.996435682772179,FALSE,"None","4 DPI"
"KLRC2",0.151715559971309,0.996435682772179,FALSE,"None","4 DPI"
"IL11RA",-0.108756792244438,0.996435682772179,FALSE,"None","4 DPI"
"CD28",-0.106794505282485,0.996435682772179,FALSE,"None","4 DPI"
"TRAF6",0.0755992560674397,0.996435682772179,FALSE,"None","4 DPI"
"TRAF4",0.0797914813622072,0.996435682772179,FALSE,"None","4 DPI"
"TNF",0.0734284417344675,0.996435682772179,FALSE,"None","4 DPI"
"IKBKE",0.0683968011907998,0.996435682772179,FALSE,"None","4 DPI"
"MAP2K6",0.0666001289266731,0.996435682772179,FALSE,"None","4 DPI"
"GTF3C1",-0.0814272908939691,0.996435682772179,FALSE,"None","4 DPI"
"TRADD",0.0734284417344675,0.996435682772179,FALSE,"None","4 DPI"
"PPP1R12B",-0.0786808878008962,0.996435682772179,FALSE,"None","4 DPI"
"APOE",0.0828898927454196,0.996435682772179,FALSE,"None","4 DPI"
"ITGA4",-0.0861618169856442,0.996435682772179,FALSE,"None","4 DPI"
"DOCK9",-0.0881058197588667,0.996435682772179,FALSE,"None","4 DPI"
"FADD",0.0724088168480259,0.996435682772179,FALSE,"None","4 DPI"
"CD19",0.0700891763960616,0.996435682772179,FALSE,"None","4 DPI"
"TNFRSF13C",-0.0673110894392615,0.996435682772179,FALSE,"None","4 DPI"
"RNASEL",0.0791871817826779,0.996435682772179,FALSE,"None","4 DPI"
"IL18",-0.0640249331993452,0.996435682772179,FALSE,"None","4 DPI"
"GFI1",0.0606203672717429,0.996435682772179,FALSE,"None","4 DPI"
"ADA",-0.0572629468666941,0.996435682772179,FALSE,"None","4 DPI"
"MAPKAPK2",-0.0723783262036468,0.996435682772179,FALSE,"None","4 DPI"
"PLCB1",-0.0781827399386534,0.996435682772179,FALSE,"None","4 DPI"
"ATF2",-0.0145062367865663,0.996435682772179,FALSE,"None","4 DPI"
"LAG3",0.0449661246456108,0.996435682772179,FALSE,"None","4 DPI"
"IL13RA1",0.0322163341858044,0.996435682772179,FALSE,"None","4 DPI"
"TMEM173",0.0646446210146783,0.996435682772179,FALSE,"None","4 DPI"
"MCL1",-0.106601866936936,0.996435682772179,FALSE,"None","4 DPI"
"IDO2",0.156957766278873,0.996435682772179,FALSE,"None","4 DPI"
"RELA",-0.0539401261454451,0.996435682772179,FALSE,"None","4 DPI"
"TRAF2",0.0455801079551907,0.996435682772179,FALSE,"None","4 DPI"
"C9",-0.0467641046410741,0.996435682772179,FALSE,"None","4 DPI"
"IL12RB2",-0.0851979177637734,0.996435682772179,FALSE,"None","4 DPI"
"CARD9",0.077262655870447,0.996435682772179,FALSE,"None","4 DPI"
"KLRB1",-0.0430415393656842,0.996435682772179,FALSE,"None","4 DPI"
"TNFRSF17",-0.0360121218470697,0.996435682772179,FALSE,"None","4 DPI"
"ENTPD1",-0.0491321674842888,0.996435682772179,FALSE,"None","4 DPI"
"IL2RB",0.0210679030297651,0.996435682772179,FALSE,"None","4 DPI"
"CCR1",0.08637138300094,0.996435682772179,FALSE,"None","4 DPI"
"HRAS",0.0428425835390396,0.996435682772179,FALSE,"None","4 DPI"
"CUL9",-0.0401824706314207,0.996435682772179,FALSE,"None","4 DPI"
"DPP4",0.0595829774442853,0.996435682772179,FALSE,"None","4 DPI"
"KIR3DL2",0.0480377293155403,0.996435682772179,FALSE,"None","4 DPI"
"RELB",-0.0282556077326275,0.996435682772179,FALSE,"None","4 DPI"
"CMA1",0.0219999466956979,0.996435682772179,FALSE,"None","4 DPI"
"SMAD7",0.0335810725746546,0.996435682772179,FALSE,"None","4 DPI"
"CXCR6",-0.0124241549998425,0.996435682772179,FALSE,"None","4 DPI"
"IRAK2",-0.0439928053917811,0.996435682772179,FALSE,"None","4 DPI"
"PDCD2",-0.0178931201263701,0.996435682772179,FALSE,"None","4 DPI"
"GZMK",-0.0495030129506251,0.996435682772179,FALSE,"None","4 DPI"
"CD83",-0.0482482335965582,0.996435682772179,FALSE,"None","4 DPI"
"CD247",0.0665404975826389,0.996435682772179,FALSE,"None","4 DPI"
"XCL1",-0.0228315133598045,0.996435682772179,FALSE,"None","4 DPI"
"TCF7",0.0309587563912181,0.996435682772179,FALSE,"None","4 DPI"
"KLRG1",0.0902932812951791,0.996435682772179,FALSE,"None","4 DPI"
"CTLA4",0.0110593154128749,0.996435682772179,FALSE,"None","4 DPI"
"CCR6",-0.00465922321518786,0.996435682772179,FALSE,"None","4 DPI"
"CXCL6",0.0144239778662145,0.996435682772179,FALSE,"None","4 DPI"
"CD5",0.0374640198660297,0.996435682772179,FALSE,"None","4 DPI"
"HLA-C",0.0958405147762962,0.996435682772179,FALSE,"None","4 DPI"
"NOD1",-0.00872368247447941,0.996435682772179,FALSE,"None","4 DPI"
"BLNK",0.0247167395389756,0.996435682772179,FALSE,"None","4 DPI"
"IL1RN",0.0904750061632003,0.996435682772179,FALSE,"None","4 DPI"
"IL29",0.00664048473905154,0.996435682772179,FALSE,"None","4 DPI"
"MEF2C",0.0159198265546499,0.996435682772179,FALSE,"None","4 DPI"
"CHUK",-0.0609672171026574,0.996435682772179,FALSE,"None","4 DPI"
"PRKCA",-0.0188845194044749,0.996435682772179,FALSE,"None","4 DPI"
"MAPK8",0.0192351186577948,0.996435682772179,FALSE,"None","4 DPI"
"CD40",0.00865988505952409,0.996435682772179,FALSE,"None","4 DPI"
"ITGA6",0.0686649562436461,0.996435682772179,FALSE,"None","4 DPI"
"TRIM39",0.0200403390086041,0.996435682772179,FALSE,"None","4 DPI"
"POU2F2",0.0316521126213454,0.996435682772179,FALSE,"None","4 DPI"
"TP53",-0.0207454442022392,0.996435682772179,FALSE,"None","4 DPI"
"BCAP31",0.00260124650631433,0.996435682772179,FALSE,"None","4 DPI"
"SRC",0.00202329525622247,0.996435682772179,FALSE,"None","4 DPI"
"TIRAP",-0.00879063353688458,0.996435682772179,FALSE,"None","4 DPI"
"TBP",0.029091950391261,0.996435682772179,FALSE,"None","4 DPI"
"MAF",-0.00341551562682607,0.996435682772179,FALSE,"None","4 DPI"
"CYSLTR1",0.0277064584158682,0.996435682772179,FALSE,"None","4 DPI"
"BATF",-0.0237115290292218,0.996435682772179,FALSE,"None","4 DPI"
"C4A",0.021061837350457,0.996435682772179,FALSE,"None","4 DPI"
"LILRA2",-0.00431608222124247,0.996435682772179,FALSE,"None","4 DPI"
"TGFB2",-0.014533065251741,0.996435682772179,FALSE,"None","4 DPI"
"MAP3K7",-0.0234700508012136,0.996435682772179,FALSE,"None","4 DPI"
"PSMB5",0.0254540733384898,0.996435682772179,FALSE,"None","4 DPI"
"KLRC1",0.0303408896968493,0.996435682772179,FALSE,"None","4 DPI"
"CD74",0.156951464974709,0.986999708106768,FALSE,"None","4 DPI"
"GUSB",0.0386273997074404,0.996435682772179,FALSE,"None","4 DPI"
"PPIA",0.102618150902106,0.996435682772179,FALSE,"None","4 DPI"
"BCL2L11",-0.0342482217147007,0.996435682772179,FALSE,"None","4 DPI"
"SOCS3",-0.0492794615253622,0.996435682772179,FALSE,"None","4 DPI"
"CD8A",0.0354310784164706,0.996435682772179,FALSE,"None","4 DPI"
"SDHA",-0.0356252008224747,0.996435682772179,FALSE,"None","4 DPI"
"CD40LG",-0.0164528742289125,0.996435682772179,FALSE,"None","4 DPI"
"IL18RAP",-0.0570137097444787,0.996435682772179,FALSE,"None","4 DPI"
"IRAK4",0.0171819779489368,0.996435682772179,FALSE,"None","4 DPI"
"SIGIRR",0.0180009062912747,0.996435682772179,FALSE,"None","4 DPI"
"MAP4K2",-0.0142326157362689,0.996435682772179,FALSE,"None","4 DPI"
"TNFSF8",0.0264355354752608,0.996435682772179,FALSE,"None","4 DPI"
"HDAC4",0.027187219502018,0.996435682772179,FALSE,"None","4 DPI"
"IRAK1",0.0301807783066286,0.996435682772179,FALSE,"None","4 DPI"
"CIITA",-0.0297416296159252,0.996435682772179,FALSE,"None","4 DPI"
"TBK1",-0.0217687579865578,0.996435682772179,FALSE,"None","4 DPI"
"CD47",-0.0274920240877421,0.996435682772179,FALSE,"None","4 DPI"
"MKNK1",0.0186158376803514,0.996435682772179,FALSE,"None","4 DPI"
"NFKB2",-0.018756339702624,0.996435682772179,FALSE,"None","4 DPI"
"SMAD3",0.00938131151286115,0.996435682772179,FALSE,"None","4 DPI"
"IKZF2",-0.0053554454818876,0.996435682772179,FALSE,"None","4 DPI"
"CCR2",-0.0148604684117561,0.996435682772179,FALSE,"None","4 DPI"
"ALOX15",-0.00922668504645507,0.996435682772179,FALSE,"None","4 DPI"
"CASP2",0.00926940848057356,0.996435682772179,FALSE,"None","4 DPI"
"CD53",0.00470086924057611,0.996435682772179,FALSE,"None","4 DPI"
"FCER1G",0.0634324440106209,0.996435682772179,FALSE,"None","4 DPI"
"CD48",0.0514830242480233,0.996435682772179,FALSE,"None","4 DPI"
"CD99",0.00924834893184645,0.996435682772179,FALSE,"None","4 DPI"
"MAX",0.000965764385227885,0.996435682772179,FALSE,"None","4 DPI"
"AKT3",-0.0467060462369577,0.996435682772179,FALSE,"None","4 DPI"
"PPBP",-0.268930602932956,0.992228425054886,FALSE,"None","4 DPI"
"DDX50",0.0404433808407649,0.996435682772179,FALSE,"None","4 DPI"
"GBP1",4.27173721617801,4.71449341406919e-08,TRUE,"Up","7 DPI"
"OASL",2.90984923942417,1.61317554332747e-07,TRUE,"Up","7 DPI"
"OAS3",3.03233081341221,2.2217871415052e-06,TRUE,"Up","7 DPI"
"OAS1",2.25262003946021,7.04327330405867e-06,TRUE,"Up","7 DPI"
"STAT2",2.70184736146656,7.73656279761999e-06,TRUE,"Up","7 DPI"
"OAS2",2.52973705664764,1.59245267045633e-05,TRUE,"Up","7 DPI"
"ISG20",1.78835113349597,1.59245267045633e-05,TRUE,"Up","7 DPI"
"CXCL10",3.98804811979183,1.59245267045633e-05,TRUE,"Up","7 DPI"
"STAT1",1.57631225809807,1.59245267045633e-05,TRUE,"Up","7 DPI"
"EIF2AK2",2.15227483066727,1.78362468817746e-05,TRUE,"Up","7 DPI"
"TNFSF13B",2.51614836510977,2.81160321263225e-05,TRUE,"Up","7 DPI"
"MX1",3.52927780144163,2.97703758386173e-05,TRUE,"Up","7 DPI"
"IFIH1",2.41022564263105,4.08805465421217e-05,TRUE,"Up","7 DPI"
"DDX58",2.55763009055978,4.08805465421217e-05,TRUE,"Up","7 DPI"
"IFIT1",3.28575175597808,4.32665744306848e-05,TRUE,"Up","7 DPI"
"BST2",1.56469673246196,6.00928528452536e-05,TRUE,"Up","7 DPI"
"FAS",1.80556242109899,0.000154147113061696,TRUE,"Up","7 DPI"
"MX2",2.05251293346628,0.00018371488227918,TRUE,"Up","7 DPI"
"IFI44",3.30376398154144,0.00051955729870768,TRUE,"Up","7 DPI"
"PML",1.37370170545926,0.000536219280173863,TRUE,"Up","7 DPI"
"CD274",2.30127635220425,0.000702918813395025,TRUE,"Up","7 DPI"
"PSMB8",1.09142560911786,0.000702918813395025,TRUE,"Up","7 DPI"
"IFIT2",2.80634789917509,0.00110443785069132,TRUE,"Up","7 DPI"
"CASP10",1.05947441301021,0.00240540172730101,TRUE,"Up","7 DPI"
"TAP1",1.1997032210257,0.00240540172730101,TRUE,"Up","7 DPI"
"BCL2L1",-1.51037205435247,0.00240540172730101,TRUE,"Down","7 DPI"
"IFIT3",2.49519004293355,0.00422179045682665,TRUE,"Up","7 DPI"
"CASP1",1.66226579538342,0.00448147064420723,TRUE,"Up","7 DPI"
"FCER1A",2.31962443803843,0.00459967074421271,TRUE,"Up","7 DPI"
"GZMA",1.95652467121018,0.00482083745293728,TRUE,"Up","7 DPI"
"B2M",0.823189269134312,0.00414481560455495,FALSE,"None","7 DPI"
"TNFAIP3",1.14396921589111,0.00492526801458144,TRUE,"Up","7 DPI"
"IFI16",0.986618427166688,0.00492526801458144,FALSE,"None","7 DPI"
"RARRES3",1.32007214698025,0.00529624169228615,TRUE,"Up","7 DPI"
"TAP2",1.09885670346547,0.00523234377382323,TRUE,"Up","7 DPI"
"PYCARD",1.23834299570295,0.00585681578560366,TRUE,"Up","7 DPI"
"IFITM1",1.07634085096976,0.00585681578560366,TRUE,"Up","7 DPI"
"IFI35",1.0672433751236,0.00645621027243099,TRUE,"Up","7 DPI"
"CYBB",1.3231632369033,0.00655882485529456,TRUE,"Up","7 DPI"
"CD38",1.05027892393909,0.0066886040941439,TRUE,"Up","7 DPI"
"FCGR3",1.63897366078329,0.00834497120251498,TRUE,"Up","7 DPI"
"CX3CR1",1.54495000921936,0.00889854959191828,TRUE,"Up","7 DPI"
"GNLY",1.7385973975925,0.00889854959191828,TRUE,"Up","7 DPI"
"HSH2D",0.952036292871499,0.00889854959191828,FALSE,"None","7 DPI"
"SLAMF7",1.20349680641842,0.0107239794967497,TRUE,"Up","7 DPI"
"UBB",-0.779158290318286,0.00859272032562277,FALSE,"None","7 DPI"
"CD86",0.963535060802342,0.0122286456225495,FALSE,"None","7 DPI"
"IDO1",1.52234906270105,0.0145455714700918,TRUE,"Up","7 DPI"
"RIPK1",0.959737424017201,0.0157239098480479,FALSE,"None","7 DPI"
"PRDM1",0.881884527779139,0.0165135328342676,FALSE,"None","7 DPI"
"IRF7",1.28962839986144,0.0167957872255295,TRUE,"Up","7 DPI"
"BCL2L11",0.936515337429797,0.0167345806895737,FALSE,"None","7 DPI"
"IRF1",0.851839903831213,0.0233680615339698,FALSE,"None","7 DPI"
"SOCS1",1.46694468114307,0.0300503460863664,TRUE,"Up","7 DPI"
"ATG12",0.805900280975436,0.0314448362925593,FALSE,"None","7 DPI"
"CSF1R",1.29445885594889,0.0365712246219493,TRUE,"Up","7 DPI"
"XBP1",0.944261470618166,0.0365712246219493,FALSE,"None","7 DPI"
"IL12RB1",0.856226508812876,0.0365712246219493,FALSE,"None","7 DPI"
"OAZ1",-0.75613081741019,0.0300503460863664,FALSE,"None","7 DPI"
"PTPN2",0.907959446323547,0.0418619236724138,FALSE,"None","7 DPI"
"TLR4",1.50669341947063,0.0486162809272483,TRUE,"Up","7 DPI"
"CD2",0.853655877712307,0.048761901888167,FALSE,"None","7 DPI"
"C1QB",1.65612958866039,0.0496991172394318,TRUE,"Up","7 DPI"
"CD6",0.926069945476947,0.0600337832417613,FALSE,"None","7 DPI"
"CXCR4",-0.943064737854719,0.0600337832417613,FALSE,"None","7 DPI"
"CD97",1.02826907892251,0.0604534801974139,FALSE,"None","7 DPI"
"ITGAL",1.00969687744188,0.0604534801974139,FALSE,"None","7 DPI"
"KLRD1",1.21381075347311,0.0604534801974139,FALSE,"None","7 DPI"
"PSMB9",1.06640569998308,0.0604534801974139,FALSE,"None","7 DPI"
"PSMB10",0.718307574475443,0.0604534801974139,FALSE,"None","7 DPI"
"ATG5",0.739054321227776,0.0604534801974139,FALSE,"None","7 DPI"
"TMEM173",0.743257870613961,0.0604534801974139,FALSE,"None","7 DPI"
"ERCC3",0.625055297066337,0.0621553679418411,FALSE,"None","7 DPI"
"PRF1",1.22383413892958,0.0670062137969365,FALSE,"None","7 DPI"
"CFL1",0.664110457706848,0.0628499620696805,FALSE,"None","7 DPI"
"MS4A2",1.30120585222943,0.0691942169226121,FALSE,"None","7 DPI"
"TBX21",0.874869932580774,0.0715956447751482,FALSE,"None","7 DPI"
"C1QBP",0.943279967413183,0.0717268248851475,FALSE,"None","7 DPI"
"TGFBI",1.04356250105601,0.0745990859034357,FALSE,"None","7 DPI"
"HLA-DMA",1.02282777545008,0.0761899903759818,FALSE,"None","7 DPI"
"HMGB1",-0.757192877011624,0.0604534801974139,FALSE,"None","7 DPI"
"FKBP5",0.911158993219393,0.0800063222173718,FALSE,"None","7 DPI"
"LY96",1.2541071344228,0.084955925313132,FALSE,"None","7 DPI"
"JAK2",0.914540059064763,0.087246697739045,FALSE,"None","7 DPI"
"PSMB7",0.79224811457637,0.0860862212728236,FALSE,"None","7 DPI"
"ITGAM",0.972190284061567,0.087246697739045,FALSE,"None","7 DPI"
"NOTCH2",0.913299309119299,0.0904156469221456,FALSE,"None","7 DPI"
"APP",0.734007718945437,0.0904156469221456,FALSE,"None","7 DPI"
"TNFRSF1B",0.877185484486626,0.0904156469221456,FALSE,"None","7 DPI"
"HLA-DMB",1.07021191523459,0.0904156469221456,FALSE,"None","7 DPI"
"CCR5",0.934399446600142,0.0904156469221456,FALSE,"None","7 DPI"
"CCR3",0.834034559074095,0.0904156469221456,FALSE,"None","7 DPI"
"FCGR1A",1.12629691184145,0.0962861824839833,FALSE,"None","7 DPI"
"CTSC",0.682003868792817,0.0904156469221456,FALSE,"None","7 DPI"
"CSF1",0.74022350743364,0.0904156469221456,FALSE,"None","7 DPI"
"THBS1",-0.80336499685607,0.0983883026659922,FALSE,"None","7 DPI"
"SOCS3",0.827050283325408,0.0962861824839833,FALSE,"None","7 DPI"
"MYD88",0.71202679515307,0.0983994159372529,FALSE,"None","7 DPI"
"ILF3",0.76217767016249,0.0999956813167933,FALSE,"None","7 DPI"
"BID",0.708665625498055,0.101428235127531,FALSE,"None","7 DPI"
"TNFSF12",0.590588038762299,0.098463054688022,FALSE,"None","7 DPI"
"AHR",-0.740598280545874,0.101428235127531,FALSE,"None","7 DPI"
"PSMD7",0.718532389815079,0.101428235127531,FALSE,"None","7 DPI"
"JAK3",0.752790898102561,0.101428235127531,FALSE,"None","7 DPI"
"CD244",0.713747906491695,0.101428235127531,FALSE,"None","7 DPI"
"MIF",0.645117569624752,0.10295310313335,FALSE,"None","7 DPI"
"DEFA1",-1.12612245782345,0.114962828227288,FALSE,"None","7 DPI"
"LTF",-1.11679126082437,0.114962828227288,FALSE,"None","7 DPI"
"FCGR2B",0.849188256237803,0.114962828227288,FALSE,"None","7 DPI"
"ROCK2",0.580566403924938,0.114962828227288,FALSE,"None","7 DPI"
"BAX",0.792546708828583,0.125829486970001,FALSE,"None","7 DPI"
"TAGAP",0.901565673288768,0.125829486970001,FALSE,"None","7 DPI"
"KLRF1",0.891837715427485,0.122155018699766,FALSE,"None","7 DPI"
"TUBB",0.857687569077335,0.129309272254737,FALSE,"None","7 DPI"
"MAP3K5",0.584949624610343,0.122638389866397,FALSE,"None","7 DPI"
"NFKBIA",0.868337143810436,0.129309272254737,FALSE,"None","7 DPI"
"MAPK3",0.721851842032468,0.129309272254737,FALSE,"None","7 DPI"
"IL1R2",-1.41430395625495,0.129309272254737,FALSE,"None","7 DPI"
"TAPBP",0.585044148609844,0.143928176927165,FALSE,"None","7 DPI"
"GPI",0.79754572557459,0.161429641727937,FALSE,"None","7 DPI"
"STAT3",0.890418378263847,0.159195596081885,FALSE,"None","7 DPI"
"GRB2",0.673208808541327,0.16155132063119,FALSE,"None","7 DPI"
"PTGS2",-1.1642243830643,0.159195596081885,FALSE,"None","7 DPI"
"GNAS",-0.513577789362369,0.145020407174716,FALSE,"None","7 DPI"
"CLEC7A",1.03964772321279,0.166257841537445,FALSE,"None","7 DPI"
"IKZF3",0.772949142466045,0.166257841537445,FALSE,"None","7 DPI"
"PTGER4",0.621792208569977,0.16494654520864,FALSE,"None","7 DPI"
"PSMC2",0.676347420802355,0.170270289998659,FALSE,"None","7 DPI"
"MAP3K1",0.648088819939582,0.166257841537445,FALSE,"None","7 DPI"
"IL15",0.623882302162598,0.162055872483581,FALSE,"None","7 DPI"
"IL13RA1",0.777146680046668,0.166257841537445,FALSE,"None","7 DPI"
"MAP4K4",-0.635531111435908,0.16494654520864,FALSE,"None","7 DPI"
"NFE2L2",0.794955556720764,0.181925751393566,FALSE,"None","7 DPI"
"ITGB2",0.774592738854805,0.195712997458484,FALSE,"None","7 DPI"
"GZMB",0.758587466147603,0.165385139598574,FALSE,"None","7 DPI"
"CIITA",0.653962910090824,0.183319095613447,FALSE,"None","7 DPI"
"FLT3LG",0.593960865280609,0.197623696129225,FALSE,"None","7 DPI"
"STAT5A",0.507243110782293,0.196348192009321,FALSE,"None","7 DPI"
"BCL2",0.574128690005781,0.197623696129225,FALSE,"None","7 DPI"
"GZMH",0.723339968013571,0.185936580668115,FALSE,"None","7 DPI"
"HIF1A",0.651535812346019,0.217549091303445,FALSE,"None","7 DPI"
"CMA1",0.916238263411056,0.214799137417891,FALSE,"None","7 DPI"
"ICAM2",0.654766973989666,0.235854558891216,FALSE,"None","7 DPI"
"HPRT1",0.546291337200064,0.220861179014433,FALSE,"None","7 DPI"
"ANP32B",0.618440222833906,0.244860912474907,FALSE,"None","7 DPI"
"CDKN1A",0.730910182297502,0.2294307582877,FALSE,"None","7 DPI"
"PPIA",0.503579740044625,0.225636987860667,FALSE,"None","7 DPI"
"SHC1",0.530377941860522,0.244845104642429,FALSE,"None","7 DPI"
"MS4A1",-0.633250882709989,0.248541262007491,FALSE,"None","7 DPI"
"CD68",0.740406049468787,0.256407748905758,FALSE,"None","7 DPI"
"RUNX1",0.667688967852051,0.252505820280163,FALSE,"None","7 DPI"
"IRF5",0.451513367091168,0.244860912474907,FALSE,"None","7 DPI"
"ABCF1",0.541072622702964,0.244860912474907,FALSE,"None","7 DPI"
"HLA-DQB1",0.74428112682123,0.254291300583921,FALSE,"None","7 DPI"
"TBK1",0.41361144012227,0.247240858316438,FALSE,"None","7 DPI"
"SH2D1A",0.629153531028997,0.249099853605216,FALSE,"None","7 DPI"
"DPP4",0.519325843316837,0.249437218154081,FALSE,"None","7 DPI"
"CCND3",0.704402159232865,0.260581794175238,FALSE,"None","7 DPI"
"FADD",0.487669367915474,0.249437218154081,FALSE,"None","7 DPI"
"STAT4",0.504152447743406,0.252505820280163,FALSE,"None","7 DPI"
"SERPING1",0.79227523695799,0.25205460234533,FALSE,"None","7 DPI"
"IRF3",0.617495613673185,0.264456986708831,FALSE,"None","7 DPI"
"TGFBR2",0.683202334757018,0.264456986708831,FALSE,"None","7 DPI"
"CD59",0.692797661086454,0.264456986708831,FALSE,"None","7 DPI"
"LCK",0.67940585577732,0.268358085996689,FALSE,"None","7 DPI"
"IRAK4",0.44761400282512,0.256407748905758,FALSE,"None","7 DPI"
"NFATC3",0.664691032538116,0.277048516449969,FALSE,"None","7 DPI"
"CD53",0.398694386013581,0.254291300583921,FALSE,"None","7 DPI"
"TARP",0.692139892434218,0.279044407360652,FALSE,"None","7 DPI"
"TIGIT",0.501474120209714,0.257545261983057,FALSE,"None","7 DPI"
"PSMB5",0.447939806713118,0.260381126194138,FALSE,"None","7 DPI"
"MAPK1",0.618210410837033,0.279747129897133,FALSE,"None","7 DPI"
"EIF2A",0.522665378674468,0.279747129897133,FALSE,"None","7 DPI"
"NFKBIZ",0.509201374983824,0.273086523079432,FALSE,"None","7 DPI"
"CD3D",0.597651102162214,0.273455486749471,FALSE,"None","7 DPI"
"MALT1",0.521306612516225,0.28261192838545,FALSE,"None","7 DPI"
"TAL1",-0.689729722164185,0.279747129897133,FALSE,"None","7 DPI"
"LAG3",0.557497033077248,0.279747129897133,FALSE,"None","7 DPI"
"SYK",0.63669256601866,0.299835378690336,FALSE,"None","7 DPI"
"ALAS1",0.438663627346743,0.279747129897133,FALSE,"None","7 DPI"
"CD1C",-0.733850022710272,0.288219062902195,FALSE,"None","7 DPI"
"HDAC4",0.424820973454562,0.283644567141312,FALSE,"None","7 DPI"
"CCR2",0.566759487231896,0.288219062902195,FALSE,"None","7 DPI"
"CASP8",0.618085529628864,0.305489164740418,FALSE,"None","7 DPI"
"TLR6",0.657139846568477,0.305489164740418,FALSE,"None","7 DPI"
"CXCR3",0.498165136165731,0.29466163585782,FALSE,"None","7 DPI"
"IL10RB",0.60766828045478,0.306226909656626,FALSE,"None","7 DPI"
"IL7",0.487106469285314,0.29466163585782,FALSE,"None","7 DPI"
"IRAK1",0.507923717084412,0.29466163585782,FALSE,"None","7 DPI"
"CD24",-0.633984058261448,0.296501815834496,FALSE,"None","7 DPI"
"HLA-A",1.06737330532156,0.29466163585782,FALSE,"None","7 DPI"
"IL2RB",0.592773733647887,0.299835378690336,FALSE,"None","7 DPI"
"CYSLTR1",0.381436444817319,0.296501815834496,FALSE,"None","7 DPI"
"CD3G",0.618560089294494,0.305489164740418,FALSE,"None","7 DPI"
"EWSR1",0.632055790799924,0.307450945247606,FALSE,"None","7 DPI"
"CD58",0.620807776691986,0.307450945247606,FALSE,"None","7 DPI"
"APOE",0.645931595878658,0.299835378690336,FALSE,"None","7 DPI"
"GNAQ",-0.413275409931545,0.307450945247606,FALSE,"None","7 DPI"
"BATF",0.361639936158176,0.299835378690336,FALSE,"None","7 DPI"
"PRKCD",0.592299284283916,0.307450945247606,FALSE,"None","7 DPI"
"CD164",0.539549960929627,0.311599607886995,FALSE,"None","7 DPI"
"NFATC2",0.530789984179526,0.299835378690336,FALSE,"None","7 DPI"
"TRAF1",0.382645753732667,0.301206015785007,FALSE,"None","7 DPI"
"KCNJ2",0.798464982923718,0.313928698651176,FALSE,"None","7 DPI"
"CMKLR1",0.532512899917404,0.305489164740418,FALSE,"None","7 DPI"
"TYK2",0.426406917738481,0.307450945247606,FALSE,"None","7 DPI"
"CCR1",0.553981108452482,0.305489164740418,FALSE,"None","7 DPI"
"NFKB1",0.497735019729882,0.307450945247606,FALSE,"None","7 DPI"
"IL1RAP",0.701322062694462,0.320882681327754,FALSE,"None","7 DPI"
"SLAMF6",0.474628096689576,0.306226909656626,FALSE,"None","7 DPI"
"HDAC3",0.48436501643903,0.308766018701536,FALSE,"None","7 DPI"
"TNFSF10",0.494743161407994,0.313928698651176,FALSE,"None","7 DPI"
"LTB",0.522203257432979,0.322369987615969,FALSE,"None","7 DPI"
"PDGFB",0.527213448883074,0.313928698651176,FALSE,"None","7 DPI"
"C9",0.594497628570337,0.313928698651176,FALSE,"None","7 DPI"
"HLA-DRA",0.477200902786976,0.299835378690336,FALSE,"None","7 DPI"
"FASLG",0.430691224477151,0.313928698651176,FALSE,"None","7 DPI"
"HLA-DRB1",0.422182204124555,0.307450945247606,FALSE,"None","7 DPI"
"CCRL2",0.693020480869611,0.337359210319893,FALSE,"None","7 DPI"
"LILRA3",0.828405053823397,0.344175022477114,FALSE,"None","7 DPI"
"KLRG1",0.611044412962387,0.320197099285655,FALSE,"None","7 DPI"
"CD8B",0.527402763030121,0.320882681327754,FALSE,"None","7 DPI"
"HLA-DPB1",0.60624995899885,0.346198521497452,FALSE,"None","7 DPI"
"MAP2K6",0.382520494954539,0.321193860114015,FALSE,"None","7 DPI"
"IFNAR2",0.499490860841762,0.321193860114015,FALSE,"None","7 DPI"
"IRF4",0.44419977820201,0.321193860114015,FALSE,"None","7 DPI"
"RIPK2",0.3835911482735,0.321966373858124,FALSE,"None","7 DPI"
"CEACAM8",-0.672623300128295,0.329101958746906,FALSE,"None","7 DPI"
"CREB1",0.481798341421626,0.363035798841394,FALSE,"None","7 DPI"
"TNFSF13",0.692343183339023,0.332539823386169,FALSE,"None","7 DPI"
"S100A9",0.838885774155433,0.302865288995525,FALSE,"None","7 DPI"
"IL1R1",-0.548647997707553,0.350105868140811,FALSE,"None","7 DPI"
"CD9",-0.615829398080704,0.332539823386169,FALSE,"None","7 DPI"
"CLEC4E",-0.536990158854675,0.350105868140811,FALSE,"None","7 DPI"
"IRF8",-0.36591925530967,0.346198521497452,FALSE,"None","7 DPI"
"STAT5B",0.508397862510328,0.382524549284253,FALSE,"None","7 DPI"
"FCER1G",0.476048781868757,0.332457755817744,FALSE,"None","7 DPI"
"PDCD2",0.43504511577234,0.350105868140811,FALSE,"None","7 DPI"
"IL2RG",0.571265415728762,0.387972152612755,FALSE,"None","7 DPI"
"POLR2A",0.390011492706341,0.380380221896029,FALSE,"None","7 DPI"
"TRAF2",0.449777033707598,0.374373583392554,FALSE,"None","7 DPI"
"TRAF4",0.442110026554473,0.374622956864648,FALSE,"None","7 DPI"
"TGFB1",0.332334331128926,0.376475007448932,FALSE,"None","7 DPI"
"TOLLIP",0.419387565374914,0.374622956864648,FALSE,"None","7 DPI"
"SLAMF1",0.366171514796656,0.3759356005166,FALSE,"None","7 DPI"
"C5",-0.656271377130345,0.355922751435409,FALSE,"None","7 DPI"
"PECAM1",0.431588344577808,0.409088240280686,FALSE,"None","7 DPI"
"CTLA4",0.377696529888278,0.38818512990692,FALSE,"None","7 DPI"
"S1PR1",0.435756163318192,0.426177429567899,FALSE,"None","7 DPI"
"PPBP",-0.767975458622976,0.321966373858124,FALSE,"None","7 DPI"
"ITLN1",0.459552705156826,0.403084539540872,FALSE,"None","7 DPI"
"FOS",-0.740208913151644,0.38818512990692,FALSE,"None","7 DPI"
"CD81",0.371714218169942,0.437488441883401,FALSE,"None","7 DPI"
"IL17RA",0.474712658643242,0.437488441883401,FALSE,"None","7 DPI"
"CLU",0.354988138451647,0.38818512990692,FALSE,"None","7 DPI"
"TLR1",0.471284782169478,0.437488441883401,FALSE,"None","7 DPI"
"F13A1",-0.451947367424717,0.437488441883401,FALSE,"None","7 DPI"
"CXCL11",0.52382115688418,0.42563304512626,FALSE,"None","7 DPI"
"CD79A",-0.389082764330321,0.42563304512626,FALSE,"None","7 DPI"
"CD7",0.473147847336271,0.438823942005196,FALSE,"None","7 DPI"
"NOD2",0.393774985347479,0.437488441883401,FALSE,"None","7 DPI"
"CD3E",0.401173901176493,0.424274947628229,FALSE,"None","7 DPI"
"NFATC1",0.330790393599638,0.42563304512626,FALSE,"None","7 DPI"
"CISH",0.473612499605091,0.43744482784865,FALSE,"None","7 DPI"
"CD27",0.363689104044413,0.428237632345349,FALSE,"None","7 DPI"
"IFNGR2",0.459680104882855,0.451969271334966,FALSE,"None","7 DPI"
"IKBKE",0.372615532363615,0.437488441883401,FALSE,"None","7 DPI"
"CD44",0.560988832297696,0.437488441883401,FALSE,"None","7 DPI"
"MAP2K4",0.496955524813318,0.457520650216967,FALSE,"None","7 DPI"
"CASP3",-0.322646072443979,0.437488441883401,FALSE,"None","7 DPI"
"CTNNB1",-0.494012629923842,0.437488441883401,FALSE,"None","7 DPI"
"NR3C1",0.353662635083865,0.45407017325598,FALSE,"None","7 DPI"
"RPS6KA5",0.301926855283424,0.437488441883401,FALSE,"None","7 DPI"
"NOD1",0.350348303456101,0.437488441883401,FALSE,"None","7 DPI"
"TNF",0.382561341525899,0.437488441883401,FALSE,"None","7 DPI"
"MAF",0.301204946161382,0.437488441883401,FALSE,"None","7 DPI"
"BLNK",0.330095243430315,0.437488441883401,FALSE,"None","7 DPI"
"IL9",0.794916945465365,0.437488441883401,FALSE,"None","7 DPI"
"FCGRT",-0.549056959890398,0.440592492261462,FALSE,"None","7 DPI"
"MAP4K1",0.361567681424438,0.45745512267582,FALSE,"None","7 DPI"
"ICOS",0.337729156896781,0.440592492261462,FALSE,"None","7 DPI"
"CD5",0.323939195203727,0.445470909971143,FALSE,"None","7 DPI"
"EGR1",0.367744386202937,0.440592492261462,FALSE,"None","7 DPI"
"MCL1",0.312409210092978,0.437488441883401,FALSE,"None","7 DPI"
"LCP2",0.264647096258724,0.440592492261462,FALSE,"None","7 DPI"
"LGALS3",-0.356008087996141,0.457548111174494,FALSE,"None","7 DPI"
"S100A8",0.746189742104191,0.437488441883401,FALSE,"None","7 DPI"
"TGFB2",0.276387883186512,0.457520650216967,FALSE,"None","7 DPI"
"C4BPA",-0.568541278465268,0.486643997324826,FALSE,"None","7 DPI"
"CD8A",0.445281191675359,0.45763779955904,FALSE,"None","7 DPI"
"EOMES",-0.427452240193996,0.45763779955904,FALSE,"None","7 DPI"
"CD1D",0.327881255768376,0.45763779955904,FALSE,"None","7 DPI"
"HLA-B",0.446688182390622,0.437488441883401,FALSE,"None","7 DPI"
"SELPLG",0.434075430800853,0.519237644344857,FALSE,"None","7 DPI"
"DDX50",-0.360505707134612,0.42563304512626,FALSE,"None","7 DPI"
"CSF2RB",0.424011923693405,0.515064259639432,FALSE,"None","7 DPI"
"IRAK3",0.513531670112249,0.539469533699706,FALSE,"None","7 DPI"
"CASP2",0.345419232857155,0.481954175282078,FALSE,"None","7 DPI"
"CD48",0.325159946230324,0.458047262720211,FALSE,"None","7 DPI"
"MAPKAPK2",0.292549143562334,0.492768355325982,FALSE,"None","7 DPI"
"BIRC2",0.292740560646036,0.519996449886622,FALSE,"None","7 DPI"
"POU2F2",0.254092401033648,0.500698815421029,FALSE,"None","7 DPI"
"CTSS",0.384091905721123,0.457520650216967,FALSE,"None","7 DPI"
"TNFRSF13C",0.372615532363615,0.514705031096359,FALSE,"None","7 DPI"
"IFNAR1",0.260977778838717,0.501125218589102,FALSE,"None","7 DPI"
"TLR8",0.336510490580613,0.542283722984399,FALSE,"None","7 DPI"
"MMP9",0.639441497864654,0.561404160264607,FALSE,"None","7 DPI"
"KLRK1",0.428996798786212,0.573520929378025,FALSE,"None","7 DPI"
"CD47",0.234554955760373,0.519237644344857,FALSE,"None","7 DPI"
"STAT6",0.319886694876917,0.556745990827018,FALSE,"None","7 DPI"
"LITAF",0.461585833399354,0.561404160264607,FALSE,"None","7 DPI"
"SMAD3",0.286273453719575,0.525225747869382,FALSE,"None","7 DPI"
"PTPN6",0.35267072979487,0.543931730466042,FALSE,"None","7 DPI"
"FN1",0.438414851752137,0.55772694408144,FALSE,"None","7 DPI"
"IL18RAP",0.533642881788081,0.527505160083695,FALSE,"None","7 DPI"
"CD79B",0.257799171516552,0.539469533699706,FALSE,"None","7 DPI"
"PRKCA",0.267519641573655,0.541164569467921,FALSE,"None","7 DPI"
"CFD",-0.340320243139322,0.54438496099884,FALSE,"None","7 DPI"
"NUP107",0.227893182760826,0.541164569467921,FALSE,"None","7 DPI"
"C3AR1",0.358205950745672,0.542283722984399,FALSE,"None","7 DPI"
"CD19",-0.305673522554136,0.541164569467921,FALSE,"None","7 DPI"
"PTK2",0.344165112690051,0.597596630613762,FALSE,"None","7 DPI"
"CCL5",0.364586179825784,0.561404160264607,FALSE,"None","7 DPI"
"MEF2D",0.22327064772019,0.543931730466042,FALSE,"None","7 DPI"
"NFIL3",0.347985529864537,0.556100825189298,FALSE,"None","7 DPI"
"IKZF1",0.212267623220475,0.617476853924943,FALSE,"None","7 DPI"
"IKBKB",0.282510490671237,0.55772694408144,FALSE,"None","7 DPI"
"CD55",-0.428097865176209,0.518635977606428,FALSE,"None","7 DPI"
"NCF4",-0.328798481249272,0.587107150180856,FALSE,"None","7 DPI"
"USP9Y",0.337444017528835,0.643336221467472,FALSE,"None","7 DPI"
"HLA-DPA1",0.50461654457356,0.55772694408144,FALSE,"None","7 DPI"
"IL12RB2",0.343209538445961,0.573693522811904,FALSE,"None","7 DPI"
"CD69",0.23127706366478,0.587107150180856,FALSE,"None","7 DPI"
"SRC",0.276772342644884,0.587918941609465,FALSE,"None","7 DPI"
"KLRC1",0.247266634616723,0.587918941609465,FALSE,"None","7 DPI"
"SLC2A1",-0.306418362668567,0.587918941609465,FALSE,"None","7 DPI"
"FCAR",-0.35348403719345,0.633397907284757,FALSE,"None","7 DPI"
"LAIR1",0.424364981440807,0.655351055794991,FALSE,"None","7 DPI"
"IL6R",-0.312806744240325,0.634823269810323,FALSE,"None","7 DPI"
"CFP",0.277459160544231,0.628872605573339,FALSE,"None","7 DPI"
"REPS1",0.237724444333073,0.60032177952231,FALSE,"None","7 DPI"
"BCAP31",0.204749845314341,0.617201902706038,FALSE,"None","7 DPI"
"FPR2",0.31825327509666,0.61873120186397,FALSE,"None","7 DPI"
"IL16",0.298802878135179,0.698196017423687,FALSE,"None","7 DPI"
"TLR5",0.263235675904431,0.633397907284757,FALSE,"None","7 DPI"
"PTGS1",0.292437380350814,0.621826644719341,FALSE,"None","7 DPI"
"RHOA",0.172880959114382,0.695518162291711,FALSE,"None","7 DPI"
"CD36",-0.380875006604387,0.633397907284757,FALSE,"None","7 DPI"
"ICAM4",-0.437331368951236,0.677108179180875,FALSE,"None","7 DPI"
"C4A",0.293898671892282,0.636653653189094,FALSE,"None","7 DPI"
"CD247",0.259628560745421,0.634774935113213,FALSE,"None","7 DPI"
"MAPKAPK5",0.234382677419656,0.634774935113213,FALSE,"None","7 DPI"
"CARD9",0.326211066680878,0.646334930704462,FALSE,"None","7 DPI"
"C2",0.316293687160256,0.655351055794991,FALSE,"None","7 DPI"
"CD74",0.271154439964475,0.55772694408144,FALSE,"None","7 DPI"
"MAX",-0.174251849496452,0.63837014777934,FALSE,"None","7 DPI"
"ITGA2B",-0.2198465868561,0.743295695965571,FALSE,"None","7 DPI"
"AKT3",-0.27040253390448,0.625871555432232,FALSE,"None","7 DPI"
"TBP",0.288197117536236,0.685153190390676,FALSE,"None","7 DPI"
"PTPN22",-0.241657571185893,0.695518162291711,FALSE,"None","7 DPI"
"LILRA2",0.476937454675186,0.695518162291711,FALSE,"None","7 DPI"
"IL8",-0.474295950699629,0.745606046864552,FALSE,"None","7 DPI"
"CD28",0.239740900987838,0.686205650271822,FALSE,"None","7 DPI"
"CD99",0.207182555275912,0.653976025635326,FALSE,"None","7 DPI"
"BCL6",-0.227670700324721,0.756759485114371,FALSE,"None","7 DPI"
"MR1",0.261906570108885,0.712665845382581,FALSE,"None","7 DPI"
"JAK1",-0.142983041205445,0.773865820317849,FALSE,"None","7 DPI"
"FCGR2A",0.316618532354513,0.695907392470316,FALSE,"None","7 DPI"
"ICAM3",0.202438613974529,0.721026943663916,FALSE,"None","7 DPI"
"CD22",-0.237634167404165,0.712665845382581,FALSE,"None","7 DPI"
"TFRC",-0.224494249411461,0.712665845382581,FALSE,"None","7 DPI"
"ITGB1",0.224828546019056,0.809529497212748,FALSE,"None","7 DPI"
"HLA-DQA1",-0.386922758452425,0.787121942944854,FALSE,"None","7 DPI"
"SIRPA",0.226028957497784,0.814492012128793,FALSE,"None","7 DPI"
"MME",-0.296918735253339,0.743295695965571,FALSE,"None","7 DPI"
"JUN",-0.191591249605,0.734640822259982,FALSE,"None","7 DPI"
"G6PD",0.150597969473532,0.717858758850622,FALSE,"None","7 DPI"
"CXCR1",-0.264745534659617,0.813092237202179,FALSE,"None","7 DPI"
"GFI1",0.230229358370829,0.743295695965571,FALSE,"None","7 DPI"
"C5aR1",0.254806501991366,0.738634840808415,FALSE,"None","7 DPI"
"ITGA4",0.171756571523563,0.717858758850622,FALSE,"None","7 DPI"
"ATF2",0.159917923423148,0.758915259331066,FALSE,"None","7 DPI"
"TRAF3",-0.203886349639618,0.743295695965571,FALSE,"None","7 DPI"
"SKI",0.135613993233179,0.743295695965571,FALSE,"None","7 DPI"
"TNFRSF14",0.196177266860953,0.75056128258204,FALSE,"None","7 DPI"
"MAPK14",0.228437835631249,0.743295695965571,FALSE,"None","7 DPI"
"ZAP70",0.323015487165896,0.743295695965571,FALSE,"None","7 DPI"
"PLAUR",-0.208189424933495,0.758915259331066,FALSE,"None","7 DPI"
"MAFG",-0.164241715558478,0.768842587210206,FALSE,"None","7 DPI"
"CXCL6",0.232946622991946,0.779918153330865,FALSE,"None","7 DPI"
"DOCK9",-0.185112262750963,0.7799688739677,FALSE,"None","7 DPI"
"IL10RA",0.113746446408317,0.87862678668385,FALSE,"None","7 DPI"
"CD83",-0.156602432277478,0.782971523609547,FALSE,"None","7 DPI"
"RAC1",-0.098793663332069,0.90132737076105,FALSE,"None","7 DPI"
"ARHGDIB",0.180897648919245,0.712253188745601,FALSE,"None","7 DPI"
"CEBPB",0.177080782932972,0.90132737076105,FALSE,"None","7 DPI"
"SELL",0.234993200399188,0.67517479399507,FALSE,"None","7 DPI"
"IL7R",-0.177247653181428,0.773865820317849,FALSE,"None","7 DPI"
"GNB1",0.141230259704153,0.761255936489291,FALSE,"None","7 DPI"
"MYC",0.155894867309243,0.7799688739677,FALSE,"None","7 DPI"
"CXCR2",-0.14409473166277,0.927627531519449,FALSE,"None","7 DPI"
"CD163",-0.18386655918968,0.796142482546487,FALSE,"None","7 DPI"
"GP1BB",0.107848640946967,0.90132737076105,FALSE,"None","7 DPI"
"KIR3DL2",0.226048614722568,0.814492012128793,FALSE,"None","7 DPI"
"CD46",0.070972728307332,0.933393734901817,FALSE,"None","7 DPI"
"GZMK",0.21651378938053,0.814492012128793,FALSE,"None","7 DPI"
"CD1A",-0.164360408376059,0.816028278848431,FALSE,"None","7 DPI"
"RNASEL",0.176395917045132,0.823382682597627,FALSE,"None","7 DPI"
"ALOX5",-0.161166574180156,0.822709824791804,FALSE,"None","7 DPI"
"CD40LG",0.119202048711514,0.814492012128793,FALSE,"None","7 DPI"
"PRKCB",0.0734641483850353,0.912510697028119,FALSE,"None","7 DPI"
"ITGA5",-0.0426680610684382,0.986138944813804,FALSE,"None","7 DPI"
"BCL3",-0.137429458330715,0.876929801189831,FALSE,"None","7 DPI"
"IFNGR1",-0.0300351952143689,0.991553055627826,FALSE,"None","7 DPI"
"SIGIRR",0.138396719665994,0.816028278848431,FALSE,"None","7 DPI"
"C14orf166",0.0495590282028111,0.971655025527548,FALSE,"None","7 DPI"
"ARG2",-0.0163313870837065,0.998925228541191,FALSE,"None","7 DPI"
"SDHA",0.155614288137404,0.816028278848431,FALSE,"None","7 DPI"
"CLEC4A",-0.129464202629759,0.90132737076105,FALSE,"None","7 DPI"
"LILRB3",0.18651677302406,0.823672896162919,FALSE,"None","7 DPI"
"DAXX",0.119372834130438,0.829440496924084,FALSE,"None","7 DPI"
"NCR1",-0.15378182802306,0.854901439191296,FALSE,"None","7 DPI"
"KLRB1",0.169357311314648,0.870593464692896,FALSE,"None","7 DPI"
"KLRC3",0.164347461276662,0.829440496924084,FALSE,"None","7 DPI"
"IL18R1",0.144388560456422,0.87862678668385,FALSE,"None","7 DPI"
"PTPRC",0.137284418262089,0.743295695965571,FALSE,"None","7 DPI"
"SMAD2",0.0954584581059859,0.883490267429431,FALSE,"None","7 DPI"
"TGFBR1",-0.0181939879090987,0.994164115657425,FALSE,"None","7 DPI"
"UBE2L3",-0.0542474314827075,0.946896848772445,FALSE,"None","7 DPI"
"TLR2",0.0271199922309826,0.991553055627826,FALSE,"None","7 DPI"
"CCR7",0.160987261089252,0.86627873072955,FALSE,"None","7 DPI"
"CAMP",0.00800151445393382,0.998925228541191,FALSE,"None","7 DPI"
"NLRP3",-0.127237400034551,0.890198242860954,FALSE,"None","7 DPI"
"TNFRSF17",0.129736632312951,0.90132737076105,FALSE,"None","7 DPI"
"HMGB2",0.0846155324798303,0.927627531519449,FALSE,"None","7 DPI"
"TCF4",-0.109889526147434,0.873978466463987,FALSE,"None","7 DPI"
"SIGLEC1",0.129736632312951,0.90132737076105,FALSE,"None","7 DPI"
"MEF2A",-0.0991644981254343,0.90132737076105,FALSE,"None","7 DPI"
"ATG7",-0.122091993034666,0.884105181161549,FALSE,"None","7 DPI"
"FYN",-0.0425984226016727,0.980914279815941,FALSE,"None","7 DPI"
"C10orf54",0.067388700763285,0.93286795160431,FALSE,"None","7 DPI"
"KLRC2",-0.170407528625013,0.881454507580923,FALSE,"None","7 DPI"
"IDO2",0.218180168081775,0.878082560617559,FALSE,"None","7 DPI"
"CXCR6",0.122757377227916,0.902528471225843,FALSE,"None","7 DPI"
"CR1",-0.109869156949447,0.90132737076105,FALSE,"None","7 DPI"
"RELB",0.114103818185666,0.902528471225843,FALSE,"None","7 DPI"
"CD82",-0.0559304918159551,0.980914279815941,FALSE,"None","7 DPI"
"IRAK2",-0.0932898375719846,0.90132737076105,FALSE,"None","7 DPI"
"ATM",-0.0550955069298027,0.977991725290626,FALSE,"None","7 DPI"
"IGF2R",0.0891963758653596,0.912510697028119,FALSE,"None","7 DPI"
"GPR183",-0.056124378433049,0.959761403147349,FALSE,"None","7 DPI"
"IKZF2",0.146746342664161,0.90132737076105,FALSE,"None","7 DPI"
"CSF3R",-0.00359586698803582,0.998925228541191,FALSE,"None","7 DPI"
"DDIT3",0.100759328410467,0.90132737076105,FALSE,"None","7 DPI"
"MAP2K1",0.13257055516851,0.90132737076105,FALSE,"None","7 DPI"
"IL21R",0.122390672465738,0.90132737076105,FALSE,"None","7 DPI"
"PTAFR",-0.0479538095761924,0.981718187732757,FALSE,"None","7 DPI"
"RELA",-0.0728916367372578,0.933377036639247,FALSE,"None","7 DPI"
"CD14",0.00132729085639127,0.998925228541191,FALSE,"None","7 DPI"
"LILRA5",0.125001475016061,0.90132737076105,FALSE,"None","7 DPI"
"TRADD",0.0674537216653546,0.9489970286426,FALSE,"None","7 DPI"
"IL1RN",0.123495034909411,0.90132737076105,FALSE,"None","7 DPI"
"IL6ST",0.0678308307496067,0.946932337603035,FALSE,"None","7 DPI"
"IKBKAP",0.0963479003984444,0.902528471225843,FALSE,"None","7 DPI"
"ETS1",0.0797961064536779,0.93286795160431,FALSE,"None","7 DPI"
"TRIM39",-0.0622964312702203,0.946896848772445,FALSE,"None","7 DPI"
"NOTCH1",0.0786948341959581,0.907538957075478,FALSE,"None","7 DPI"
"IL11RA",0.0969878544587717,0.912034243285359,FALSE,"None","7 DPI"
"HRAS",0.0575079125030706,0.969990096852962,FALSE,"None","7 DPI"
"CEACAM1",-0.0608571274522136,0.946896848772445,FALSE,"None","7 DPI"
"CXCL3",0.0733308058938045,0.94513687236818,FALSE,"None","7 DPI"
"BTLA",-0.0800129167997436,0.961911814174895,FALSE,"None","7 DPI"
"CCR6",0.0478804570444025,0.980914279815941,FALSE,"None","7 DPI"
"GUSB",0.0799479939818122,0.946896848772445,FALSE,"None","7 DPI"
"CD96",-0.0085541136631555,0.998925228541191,FALSE,"None","7 DPI"
"TP53",-0.0535733853443361,0.972340159872493,FALSE,"None","7 DPI"
"ITGAX",0.0365994620659436,0.986138944813804,FALSE,"None","7 DPI"
"ADA",0.038446382531288,0.985974838003927,FALSE,"None","7 DPI"
"LILRB2",0.112765465619132,0.927627531519449,FALSE,"None","7 DPI"
"RAF1",-0.0637428849769144,0.933377036639247,FALSE,"None","7 DPI"
"SMAD7",0.0343153070472715,0.986138944813804,FALSE,"None","7 DPI"
"XCL1",0.0378831878838426,0.986138944813804,FALSE,"None","7 DPI"
"ICAM1",0.0857938439795145,0.93286795160431,FALSE,"None","7 DPI"
"PPP1R12B",-0.0418597461693686,0.984514466702897,FALSE,"None","7 DPI"
"TNFSF14",0.0350090684784847,0.986138944813804,FALSE,"None","7 DPI"
"IL18",-0.0347690201126394,0.986138944813804,FALSE,"None","7 DPI"
"MAP3K7",-0.0475113269483405,0.971655025527548,FALSE,"None","7 DPI"
"TRAF6",0.0205322306122264,0.991553055627826,FALSE,"None","7 DPI"
"CD40",-0.0287702554441092,0.986290166373612,FALSE,"None","7 DPI"
"MEF2C",-0.0274920853110956,0.986290166373612,FALSE,"None","7 DPI"
"LTBR",-0.0391041712550217,0.985974838003927,FALSE,"None","7 DPI"
"CUL9",0.0205322306122264,0.991553055627826,FALSE,"None","7 DPI"
"CD80",0.0205322306122264,0.991553055627826,FALSE,"None","7 DPI"
"GTF3C1",0.0290081125118213,0.986526934243036,FALSE,"None","7 DPI"
"HLA-C",0.0793547399637751,0.971655025527548,FALSE,"None","7 DPI"
"ITGA6",0.063368636404693,0.959761403147349,FALSE,"None","7 DPI"
"ENTPD1",-0.0123110258527612,0.998925228541191,FALSE,"None","7 DPI"
"IL29",-0.0123110258527612,0.998925228541191,FALSE,"None","7 DPI"
"MAPK8",-0.0191456047029384,0.991553055627826,FALSE,"None","7 DPI"
"TCF7",-0.000432993732877307,0.998925228541191,FALSE,"None","7 DPI"
"ZEB1",-0.0044608279253362,0.998925228541191,FALSE,"None","7 DPI"
"ELK1",-0.0044608279253362,0.998925228541191,FALSE,"None","7 DPI"
"IFNG",-0.00439666818223916,0.998925228541191,FALSE,"None","7 DPI"
"TIRAP",-0.00454113756530017,0.998925228541191,FALSE,"None","7 DPI"
"PLCB1",0.00656596456304825,0.998925228541191,FALSE,"None","7 DPI"
"BTK",-0.00971801345590961,0.998925228541191,FALSE,"None","7 DPI"
"TNFSF8",0.0374828260827611,0.971655025527548,FALSE,"None","7 DPI"
"LEF1",0.0332479349632973,0.986290166373612,FALSE,"None","7 DPI"
"HSPB1",-0.0729790288078824,0.980914279815941,FALSE,"None","7 DPI"
"TRAF5",0.0338642685292729,0.986526934243036,FALSE,"None","7 DPI"
"CHUK",0.000629722420445233,0.998925228541191,FALSE,"None","7 DPI"
"ATG10",-0.00640663112534146,0.998925228541191,FALSE,"None","7 DPI"
"IL1B",0.0356390032660787,0.985974838003927,FALSE,"None","7 DPI"
"ALOX15",0.0486752458496946,0.986290166373612,FALSE,"None","7 DPI"
"MKNK1",0.00981348912670477,0.998925228541191,FALSE,"None","7 DPI"
"NFKB2",-0.00349321273030689,0.998925228541191,FALSE,"None","7 DPI"
"CCR4",-0.0266086508498509,0.986526934243036,FALSE,"None","7 DPI"
"BCL10",-0.0392858069605602,0.986526934243036,FALSE,"None","7 DPI"
"MAP4K2",0.0123577987265087,0.998925228541191,FALSE,"None","7 DPI"
"CDC42",-0.069649917364595,0.892270457999228,FALSE,"None","7 DPI"
"TYROBP",-0.0336600290880007,0.986138944813804,FALSE,"None","7 DPI"
"GNLY",3.52497149493682,2.71655272327799e-05,TRUE,"Up","10 DPI"
"XBP1",2.16468636498817,3.15017578835847e-05,TRUE,"Up","10 DPI"
"CD38",1.84058196147413,9.54089595413035e-05,TRUE,"Up","10 DPI"
"GZMA",2.68248375506752,0.000383049991560388,TRUE,"Up","10 DPI"
"SLAMF7",1.78849623269084,0.000726903197598617,TRUE,"Up","10 DPI"
"IRF4",1.69045735262691,0.000830730073478779,TRUE,"Up","10 DPI"
"ISG20",1.38365251461961,0.000830730073478779,TRUE,"Up","10 DPI"
"C1QBP",1.79360103628202,0.00175484952607587,TRUE,"Up","10 DPI"
"TNFRSF17",1.85530721303956,0.00482682676497529,TRUE,"Up","10 DPI"
"TIGIT",1.32280617881843,0.00488627943953152,TRUE,"Up","10 DPI"
"CTSC",1.23077174801148,0.00536612523246364,TRUE,"Up","10 DPI"
"CASP10",1.03155016571881,0.0069001397121313,TRUE,"Up","10 DPI"
"PPIA",1.13261022887258,0.0069001397121313,TRUE,"Up","10 DPI"
"MIF",1.17774580724537,0.0077852521969529,TRUE,"Up","10 DPI"
"PSMB7",1.29510143117858,0.00916467516210991,TRUE,"Up","10 DPI"
"SLAMF6",1.23800267063558,0.0107256645176681,TRUE,"Up","10 DPI"
"KLRD1",1.68405814590269,0.0126184403492933,TRUE,"Up","10 DPI"
"FCER1A",2.17540737715852,0.0151200060185436,TRUE,"Up","10 DPI"
"PRF1",1.68022957963135,0.0165515032033591,TRUE,"Up","10 DPI"
"CXCR3",1.14043479337311,0.0184887925975332,TRUE,"Up","10 DPI"
"RARRES3",1.22276509654655,0.0197594833267564,TRUE,"Up","10 DPI"
"KLRF1",1.4476522689407,0.0241254534093368,TRUE,"Up","10 DPI"
"HPRT1",1.05928377997998,0.0241254534093368,TRUE,"Up","10 DPI"
"TUBB",1.32378380729304,0.0241254534093368,TRUE,"Up","10 DPI"
"CD2",1.04732312386278,0.0241254534093368,TRUE,"Up","10 DPI"
"ATG12",0.914416141598377,0.0241254534093368,FALSE,"None","10 DPI"
"CD27",1.0408743432623,0.0241254534093368,TRUE,"Up","10 DPI"
"CD6",1.15543936111496,0.0262606489230111,TRUE,"Up","10 DPI"
"IKZF3",1.27998647802162,0.0273978733627452,TRUE,"Up","10 DPI"
"TLR2",-1.36642721529998,0.030240097727658,TRUE,"Down","10 DPI"
"CFL1",0.810751488107268,0.0325451460024076,FALSE,"None","10 DPI"
"CD7",1.34551858010294,0.0340688355873055,TRUE,"Up","10 DPI"
"PSMC2",1.08776719385172,0.0341001176835919,TRUE,"Up","10 DPI"
"CCR5",1.26638871898511,0.0340688355873055,TRUE,"Up","10 DPI"
"IL2RB",1.26644232816023,0.0353300100154068,TRUE,"Up","10 DPI"
"GPI",1.20647443262127,0.0354068427574527,TRUE,"Up","10 DPI"
"CD8B",1.18720013000481,0.0365114559951269,TRUE,"Up","10 DPI"
"TBX21",1.06231611249899,0.0398120743493357,TRUE,"Up","10 DPI"
"GBP1",1.40319075473028,0.0437696227830792,TRUE,"Up","10 DPI"
"ANP32B",1.06381657077797,0.0440788028954674,TRUE,"Up","10 DPI"
"CX3CR1",1.30695007638021,0.0440788028954674,TRUE,"Up","10 DPI"
"PSMD7",0.942386668250308,0.0440788028954674,FALSE,"None","10 DPI"
"ITGAL",1.11007350387205,0.0455817181118767,TRUE,"Up","10 DPI"
"MS4A2",1.50605604099964,0.0440788028954674,TRUE,"Up","10 DPI"
"ILF3",0.980737417947706,0.0455817181118767,FALSE,"None","10 DPI"
"GZMB",1.11592377403114,0.0440788028954674,TRUE,"Up","10 DPI"
"GZMH",1.07352507667889,0.0531783439514344,FALSE,"None","10 DPI"
"SH2D1A",1.0492386511169,0.0580463084775994,FALSE,"None","10 DPI"
"CD19",0.967394873122435,0.058090041582897,FALSE,"None","10 DPI"
"KLRC1",0.82861517981222,0.058090041582897,FALSE,"None","10 DPI"
"PYCARD",0.895507467605089,0.0599296762636197,FALSE,"None","10 DPI"
"CD244",0.872042622698923,0.0599296762636197,FALSE,"None","10 DPI"
"ERCC3",0.660681637648918,0.0599296762636197,FALSE,"None","10 DPI"
"BCL2L11",0.786015971489934,0.0599296762636197,FALSE,"None","10 DPI"
"IRF3",0.997397134720993,0.0735177023962054,FALSE,"None","10 DPI"
"TNFAIP3",0.778324194748631,0.0716292845710605,FALSE,"None","10 DPI"
"ICAM2",0.972654859787715,0.0760756235747236,FALSE,"None","10 DPI"
"TARP",1.11108085866264,0.077485034764046,FALSE,"None","10 DPI"
"CD3D",0.952871962173941,0.077485034764046,FALSE,"None","10 DPI"
"ATG5",0.7281663250702,0.0793559821341635,FALSE,"None","10 DPI"
"PSMB10",0.700554526268832,0.0793559821341635,FALSE,"None","10 DPI"
"CCR2",0.949808516808816,0.0793559821341635,FALSE,"None","10 DPI"
"SLAMF1",0.732693521302296,0.0793559821341635,FALSE,"None","10 DPI"
"CD3G",1.07826381591142,0.0837377082294189,FALSE,"None","10 DPI"
"PRDM1",0.68395692090057,0.0829572382509061,FALSE,"None","10 DPI"
"APP",0.773159309888296,0.0916056347845034,FALSE,"None","10 DPI"
"OASL",0.747688647026314,0.0904761308525645,FALSE,"None","10 DPI"
"PTGS2",-1.42984041725544,0.0916056347845034,FALSE,"None","10 DPI"
"FLT3LG",0.79241281042043,0.0937366835602404,FALSE,"None","10 DPI"
"GZMK",1.15554382735813,0.0916056347845034,FALSE,"None","10 DPI"
"IL1R1",-1.00860484427247,0.0932620165922324,FALSE,"None","10 DPI"
"MAP2K6",0.663518430086239,0.0932620165922324,FALSE,"None","10 DPI"
"CTLA4",0.737841621926752,0.0932620165922324,FALSE,"None","10 DPI"
"BLNK",0.706318219915265,0.0991496299347438,FALSE,"None","10 DPI"
"MAP4K1",0.825861541001579,0.104820382014614,FALSE,"None","10 DPI"
"EIF2A",0.791295824296405,0.104820382014614,FALSE,"None","10 DPI"
"HDAC3",0.814386137848977,0.103415105366982,FALSE,"None","10 DPI"
"LCK",0.990841765012657,0.108397087575196,FALSE,"None","10 DPI"
"STAT4",0.71800523831967,0.104820382014614,FALSE,"None","10 DPI"
"CD3E",0.800781464178487,0.103415105366982,FALSE,"None","10 DPI"
"CD59",0.973439401028783,0.108473591230469,FALSE,"None","10 DPI"
"CSF3R",-1.12244453234312,0.111893183367343,FALSE,"None","10 DPI"
"GUSB",0.944309740808215,0.109215238855823,FALSE,"None","10 DPI"
"HMGB2",0.849844597286125,0.115384316709081,FALSE,"None","10 DPI"
"SMAD3",0.700545543823278,0.111893183367343,FALSE,"None","10 DPI"
"BST2",0.604163548710698,0.11291026264725,FALSE,"None","10 DPI"
"SHC1",0.710912078221625,0.11291026264725,FALSE,"None","10 DPI"
"CD86",0.643421954322528,0.11291026264725,FALSE,"None","10 DPI"
"S1PR1",0.846920316857261,0.124370448101106,FALSE,"None","10 DPI"
"NFATC3",0.925062486693486,0.124370448101106,FALSE,"None","10 DPI"
"IL2RG",1.01333866714418,0.124688430354032,FALSE,"None","10 DPI"
"BCL6",-0.923491985823375,0.12425917832282,FALSE,"None","10 DPI"
"CCR3",0.782888694339693,0.124657050007912,FALSE,"None","10 DPI"
"KLRK1",1.07830195470182,0.132970157908727,FALSE,"None","10 DPI"
"ICOS",0.677617441194227,0.124802644739454,FALSE,"None","10 DPI"
"BAX",0.806656127382533,0.138457164207926,FALSE,"None","10 DPI"
"CCL5",0.927660190140143,0.143432333987064,FALSE,"None","10 DPI"
"FCAR",-0.98958708088568,0.143432333987064,FALSE,"None","10 DPI"
"PTPN2",0.675006911755807,0.143432333987064,FALSE,"None","10 DPI"
"KLRG1",0.939901131623681,0.143432333987064,FALSE,"None","10 DPI"
"MAF",0.572162187148499,0.143432333987064,FALSE,"None","10 DPI"
"FOS",-1.32649411176221,0.143432333987064,FALSE,"None","10 DPI"
"CD79A",0.705379604586829,0.143432333987064,FALSE,"None","10 DPI"
"MAPK3",0.7180261891155,0.147053884778656,FALSE,"None","10 DPI"
"FCGR2A",-1.10753669550446,0.147053884778656,FALSE,"None","10 DPI"
"CD247",0.753449816427322,0.145022779833395,FALSE,"None","10 DPI"
"CEACAM8",-1.04908631380265,0.148586345098182,FALSE,"None","10 DPI"
"GPR183",0.707275833038643,0.150209108230387,FALSE,"None","10 DPI"
"KLRC3",0.84085782212169,0.149851255133467,FALSE,"None","10 DPI"
"FASLG",0.625097482362481,0.149851255133467,FALSE,"None","10 DPI"
"PTGER4",0.64946821023312,0.152327389517243,FALSE,"None","10 DPI"
"CASP2",0.706588973340043,0.149851255133467,FALSE,"None","10 DPI"
"CD5",0.609914024463419,0.149851255133467,FALSE,"None","10 DPI"
"PSMB8",0.488299061881673,0.149851255133467,FALSE,"None","10 DPI"
"CCND3",0.856092587521038,0.161460414867568,FALSE,"None","10 DPI"
"MAP3K1",0.670443132489547,0.161540957198497,FALSE,"None","10 DPI"
"MEF2D",0.506719729956151,0.153537143321955,FALSE,"None","10 DPI"
"EWSR1",0.851961583339062,0.161540957198497,FALSE,"None","10 DPI"
"JAK3",0.669080244534274,0.161540957198497,FALSE,"None","10 DPI"
"BCAP31",0.534146839145119,0.161540957198497,FALSE,"None","10 DPI"
"FCGR3",0.88686081214983,0.161540957198497,FALSE,"None","10 DPI"
"SDHA",0.721195392755262,0.161540957198497,FALSE,"None","10 DPI"
"IL12RB1",0.591629798047319,0.161540957198497,FALSE,"None","10 DPI"
"NUP107",0.492249666928734,0.161540957198497,FALSE,"None","10 DPI"
"KLRC2",0.994860111991876,0.161540957198497,FALSE,"None","10 DPI"
"PDCD2",0.6489402005252,0.161540957198497,FALSE,"None","10 DPI"
"LAG3",0.688813090437407,0.166087402123082,FALSE,"None","10 DPI"
"FCGR1A",-0.890466092509031,0.172141714021609,FALSE,"None","10 DPI"
"SMAD2",0.556598523214836,0.17366974627319,FALSE,"None","10 DPI"
"CXCR1",-1.08362119706284,0.177416809658152,FALSE,"None","10 DPI"
"MAPK1",0.735622673170097,0.186622216426366,FALSE,"None","10 DPI"
"PSMB5",0.523685661669948,0.17366974627319,FALSE,"None","10 DPI"
"IL7",0.611991753398205,0.17366974627319,FALSE,"None","10 DPI"
"CLU",0.557025310504699,0.171008761289196,FALSE,"None","10 DPI"
"CLEC4E",-0.772401612136264,0.177610668693571,FALSE,"None","10 DPI"
"CASP8",0.776786230890098,0.191902708357654,FALSE,"None","10 DPI"
"GRB2",0.630753607650732,0.192386160695681,FALSE,"None","10 DPI"
"NFATC2",0.674147819549089,0.177610668693571,FALSE,"None","10 DPI"
"TLR8",-0.67069763883779,0.186622216426366,FALSE,"None","10 DPI"
"ARHGDIB",0.555651071813871,0.17366974627319,FALSE,"None","10 DPI"
"FAS",0.619124862597269,0.195765663108686,FALSE,"None","10 DPI"
"BID",0.567775719476536,0.199468275891364,FALSE,"None","10 DPI"
"IRAK1",0.615408400128993,0.194093733605247,FALSE,"None","10 DPI"
"NCF4",-0.725661453931834,0.195765663108686,FALSE,"None","10 DPI"
"TBP",0.790057707895857,0.194778896043015,FALSE,"None","10 DPI"
"FKBP5",0.667100599694184,0.207068165606996,FALSE,"None","10 DPI"
"CMA1",0.930984847701498,0.195765663108686,FALSE,"None","10 DPI"
"TRAF6",0.606137027036289,0.198326598897051,FALSE,"None","10 DPI"
"CD97",0.694529626392564,0.212343615616038,FALSE,"None","10 DPI"
"IL12RB2",0.732754354662082,0.201946732470255,FALSE,"None","10 DPI"
"USP9Y",0.804994172528691,0.212343615616038,FALSE,"None","10 DPI"
"CYSLTR1",0.449811184678326,0.205550611453982,FALSE,"None","10 DPI"
"C3AR1",0.700550974953714,0.207068165606996,FALSE,"None","10 DPI"
"CD69",0.496359733036472,0.208743565357898,FALSE,"None","10 DPI"
"CFD",-0.682664852643224,0.212343615616038,FALSE,"None","10 DPI"
"DPP4",0.544344481225639,0.210574242774342,FALSE,"None","10 DPI"
"ITGB2",0.717642224932204,0.218936613188771,FALSE,"None","10 DPI"
"PML",0.502910083522945,0.210574242774342,FALSE,"None","10 DPI"
"MAP3K5",0.480059660802532,0.211257419921429,FALSE,"None","10 DPI"
"CXCR2",-1.01309853150204,0.217965940418462,FALSE,"None","10 DPI"
"TRAF1",0.44687247320497,0.212861063639884,FALSE,"None","10 DPI"
"BATF",0.420166407566869,0.212861063639884,FALSE,"None","10 DPI"
"CD81",0.551541785598582,0.224320165263301,FALSE,"None","10 DPI"
"THBS1",-0.597240815216363,0.218936613188771,FALSE,"None","10 DPI"
"SIGIRR",0.555368892877984,0.215041163838687,FALSE,"None","10 DPI"
"BTK",0.577097311353972,0.214991322482701,FALSE,"None","10 DPI"
"CD58",0.718449624959158,0.226956862157324,FALSE,"None","10 DPI"
"TGFB1",0.448311894947784,0.218936613188771,FALSE,"None","10 DPI"
"TNFSF12",0.444388356550053,0.217965940418462,FALSE,"None","10 DPI"
"CHUK",0.624746297422989,0.217965940418462,FALSE,"None","10 DPI"
"REPS1",0.507176129188145,0.2242644706405,FALSE,"None","10 DPI"
"RIPK1",0.495897429281669,0.22352704937959,FALSE,"None","10 DPI"
"MYD88",0.51412717715135,0.229559649412863,FALSE,"None","10 DPI"
"ADA",0.604552258174359,0.226956862157324,FALSE,"None","10 DPI"
"ETS1",0.590203218299196,0.224513845150605,FALSE,"None","10 DPI"
"TGFBR2",0.679720793183803,0.24395355500162,FALSE,"None","10 DPI"
"ATF2",0.502675346493346,0.236124385729944,FALSE,"None","10 DPI"
"CLEC4A",-0.717754058999185,0.236124385729944,FALSE,"None","10 DPI"
"FADD",0.479733054588166,0.229559649412863,FALSE,"None","10 DPI"
"CCRL2",-0.791901896624465,0.238668286633618,FALSE,"None","10 DPI"
"IGF2R",-0.58760815521074,0.242047062889247,FALSE,"None","10 DPI"
"CEACAM1",0.515064952457163,0.236124385729944,FALSE,"None","10 DPI"
"CD79B",0.456593133773497,0.236809499976117,FALSE,"None","10 DPI"
"GNAQ",-0.45375573964229,0.256228587655149,FALSE,"None","10 DPI"
"MAP2K4",0.734180546774132,0.254854535451382,FALSE,"None","10 DPI"
"CSF1",0.517245938751635,0.238668286633618,FALSE,"None","10 DPI"
"EOMES",0.66128171994176,0.238668286633618,FALSE,"None","10 DPI"
"TIRAP",0.57378117978577,0.23905608444993,FALSE,"None","10 DPI"
"TYK2",0.464998720032876,0.25894035623186,FALSE,"None","10 DPI"
"CD1C",0.766378690368102,0.25894035623186,FALSE,"None","10 DPI"
"ATM",0.656645835616557,0.275191813306886,FALSE,"None","10 DPI"
"TRADD",0.565365028596137,0.25894035623186,FALSE,"None","10 DPI"
"MAPK8",0.513951657742931,0.25894035623186,FALSE,"None","10 DPI"
"C14orf166",0.504505875471406,0.275191813306886,FALSE,"None","10 DPI"
"CD164",0.56130573265227,0.29016824714382,FALSE,"None","10 DPI"
"MALT1",0.50644431022039,0.278478450357499,FALSE,"None","10 DPI"
"B2M",0.360408136315103,0.221193972780348,FALSE,"None","10 DPI"
"BCL2",0.475717955519355,0.275191813306886,FALSE,"None","10 DPI"
"IKBKE",0.499278580908881,0.275191813306886,FALSE,"None","10 DPI"
"ITGB1",0.713137133336897,0.286636513049357,FALSE,"None","10 DPI"
"RPS6KA5",0.415245668076519,0.275191813306886,FALSE,"None","10 DPI"
"ZAP70",0.871464280265127,0.275191813306886,FALSE,"None","10 DPI"
"CXCR4",-0.529604766837275,0.299237895697225,FALSE,"None","10 DPI"
"KIR3DL2",0.75131271951209,0.281007921558292,FALSE,"None","10 DPI"
"IL16",0.671410961002683,0.317501354004178,FALSE,"None","10 DPI"
"ITGA4",0.420676090335878,0.283956968669128,FALSE,"None","10 DPI"
"GFI1",0.600943813002463,0.292881367688246,FALSE,"None","10 DPI"
"NOD1",0.462302899018037,0.292881367688246,FALSE,"None","10 DPI"
"ARG2",-0.801199931152874,0.319399333160875,FALSE,"None","10 DPI"
"CD8A",0.619606423737019,0.303024859775249,FALSE,"None","10 DPI"
"IKZF1",0.380900455540223,0.325648786332412,FALSE,"None","10 DPI"
"NR3C1",0.467409809834608,0.325648786332412,FALSE,"None","10 DPI"
"TGFB2",0.374693248079926,0.309284149977287,FALSE,"None","10 DPI"
"OAS1",0.449364974158149,0.319399333160875,FALSE,"None","10 DPI"
"PDGFB",0.52994438967356,0.315312460619494,FALSE,"None","10 DPI"
"BCL3",-0.536455959173851,0.325648786332412,FALSE,"None","10 DPI"
"CD96",0.611077634777862,0.331919515817226,FALSE,"None","10 DPI"
"IL1B",-0.461517485806193,0.325648786332412,FALSE,"None","10 DPI"
"LTB",0.507236305228595,0.342552037034085,FALSE,"None","10 DPI"
"IFI35",0.404155988054473,0.330642919817133,FALSE,"None","10 DPI"
"TRIM39",0.441940063774607,0.330642919817133,FALSE,"None","10 DPI"
"PECAM1",0.485523101794035,0.342552037034085,FALSE,"None","10 DPI"
"HRAS",0.50694576293766,0.331919515817226,FALSE,"None","10 DPI"
"MAP3K7",0.445457085325275,0.331919515817226,FALSE,"None","10 DPI"
"CUL9",0.491739411301738,0.333806824000029,FALSE,"None","10 DPI"
"HMGB1",-0.435419161532355,0.279367453287668,FALSE,"None","10 DPI"
"DAXX",0.392710822294539,0.331919515817226,FALSE,"None","10 DPI"
"SKI",0.326585751426166,0.334895389254745,FALSE,"None","10 DPI"
"STAT1",-0.350599163284203,0.352971807706252,FALSE,"None","10 DPI"
"TAPBP",0.376668036337735,0.353955502124436,FALSE,"None","10 DPI"
"STAT5A",0.362509173480671,0.343308961170424,FALSE,"None","10 DPI"
"SIRPA",-0.633536273007202,0.353955502124436,FALSE,"None","10 DPI"
"ALOX15",0.785567987253769,0.340799853921781,FALSE,"None","10 DPI"
"PSMB9",0.534455510771943,0.361089438783418,FALSE,"None","10 DPI"
"CSF2RB",-0.562718537933767,0.346547037575823,FALSE,"None","10 DPI"
"IL11RA",0.50101452031302,0.342552037034085,FALSE,"None","10 DPI"
"CD99",0.400265346780046,0.331919515817226,FALSE,"None","10 DPI"
"IRF7",-0.511187924609497,0.342772286653141,FALSE,"None","10 DPI"
"IL10RB",0.525983377617475,0.361089438783418,FALSE,"None","10 DPI"
"SMAD7",0.476085975453082,0.351150607574338,FALSE,"None","10 DPI"
"FCER1G",-0.48073623157743,0.342772286653141,FALSE,"None","10 DPI"
"C10orf54",-0.393905099626886,0.361089438783418,FALSE,"None","10 DPI"
"HLA-DQB1",0.558554575079757,0.361089438783418,FALSE,"None","10 DPI"
"MEF2C",0.436614760601009,0.353955502124436,FALSE,"None","10 DPI"
"NFKB1",0.439540132105865,0.360489520083329,FALSE,"None","10 DPI"
"TNFRSF14",0.461969251203951,0.353955502124436,FALSE,"None","10 DPI"
"TCF7",0.449004856701712,0.35798928238277,FALSE,"None","10 DPI"
"POLR2A",0.388645544901863,0.366377600109667,FALSE,"None","10 DPI"
"CD44",0.637070198730381,0.361089438783418,FALSE,"None","10 DPI"
"MAPKAPK2",0.376529746398288,0.358851335944259,FALSE,"None","10 DPI"
"PTGS1",0.488202578062061,0.358851335944259,FALSE,"None","10 DPI"
"ABCF1",0.402096159456055,0.360139973317745,FALSE,"None","10 DPI"
"NFE2L2",0.504950739857625,0.386799609780346,FALSE,"None","10 DPI"
"TRAF4",0.438978370843703,0.361089438783418,FALSE,"None","10 DPI"
"STAT6",0.446626836775227,0.379866757027125,FALSE,"None","10 DPI"
"TNF",0.429767736011565,0.366377600109667,FALSE,"None","10 DPI"
"MEF2A",0.398746808805348,0.36430740087808,FALSE,"None","10 DPI"
"FN1",0.613251899497444,0.38228077999188,FALSE,"None","10 DPI"
"IKZF2",0.599244863633457,0.361089438783418,FALSE,"None","10 DPI"
"S100A8",-0.879104950471742,0.35803188175939,FALSE,"None","10 DPI"
"TNFSF10",0.429579415436893,0.369164420157246,FALSE,"None","10 DPI"
"TNFSF14",0.476107555652285,0.369164420157246,FALSE,"None","10 DPI"
"IL1R2",-0.805436402344807,0.38228077999188,FALSE,"None","10 DPI"
"IKBKB",0.400126727704224,0.369164420157246,FALSE,"None","10 DPI"
"TRAF2",0.429767736011565,0.379866757027125,FALSE,"None","10 DPI"
"ITLN1",0.460008810624196,0.380410388118552,FALSE,"None","10 DPI"
"IDO1",-0.594747677262102,0.394163902896318,FALSE,"None","10 DPI"
"POU2F2",0.312205895224821,0.379866757027125,FALSE,"None","10 DPI"
"LAIR1",0.687967569765721,0.401722138552261,FALSE,"None","10 DPI"
"S100A9",-0.788694941288993,0.345694351505687,FALSE,"None","10 DPI"
"IFNG",0.452512290020925,0.38228077999188,FALSE,"None","10 DPI"
"CD40",0.413000412961702,0.383621239586451,FALSE,"None","10 DPI"
"XCL1",0.481223963032479,0.38847799347994,FALSE,"None","10 DPI"
"CCR1",-0.447681764276393,0.38847799347994,FALSE,"None","10 DPI"
"IFIH1",0.473583116409189,0.40127835593447,FALSE,"None","10 DPI"
"RHOA",0.297380642595359,0.415730592530825,FALSE,"None","10 DPI"
"MS4A1",0.435855770776742,0.415730592530825,FALSE,"None","10 DPI"
"MAP4K4",0.371196586875145,0.38228077999188,FALSE,"None","10 DPI"
"IRAK4",0.31596219139261,0.393442979317836,FALSE,"None","10 DPI"
"RELA",0.384017321465906,0.39976025834966,FALSE,"None","10 DPI"
"KLRB1",0.530569038775057,0.401722138552261,FALSE,"None","10 DPI"
"FYN",0.386914303218814,0.41124027129562,FALSE,"None","10 DPI"
"PRKCA",0.337911326090389,0.401722138552261,FALSE,"None","10 DPI"
"BIRC2",0.341266815649371,0.423961451788712,FALSE,"None","10 DPI"
"HSH2D",0.30662535039993,0.413106448772182,FALSE,"None","10 DPI"
"HLA-DMB",0.501257833729889,0.413106448772182,FALSE,"None","10 DPI"
"IL18",0.391135630667122,0.415730592530825,FALSE,"None","10 DPI"
"ATG10",0.265604488269848,0.415730592530825,FALSE,"None","10 DPI"
"CD40LG",0.297604354971472,0.415730592530825,FALSE,"None","10 DPI"
"SYK",0.431368524526981,0.454757053535593,FALSE,"None","10 DPI"
"TRAF5",0.480755292035665,0.416222261580726,FALSE,"None","10 DPI"
"LILRA3",-0.625734611010209,0.449427192771954,FALSE,"None","10 DPI"
"ZEB1",0.404564825706863,0.428429400329613,FALSE,"None","10 DPI"
"MAPKAPK5",0.346990390745542,0.423961451788712,FALSE,"None","10 DPI"
"STAT2",0.41931663131046,0.436272323106222,FALSE,"None","10 DPI"
"IL6R",-0.435595582703902,0.453705489035659,FALSE,"None","10 DPI"
"MAFG",0.33961655579532,0.428429400329613,FALSE,"None","10 DPI"
"CMKLR1",0.386167876074076,0.436272323106222,FALSE,"None","10 DPI"
"CREB1",0.367938162144871,0.470993851427767,FALSE,"None","10 DPI"
"TMEM173",0.308928006274145,0.433520110498406,FALSE,"None","10 DPI"
"CD80",0.392810165668375,0.436272323106222,FALSE,"None","10 DPI"
"IFNAR1",0.285444238383355,0.433520110498406,FALSE,"None","10 DPI"
"IRAK2",0.348480830833826,0.436272323106222,FALSE,"None","10 DPI"
"PTAFR",-0.419907235460791,0.445030850608208,FALSE,"None","10 DPI"
"TLR5",-0.37217854802374,0.436272323106222,FALSE,"None","10 DPI"
"JAK2",0.371438811949014,0.474565101158209,FALSE,"None","10 DPI"
"CCR6",0.410194471390613,0.445030850608208,FALSE,"None","10 DPI"
"NFKBIA",0.395115016374094,0.480009095517229,FALSE,"None","10 DPI"
"CISH",0.425890939832104,0.453705489035659,FALSE,"None","10 DPI"
"RELB",0.419445986250836,0.454030984235191,FALSE,"None","10 DPI"
"APOE",0.44115950196565,0.457044369341327,FALSE,"None","10 DPI"
"IL18R1",0.420158392100551,0.45720325348652,FALSE,"None","10 DPI"
"HIF1A",0.348828300167122,0.473036363543977,FALSE,"None","10 DPI"
"CD47",0.255243059329358,0.449427192771954,FALSE,"None","10 DPI"
"TLR1",-0.392550153189964,0.479630447450507,FALSE,"None","10 DPI"
"PTPN22",0.376888675585562,0.473036363543977,FALSE,"None","10 DPI"
"SOCS1",0.494985149850485,0.463926690022767,FALSE,"None","10 DPI"
"AHR",-0.327636974172242,0.458238478373521,FALSE,"None","10 DPI"
"CXCR6",0.441471531636637,0.467132146402183,FALSE,"None","10 DPI"
"CD28",0.365496441253755,0.461536735564905,FALSE,"None","10 DPI"
"MAP2K1",0.450090801947646,0.461536735564905,FALSE,"None","10 DPI"
"SELL",-0.382940095473861,0.428429400329613,FALSE,"None","10 DPI"
"ENTPD1",0.359966909203387,0.473036363543977,FALSE,"None","10 DPI"
"IL1RAP",-0.443104280358094,0.484245128731343,FALSE,"None","10 DPI"
"SIGLEC1",0.425890939832104,0.475520959770505,FALSE,"None","10 DPI"
"HLA-A",0.689792525381504,0.473036363543977,FALSE,"None","10 DPI"
"CD83",0.307504413634627,0.473036363543977,FALSE,"None","10 DPI"
"CXCL11",0.425890939832104,0.48203433999167,FALSE,"None","10 DPI"
"C2",0.425890939832104,0.48203433999167,FALSE,"None","10 DPI"
"CFP",-0.337619364738616,0.497726333914774,FALSE,"None","10 DPI"
"IFI16",0.256508377206421,0.473036363543977,FALSE,"None","10 DPI"
"CD14",-0.425102522198401,0.484245128731343,FALSE,"None","10 DPI"
"CD46",0.279681452739656,0.517297486978931,FALSE,"None","10 DPI"
"MME",-0.489043130110797,0.484245128731343,FALSE,"None","10 DPI"
"TAGAP",0.356611872896391,0.52573146927924,FALSE,"None","10 DPI"
"RIPK2",0.261639777439391,0.48203433999167,FALSE,"None","10 DPI"
"ALAS1",0.264906282786828,0.48203433999167,FALSE,"None","10 DPI"
"RNASEL",0.384278644796328,0.484245128731343,FALSE,"None","10 DPI"
"CXCL10",0.563633689280474,0.484245128731343,FALSE,"None","10 DPI"
"ITGAX",-0.371589876976432,0.484245128731343,FALSE,"None","10 DPI"
"TFRC",0.338163211053579,0.483193270063168,FALSE,"None","10 DPI"
"GP1BB",0.304765913203719,0.512716656771783,FALSE,"None","10 DPI"
"TNFRSF13C",0.353662220022223,0.484357635325441,FALSE,"None","10 DPI"
"MAP4K2",0.397998005366543,0.484245128731343,FALSE,"None","10 DPI"
"C9",0.384571735105837,0.484357635325441,FALSE,"None","10 DPI"
"CD48",0.301868371190379,0.473036363543977,FALSE,"None","10 DPI"
"HLA-DPB1",0.372463860466544,0.535771085001315,FALSE,"None","10 DPI"
"PTK2",0.349513279285997,0.534621196654899,FALSE,"None","10 DPI"
"MYC",0.29032371079925,0.484245128731343,FALSE,"None","10 DPI"
"ITGA6",0.342619722397161,0.484245128731343,FALSE,"None","10 DPI"
"IL1RN",-0.402316969167434,0.484357635325441,FALSE,"None","10 DPI"
"C4A",0.364942347786671,0.484357635325441,FALSE,"None","10 DPI"
"TAP2",0.259995233568078,0.484245128731343,FALSE,"None","10 DPI"
"SERPING1",0.425890939832104,0.492951473405909,FALSE,"None","10 DPI"
"IL8",-0.715466603864243,0.52523650948571,FALSE,"None","10 DPI"
"IFNGR1",-0.44577837568084,0.53771353857752,FALSE,"None","10 DPI"
"DOCK9",0.326587276367801,0.497726333914774,FALSE,"None","10 DPI"
"PPP1R12B",0.320454268176842,0.504930181688742,FALSE,"None","10 DPI"
"GTF3C1",0.33968123873272,0.505029876303026,FALSE,"None","10 DPI"
"CTSS",-0.339808248776155,0.484245128731343,FALSE,"None","10 DPI"
"IL29",0.317961152458484,0.520650277771163,FALSE,"None","10 DPI"
"MCL1",-0.252747567741972,0.488702420591423,FALSE,"None","10 DPI"
"CXCL3",-0.306517692092795,0.519478412452986,FALSE,"None","10 DPI"
"ELK1",0.336804513683235,0.52523650948571,FALSE,"None","10 DPI"
"HLA-DMA",0.302074446333833,0.585737068163595,FALSE,"None","10 DPI"
"IFNAR2",0.296828830554936,0.52573146927924,FALSE,"None","10 DPI"
"CD24",-0.341965383150611,0.527153321170024,FALSE,"None","10 DPI"
"JUN",0.265317708598165,0.532563979693292,FALSE,"None","10 DPI"
"LITAF",-0.381137338635867,0.593347184432292,FALSE,"None","10 DPI"
"EGR1",0.274459532401777,0.532912157861939,FALSE,"None","10 DPI"
"C4BPA",-0.410409648029642,0.585737068163595,FALSE,"None","10 DPI"
"IFIT1",0.40806949327713,0.61422997723677,FALSE,"None","10 DPI"
"TNFRSF1B",0.264459941955893,0.585737068163595,FALSE,"None","10 DPI"
"IRF8",-0.214963100462726,0.551589893013422,FALSE,"None","10 DPI"
"CDKN1A",0.322615030160317,0.551831346618536,FALSE,"None","10 DPI"
"GNAS",0.207738095127398,0.521063353974293,FALSE,"None","10 DPI"
"RUNX1",0.272811426353266,0.593347184432292,FALSE,"None","10 DPI"
"NOTCH2",0.250700241339795,0.620165627895385,FALSE,"None","10 DPI"
"ROCK2",0.203101065256321,0.562196024633206,FALSE,"None","10 DPI"
"TLR6",-0.2866924198016,0.611001098600263,FALSE,"None","10 DPI"
"IKBKAP",0.26246902401386,0.577917499637099,FALSE,"None","10 DPI"
"MX2",-0.258144428884998,0.643803122336269,FALSE,"None","10 DPI"
"CXCL6",0.334600690050441,0.585737068163595,FALSE,"None","10 DPI"
"LTBR",0.263149516220777,0.585737068163595,FALSE,"None","10 DPI"
"SRC",0.243110577320162,0.588118808244289,FALSE,"None","10 DPI"
"CD68",-0.270679715485642,0.631467507398957,FALSE,"None","10 DPI"
"DEFA1",-0.36873588500671,0.585737068163595,FALSE,"None","10 DPI"
"C5aR1",-0.318507693746429,0.585737068163595,FALSE,"None","10 DPI"
"ICAM1",0.281607797608666,0.582947810889407,FALSE,"None","10 DPI"
"CR1",0.262408778106701,0.588118808244289,FALSE,"None","10 DPI"
"CASP3",-0.201951486094863,0.592299278104489,FALSE,"None","10 DPI"
"MR1",0.299856569166096,0.591768587485634,FALSE,"None","10 DPI"
"TRAF3",0.259960659711834,0.585737068163595,FALSE,"None","10 DPI"
"IFIT3",-0.404640012696388,0.654830155059811,FALSE,"None","10 DPI"
"NFATC1",0.204026111891855,0.585737068163595,FALSE,"None","10 DPI"
"ITGAM",0.252057653864577,0.625738229074047,FALSE,"None","10 DPI"
"CD36",-0.360461513922334,0.590388055998116,FALSE,"None","10 DPI"
"CEBPB",-0.339912724233011,0.666010656622752,FALSE,"None","10 DPI"
"STAT3",0.25148142152138,0.679349141675028,FALSE,"None","10 DPI"
"CD1D",0.221367267853122,0.590388055998116,FALSE,"None","10 DPI"
"TAL1",0.282959328808969,0.631130073451062,FALSE,"None","10 DPI"
"CD9",-0.331074056385155,0.582947810889407,FALSE,"None","10 DPI"
"TLR4",-0.314152662947357,0.673476043591756,FALSE,"None","10 DPI"
"EIF2AK2",0.220657713074395,0.593347184432292,FALSE,"None","10 DPI"
"TP53",0.248800410960146,0.61422997723677,FALSE,"None","10 DPI"
"ITGA5",-0.243177918704703,0.698505158192793,FALSE,"None","10 DPI"
"IRF5",0.177631031658793,0.608076956103584,FALSE,"None","10 DPI"
"LCP2",-0.162775613652705,0.61422997723677,FALSE,"None","10 DPI"
"F13A1",-0.23360544428315,0.651118376317823,FALSE,"None","10 DPI"
"TNFSF13B",0.256564331416602,0.631130073451062,FALSE,"None","10 DPI"
"G6PD",0.16500832549086,0.612472495418045,FALSE,"None","10 DPI"
"C1QB",0.384927848580738,0.62702847167344,FALSE,"None","10 DPI"
"ALOX5",0.240112027631331,0.625392435569841,FALSE,"None","10 DPI"
"CD274",0.247227339524583,0.719544864193973,FALSE,"None","10 DPI"
"PPBP",-0.494188870805701,0.490106547225413,FALSE,"None","10 DPI"
"CLEC7A",-0.258270455488349,0.710203593316446,FALSE,"None","10 DPI"
"KCNJ2",-0.279939587176541,0.698505158192793,FALSE,"None","10 DPI"
"CAMP",-0.328436341483672,0.698641356786262,FALSE,"None","10 DPI"
"TYROBP",-0.253682722361166,0.601619136585708,FALSE,"None","10 DPI"
"STAT5B",0.166456378002918,0.762811077372624,FALSE,"None","10 DPI"
"PLCB1",0.220855145266661,0.653134757957095,FALSE,"None","10 DPI"
"IRF1",-0.149138078048434,0.698641356786262,FALSE,"None","10 DPI"
"FPR2",0.245239402737496,0.651118376317823,FALSE,"None","10 DPI"
"CASP1",0.174232960717667,0.77640459227856,FALSE,"None","10 DPI"
"IL6ST",0.198108296542326,0.676913106532133,FALSE,"None","10 DPI"
"CARD9",0.254294561349784,0.674921198956108,FALSE,"None","10 DPI"
"TGFBI",-0.206763956175996,0.698505158192793,FALSE,"None","10 DPI"
"IL17RA",-0.187089418664456,0.727613020549432,FALSE,"None","10 DPI"
"BTLA",0.266660819415649,0.675859770956123,FALSE,"None","10 DPI"
"NOD2",-0.167465915062834,0.710881840017012,FALSE,"None","10 DPI"
"PRKCD",0.181710334372916,0.730019159405438,FALSE,"None","10 DPI"
"NLRP3",0.199216396206425,0.698641356786262,FALSE,"None","10 DPI"
"TOLLIP",0.170108155410313,0.698641356786262,FALSE,"None","10 DPI"
"JAK1",0.106316966985519,0.778566525696698,FALSE,"None","10 DPI"
"TCF4",0.162447394149158,0.687647734007795,FALSE,"None","10 DPI"
"IL13RA1",-0.185880072954834,0.710881840017012,FALSE,"None","10 DPI"
"NFKB2",0.194243512438777,0.698641356786262,FALSE,"None","10 DPI"
"MMP9",-0.193044375629205,0.851594996987256,FALSE,"None","10 DPI"
"SLC2A1",0.181088380237219,0.710881840017012,FALSE,"None","10 DPI"
"BCL10",0.260899709928053,0.710203593316446,FALSE,"None","10 DPI"
"NFIL3",0.190303916481403,0.710881840017012,FALSE,"None","10 DPI"
"CD53",0.11885558991292,0.710203593316446,FALSE,"None","10 DPI"
"IFNGR2",-0.120056395361189,0.833497784981094,FALSE,"None","10 DPI"
"RAC1",-0.055023506324261,0.909849138807464,FALSE,"None","10 DPI"
"NCR1",0.176490350288185,0.735286522292361,FALSE,"None","10 DPI"
"ITGA2B",0.111897652648274,0.830487895443662,FALSE,"None","10 DPI"
"OAS2",0.0417577803276181,0.936381948084608,FALSE,"None","10 DPI"
"HLA-DQA1",-0.186513852536564,0.866183910182465,FALSE,"None","10 DPI"
"TBK1",0.10979908834231,0.729221431324628,FALSE,"None","10 DPI"
"IRAK3",0.0447575046750064,0.949354279222421,FALSE,"None","10 DPI"
"TGFBR1",0.0461172769009224,0.929876551226123,FALSE,"None","10 DPI"
"CD55",-0.254697890197638,0.666010656622752,FALSE,"None","10 DPI"
"IL10RA",-0.0219165875624512,0.956617471725238,FALSE,"None","10 DPI"
"LTF",-0.200296463099502,0.770089863972031,FALSE,"None","10 DPI"
"IL21R",0.173897022552756,0.766102630228482,FALSE,"None","10 DPI"
"UBE2L3",-0.0584021695068131,0.875794241167905,FALSE,"None","10 DPI"
"CSF1R",0.126645649985923,0.830077557641387,FALSE,"None","10 DPI"
"CD22",0.14803722565089,0.77640459227856,FALSE,"None","10 DPI"
"PRKCB",0.032172339611078,0.935007991967165,FALSE,"None","10 DPI"
"IL9",0.280882366588139,0.770229807976154,FALSE,"None","10 DPI"
"IFIT2",0.132153528335895,0.877660986873442,FALSE,"None","10 DPI"
"SELPLG",0.0522192073439314,0.932867118525049,FALSE,"None","10 DPI"
"ICAM4",-0.0254964463321148,0.975032823353869,FALSE,"None","10 DPI"
"ATG7",0.134753742698131,0.784566243886596,FALSE,"None","10 DPI"
"CD1A",0.126455364025899,0.806346906353202,FALSE,"None","10 DPI"
"OAS3",0.139042357236714,0.797967210367533,FALSE,"None","10 DPI"
"UBB",-0.19103882733917,0.49941761633364,FALSE,"None","10 DPI"
"MKNK1",0.0922768926271091,0.801015482567537,FALSE,"None","10 DPI"
"CD163",-0.120239058795609,0.819543675549393,FALSE,"None","10 DPI"
"CD82",-0.0135528049086098,0.977996164479042,FALSE,"None","10 DPI"
"CIITA",-0.112417350686896,0.814320885555157,FALSE,"None","10 DPI"
"LY96",0.134997934498472,0.841916745964406,FALSE,"None","10 DPI"
"HDAC4",0.0885529176599036,0.815328484864452,FALSE,"None","10 DPI"
"IFI44",0.186531849365544,0.845584472482765,FALSE,"None","10 DPI"
"SOCS3",-0.112355728971733,0.817647017400181,FALSE,"None","10 DPI"
"CCR4",-0.116488644904345,0.818002907917869,FALSE,"None","10 DPI"
"AKT3",0.161689684869174,0.727613020549432,FALSE,"None","10 DPI"
"DDX58",0.121006937661211,0.830077557641387,FALSE,"None","10 DPI"
"HLA-C",0.132534620242406,0.860496937296657,FALSE,"None","10 DPI"
"HLA-DRB1",-0.109612066581482,0.784566243886596,FALSE,"None","10 DPI"
"DDX50",0.192270391869336,0.62702847167344,FALSE,"None","10 DPI"
"GNB1",0.0859461176877865,0.817200801720871,FALSE,"None","10 DPI"
"IDO2",-0.153218737077903,0.860496937296657,FALSE,"None","10 DPI"
"LILRB2",0.136018772774643,0.835257827988431,FALSE,"None","10 DPI"
"CYBB",0.0263250522158671,0.956450681052755,FALSE,"None","10 DPI"
"NFKBIZ",0.0718641208560715,0.868591332124471,FALSE,"None","10 DPI"
"NOTCH1",-0.0747626298677257,0.85471131590668,FALSE,"None","10 DPI"
"CCR7",0.0961986476272472,0.870504888010181,FALSE,"None","10 DPI"
"FCGRT",0.0946657291574731,0.887336451712863,FALSE,"None","10 DPI"
"HSPB1",-0.136822338742399,0.863221723716549,FALSE,"None","10 DPI"
"MAX",0.0825313782019297,0.801015482567537,FALSE,"None","10 DPI"
"MAPK14",0.0916879763028877,0.869142523021451,FALSE,"None","10 DPI"
"LILRA5",-0.0944296353861551,0.872593425374536,FALSE,"None","10 DPI"
"PTPN6",-0.00200371850367276,0.995482844372926,FALSE,"None","10 DPI"
"HLA-DPA1",-0.124435047361345,0.875794241167905,FALSE,"None","10 DPI"
"ICAM3",-0.0248604060056064,0.953625656217824,FALSE,"None","10 DPI"
"FCGR2B",0.0693453427819746,0.894713216454202,FALSE,"None","10 DPI"
"LILRA2",0.060073255660237,0.949354279222421,FALSE,"None","10 DPI"
"LEF1",0.0432421044996882,0.935631522980236,FALSE,"None","10 DPI"
"DDIT3",-0.0414884073442554,0.929876551226123,FALSE,"None","10 DPI"
"IL18RAP",-0.0605092057555296,0.935631522980236,FALSE,"None","10 DPI"
"LILRB3",0.0553308185007095,0.929876551226123,FALSE,"None","10 DPI"
"CTNNB1",0.0153769432394739,0.975032823353869,FALSE,"None","10 DPI"
"TNFSF8",0.0386563914946887,0.914307801116265,FALSE,"None","10 DPI"
"PLAUR",-0.0388553083446332,0.936381948084608,FALSE,"None","10 DPI"
"TNFSF13",-0.0621860598152191,0.929876551226123,FALSE,"None","10 DPI"
"RAF1",0.0367458855351472,0.929876551226123,FALSE,"None","10 DPI"
"MX1",-0.0375709275767129,0.957045192829895,FALSE,"None","10 DPI"
"LGALS3",0.0146563047877475,0.972402621262966,FALSE,"None","10 DPI"
"IL7R",0.0534543277971604,0.910695110558956,FALSE,"None","10 DPI"
"IL15",0.00696358048450563,0.982579242930843,FALSE,"None","10 DPI"
"C5",0.171303782264427,0.801015482567537,FALSE,"None","10 DPI"
"CD74",-0.12955725723717,0.762811077372624,FALSE,"None","10 DPI"
"PTPRC",0.0769587833799186,0.818002907917869,FALSE,"None","10 DPI"
"TAP1",0.0108184623714251,0.975032823353869,FALSE,"None","10 DPI"
"CDC42",-0.0412731631484125,0.886940777648975,FALSE,"None","10 DPI"
"HLA-B",0.0657955475203362,0.908008121457261,FALSE,"None","10 DPI"
"IFITM1",0.0322364839875888,0.935631522980236,FALSE,"None","10 DPI"
"HLA-DRA",-0.0671335248472857,0.875794241167905,FALSE,"None","10 DPI"
"BCL2L1",-0.0777628585082688,0.870504888010181,FALSE,"None","10 DPI"
"OAZ1",0.149716739211723,0.643803122336269,FALSE,"None","10 DPI"
